r11647
r11650
  -empty_dir: branches/qmmp-1.7/src/qmmp/qmmptextcodec.cpp
  -empty_dir: branches/qmmp-1.7/src/qmmp/qmmptextcodec.h
r11651
r11652
r11654
r11655
r11658
r11659
r11660
r11661
  -empty_dir: branches/qmmp-1.7/src/app/qmmp-dir.desktop
  -empty_dir: branches/qmmp-1.7/src/app/qmmp-enqueue.desktop
  -empty_dir: branches/qmmp-1.7/src/app/qmmp-opencda.desktop
  -empty_dir: branches/qmmp-1.7/src/app/qmmp.desktop
  +file_prop: branches/qmmp-1.7/src/app/images/128x128/qmmp-1.png svn:mime-type application/octet-stream
  +file_prop: branches/qmmp-1.7/src/app/images/16x16/qmmp-1.png svn:mime-type application/octet-stream
  +file_prop: branches/qmmp-1.7/src/app/images/256x256/qmmp-1.png svn:mime-type application/octet-stream
  +file_prop: branches/qmmp-1.7/src/app/images/32x32/qmmp-1.png svn:mime-type application/octet-stream
  +file_prop: branches/qmmp-1.7/src/app/images/48x48/qmmp-1.png svn:mime-type application/octet-stream
  +file_prop: branches/qmmp-1.7/src/app/images/56x56/qmmp-1.png svn:mime-type application/octet-stream
  +file_prop: branches/qmmp-1.7/src/app/images/64x64/qmmp-1.png svn:mime-type application/octet-stream
  +file_prop: branches/qmmp-1.7/src/app/images/ico/qmmp.ico svn:mime-type application/octet-stream
  +file_prop: branches/qmmp-1.7/src/app/images/ico/qmmp_file.ico svn:mime-type application/octet-stream
  +file_prop: branches/qmmp-1.7/src/app/images/scalable/qmmp-1.svgz svn:mime-type application/octet-stream
  +file_prop: branches/qmmp-1.7/src/app/images/scalable/qmmp-simple-1.svgz svn:mime-type application/octet-stream
r11663
r11665
r11666
r11668
  -empty_dir: branches/qmmp-1.7/src/plugins/General/taskbar/qwinevent.cpp
  -empty_dir: branches/qmmp-1.7/src/plugins/General/taskbar/qwinevent.h
  -empty_dir: branches/qmmp-1.7/src/plugins/General/taskbar/qwineventfilter.cpp
  -empty_dir: branches/qmmp-1.7/src/plugins/General/taskbar/qwineventfilter_p.h
  -empty_dir: branches/qmmp-1.7/src/plugins/General/taskbar/qwintaskbarbutton.cpp
  -empty_dir: branches/qmmp-1.7/src/plugins/General/taskbar/qwintaskbarbutton.h
  -empty_dir: branches/qmmp-1.7/src/plugins/General/taskbar/qwintaskbarbutton_p.h
  -empty_dir: branches/qmmp-1.7/src/plugins/General/taskbar/qwintaskbarprogress.cpp
  -empty_dir: branches/qmmp-1.7/src/plugins/General/taskbar/qwintaskbarprogress.h
r11670
  +dir_prop: branches/qmmp-1.7 svn:mergeinfo /branches/qmmp-0.10:7522%0A/branches/qmmp-0.11:7919%0A/branches/qmmp-0.12:7828%2C7918%2C8045%2C8073-8075%2C8668%2C8705%0A/branches/qmmp-1.0:5596%0A/branches/qmmp-1.1:5819%2C5968%2C6043%2C6172%2C6233%2C6442%0A/branches/qmmp-1.2:6799%2C6945%2C6975%2C7173%2C7382%2C7520%0A/branches/qmmp-1.3:8706%2C8913%0A/branches/qmmp-1.6:10666%2C10780%2C10800%0A/branches/qmmp-2.1:11357%0A/trunk/qmmp:9936%2C9953%2C9959%2C10009%2C10041%2C10049%2C10066%2C10070%2C10073%2C10076%2C10079%2C10084%2C10096%2C10108%2C10114%2C10145%2C10148%2C10151%2C10180%2C10186%2C10199%2C10204%2C10208%2C10216%2C10232%2C10235%2C10243%2C10247%2C10279%2C10283%2C10288-10289%2C10292%2C10294%2C10299%2C10306%2C10334%2C10369%2C10374%2C10379%2C10383%2C10388%2C10392%2C10398%2C10405%2C10411%2C10417%2C10459%2C10465%2C10474%2C10476%2C10478%2C10482-10483%2C10487-10489%2C10491%2C10494%2C10535%2C10561-10562%2C10565-10566%2C10578%2C10580-10581%2C10590%2C10600%2C10604%2C11664%2C11669
r11672
r11673
r11676
r11682
  +dir_prop: branches/qmmp-1.7 svn:mergeinfo /branches/qmmp-0.10:7522%0A/branches/qmmp-0.11:7919%0A/branches/qmmp-0.12:7828%2C7918%2C8045%2C8073-8075%2C8668%2C8705%0A/branches/qmmp-1.0:5596%0A/branches/qmmp-1.1:5819%2C5968%2C6043%2C6172%2C6233%2C6442%0A/branches/qmmp-1.2:6799%2C6945%2C6975%2C7173%2C7382%2C7520%0A/branches/qmmp-1.3:8706%2C8913%0A/branches/qmmp-1.6:10666%2C10780%2C10800%0A/branches/qmmp-2.1:11357%0A/trunk/qmmp:9936%2C9953%2C9959%2C10009%2C10041%2C10049%2C10066%2C10070%2C10073%2C10076%2C10079%2C10084%2C10096%2C10108%2C10114%2C10145%2C10148%2C10151%2C10180%2C10186%2C10199%2C10204%2C10208%2C10216%2C10232%2C10235%2C10243%2C10247%2C10279%2C10283%2C10288-10289%2C10292%2C10294%2C10299%2C10306%2C10334%2C10369%2C10374%2C10379%2C10383%2C10388%2C10392%2C10398%2C10405%2C10411%2C10417%2C10459%2C10465%2C10474%2C10476%2C10478%2C10482-10483%2C10487-10489%2C10491%2C10494%2C10535%2C10561-10562%2C10565-10566%2C10578%2C10580-10581%2C10590%2C10600%2C10604%2C11664%2C11669%2C11681
  +dir_prop: branches/qmmp-1.7/src/plugins/Ui/qsui svn:mergeinfo /branches/qmmp-0.12/src/plugins/Ui/qsui:8073-8075%0A/branches/qmmp-1.1/src/plugins/Ui/qsui:6172%0A/branches/qmmp-1.2/src/plugins/Ui/qsui:7382%0A/trunk/qmmp/src/plugins/Ui/qsui:10148%2C10151%2C10180%2C10247%2C10279%2C10283%2C10288-10289%2C10292%2C10294%2C10411%2C10488-10489%2C10535%2C10561-10562%2C10565-10566%2C11681%0A/trunk/qmmp/src/plugins/Ui/skinned:5223%2C6018-6019%2C6022
r11684
  +dir_prop: branches/qmmp-1.7 svn:mergeinfo /branches/qmmp-0.10:7522%0A/branches/qmmp-0.11:7919%0A/branches/qmmp-0.12:7828%2C7918%2C8045%2C8073-8075%2C8668%2C8705%0A/branches/qmmp-1.0:5596%0A/branches/qmmp-1.1:5819%2C5968%2C6043%2C6172%2C6233%2C6442%0A/branches/qmmp-1.2:6799%2C6945%2C6975%2C7173%2C7382%2C7520%0A/branches/qmmp-1.3:8706%2C8913%0A/branches/qmmp-1.6:10666%2C10780%2C10800%0A/branches/qmmp-2.1:11357%0A/trunk/qmmp:9936%2C9953%2C9959%2C10009%2C10041%2C10049%2C10066%2C10070%2C10073%2C10076%2C10079%2C10084%2C10096%2C10108%2C10114%2C10145%2C10148%2C10151%2C10180%2C10186%2C10199%2C10204%2C10208%2C10216%2C10232%2C10235%2C10243%2C10247%2C10279%2C10283%2C10288-10289%2C10292%2C10294%2C10299%2C10306%2C10334%2C10369%2C10374%2C10379%2C10383%2C10388%2C10392%2C10398%2C10405%2C10411%2C10417%2C10459%2C10465%2C10474%2C10476%2C10478%2C10482-10483%2C10487-10489%2C10491%2C10494%2C10535%2C10561-10562%2C10565-10566%2C10578%2C10580-10581%2C10590%2C10600%2C10604%2C11664%2C11669%2C11681%2C11683
r11686
r11687
r11688
r11690
r11695
r11699
  +dir_prop: branches/qmmp-1.7 svn:mergeinfo /branches/qmmp-0.10:7522%0A/branches/qmmp-0.11:7919%0A/branches/qmmp-0.12:7828%2C7918%2C8045%2C8073-8075%2C8668%2C8705%0A/branches/qmmp-1.0:5596%0A/branches/qmmp-1.1:5819%2C5968%2C6043%2C6172%2C6233%2C6442%0A/branches/qmmp-1.2:6799%2C6945%2C6975%2C7173%2C7382%2C7520%0A/branches/qmmp-1.3:8706%2C8913%0A/branches/qmmp-1.6:10666%2C10780%2C10800%0A/branches/qmmp-2.1:11357%0A/trunk/qmmp:9936%2C9953%2C9959%2C10009%2C10041%2C10049%2C10066%2C10070%2C10073%2C10076%2C10079%2C10084%2C10096%2C10108%2C10114%2C10145%2C10148%2C10151%2C10180%2C10186%2C10199%2C10204%2C10208%2C10216%2C10232%2C10235%2C10243%2C10247%2C10279%2C10283%2C10288-10289%2C10292%2C10294%2C10299%2C10306%2C10334%2C10369%2C10374%2C10379%2C10383%2C10388%2C10392%2C10398%2C10405%2C10411%2C10417%2C10459%2C10465%2C10474%2C10476%2C10478%2C10482-10483%2C10487-10489%2C10491%2C10494%2C10535%2C10561-10562%2C10565-10566%2C10578%2C10580-10581%2C10590%2C10600%2C10604%2C11664%2C11669%2C11681%2C11683%2C11698
  +dir_prop: branches/qmmp-1.7/src/plugins/Ui/qsui svn:mergeinfo /branches/qmmp-0.12/src/plugins/Ui/qsui:8073-8075%0A/branches/qmmp-1.1/src/plugins/Ui/qsui:6172%0A/branches/qmmp-1.2/src/plugins/Ui/qsui:7382%0A/trunk/qmmp/src/plugins/Ui/qsui:10148%2C10151%2C10180%2C10247%2C10279%2C10283%2C10288-10289%2C10292%2C10294%2C10411%2C10488-10489%2C10535%2C10561-10562%2C10565-10566%2C11681%2C11698%0A/trunk/qmmp/src/plugins/Ui/skinned:5223%2C6018-6019%2C6022
r11704
  +dir_prop: branches/qmmp-1.7 svn:mergeinfo /branches/qmmp-0.10:7522%0A/branches/qmmp-0.11:7919%0A/branches/qmmp-0.12:7828%2C7918%2C8045%2C8073-8075%2C8668%2C8705%0A/branches/qmmp-1.0:5596%0A/branches/qmmp-1.1:5819%2C5968%2C6043%2C6172%2C6233%2C6442%0A/branches/qmmp-1.2:6799%2C6945%2C6975%2C7173%2C7382%2C7520%0A/branches/qmmp-1.3:8706%2C8913%0A/branches/qmmp-1.6:10666%2C10780%2C10800%0A/branches/qmmp-2.1:11357%0A/trunk/qmmp:9936%2C9953%2C9959%2C10009%2C10041%2C10049%2C10066%2C10070%2C10073%2C10076%2C10079%2C10084%2C10096%2C10108%2C10114%2C10145%2C10148%2C10151%2C10180%2C10186%2C10199%2C10204%2C10208%2C10216%2C10232%2C10235%2C10243%2C10247%2C10279%2C10283%2C10288-10289%2C10292%2C10294%2C10299%2C10306%2C10334%2C10369%2C10374%2C10379%2C10383%2C10388%2C10392%2C10398%2C10405%2C10411%2C10417%2C10459%2C10465%2C10474%2C10476%2C10478%2C10482-10483%2C10487-10489%2C10491%2C10494%2C10535%2C10561-10562%2C10565-10566%2C10578%2C10580-10581%2C10590%2C10600%2C10604%2C11664%2C11669%2C11681%2C11683%2C11698%2C11702-11703
r11705
r11708
  +dir_prop: branches/qmmp-1.7 svn:mergeinfo /branches/qmmp-0.10:7522%0A/branches/qmmp-0.11:7919%0A/branches/qmmp-0.12:7828%2C7918%2C8045%2C8073-8075%2C8668%2C8705%0A/branches/qmmp-1.0:5596%0A/branches/qmmp-1.1:5819%2C5968%2C6043%2C6172%2C6233%2C6442%0A/branches/qmmp-1.2:6799%2C6945%2C6975%2C7173%2C7382%2C7520%0A/branches/qmmp-1.3:8706%2C8913%0A/branches/qmmp-1.6:10666%2C10780%2C10800%0A/branches/qmmp-2.1:11357%0A/trunk/qmmp:9936%2C9953%2C9959%2C10009%2C10041%2C10049%2C10066%2C10070%2C10073%2C10076%2C10079%2C10084%2C10096%2C10108%2C10114%2C10145%2C10148%2C10151%2C10180%2C10186%2C10199%2C10204%2C10208%2C10216%2C10232%2C10235%2C10243%2C10247%2C10279%2C10283%2C10288-10289%2C10292%2C10294%2C10299%2C10306%2C10334%2C10369%2C10374%2C10379%2C10383%2C10388%2C10392%2C10398%2C10405%2C10411%2C10417%2C10459%2C10465%2C10474%2C10476%2C10478%2C10482-10483%2C10487-10489%2C10491%2C10494%2C10535%2C10561-10562%2C10565-10566%2C10578%2C10580-10581%2C10590%2C10600%2C10604%2C11664%2C11669%2C11681%2C11683%2C11698%2C11702-11703%2C11707
r11719
r11733
r11735
r11741
  +dir_prop: branches/qmmp-1.7 svn:mergeinfo /branches/qmmp-0.10:7522%0A/branches/qmmp-0.11:7919%0A/branches/qmmp-0.12:7828%2C7918%2C8045%2C8073-8075%2C8668%2C8705%0A/branches/qmmp-1.0:5596%0A/branches/qmmp-1.1:5819%2C5968%2C6043%2C6172%2C6233%2C6442%0A/branches/qmmp-1.2:6799%2C6945%2C6975%2C7173%2C7382%2C7520%0A/branches/qmmp-1.3:8706%2C8913%0A/branches/qmmp-1.6:10666%2C10780%2C10800%0A/branches/qmmp-2.1:11357%0A/trunk/qmmp:9936%2C9953%2C9959%2C10009%2C10041%2C10049%2C10066%2C10070%2C10073%2C10076%2C10079%2C10084%2C10096%2C10108%2C10114%2C10145%2C10148%2C10151%2C10180%2C10186%2C10199%2C10204%2C10208%2C10216%2C10232%2C10235%2C10243%2C10247%2C10279%2C10283%2C10288-10289%2C10292%2C10294%2C10299%2C10306%2C10334%2C10369%2C10374%2C10379%2C10383%2C10388%2C10392%2C10398%2C10405%2C10411%2C10417%2C10459%2C10465%2C10474%2C10476%2C10478%2C10482-10483%2C10487-10489%2C10491%2C10494%2C10535%2C10561-10562%2C10565-10566%2C10578%2C10580-10581%2C10590%2C10600%2C10604%2C11664%2C11669%2C11681%2C11683%2C11698%2C11702-11703%2C11707%2C11740
r11748
r11749
r11750
r11753
r11755
  +dir_prop: branches/qmmp-1.7 svn:mergeinfo /branches/qmmp-0.10:7522%0A/branches/qmmp-0.11:7919%0A/branches/qmmp-0.12:7828%2C7918%2C8045%2C8073-8075%2C8668%2C8705%0A/branches/qmmp-1.0:5596%0A/branches/qmmp-1.1:5819%2C5968%2C6043%2C6172%2C6233%2C6442%0A/branches/qmmp-1.2:6799%2C6945%2C6975%2C7173%2C7382%2C7520%0A/branches/qmmp-1.3:8706%2C8913%0A/branches/qmmp-1.6:10666%2C10780%2C10800%0A/branches/qmmp-2.1:11357%0A/trunk/qmmp:9936%2C9953%2C9959%2C10009%2C10041%2C10049%2C10066%2C10070%2C10073%2C10076%2C10079%2C10084%2C10096%2C10108%2C10114%2C10145%2C10148%2C10151%2C10180%2C10186%2C10199%2C10204%2C10208%2C10216%2C10232%2C10235%2C10243%2C10247%2C10279%2C10283%2C10288-10289%2C10292%2C10294%2C10299%2C10306%2C10334%2C10369%2C10374%2C10379%2C10383%2C10388%2C10392%2C10398%2C10405%2C10411%2C10417%2C10459%2C10465%2C10474%2C10476%2C10478%2C10482-10483%2C10487-10489%2C10491%2C10494%2C10535%2C10561-10562%2C10565-10566%2C10578%2C10580-10581%2C10590%2C10600%2C10604%2C11664%2C11669%2C11681%2C11683%2C11698%2C11702-11703%2C11707%2C11740%2C11754
r11758
  +dir_prop: branches/qmmp-1.7 svn:mergeinfo /branches/qmmp-0.10:7522%0A/branches/qmmp-0.11:7919%0A/branches/qmmp-0.12:7828%2C7918%2C8045%2C8073-8075%2C8668%2C8705%0A/branches/qmmp-1.0:5596%0A/branches/qmmp-1.1:5819%2C5968%2C6043%2C6172%2C6233%2C6442%0A/branches/qmmp-1.2:6799%2C6945%2C6975%2C7173%2C7382%2C7520%0A/branches/qmmp-1.3:8706%2C8913%0A/branches/qmmp-1.6:10666%2C10780%2C10800%0A/branches/qmmp-2.1:11357%0A/trunk/qmmp:9936%2C9953%2C9959%2C10009%2C10041%2C10049%2C10066%2C10070%2C10073%2C10076%2C10079%2C10084%2C10096%2C10108%2C10114%2C10145%2C10148%2C10151%2C10180%2C10186%2C10199%2C10204%2C10208%2C10216%2C10232%2C10235%2C10243%2C10247%2C10279%2C10283%2C10288-10289%2C10292%2C10294%2C10299%2C10306%2C10334%2C10369%2C10374%2C10379%2C10383%2C10388%2C10392%2C10398%2C10405%2C10411%2C10417%2C10459%2C10465%2C10474%2C10476%2C10478%2C10482-10483%2C10487-10489%2C10491%2C10494%2C10535%2C10561-10562%2C10565-10566%2C10578%2C10580-10581%2C10590%2C10600%2C10604%2C11664%2C11669%2C11681%2C11683%2C11698%2C11702-11703%2C11707%2C11740%2C11754%2C11757
r11762
r11764
  +dir_prop: branches/qmmp-1.7 svn:mergeinfo /branches/qmmp-0.10:7522%0A/branches/qmmp-0.11:7919%0A/branches/qmmp-0.12:7828%2C7918%2C8045%2C8073-8075%2C8668%2C8705%0A/branches/qmmp-1.0:5596%0A/branches/qmmp-1.1:5819%2C5968%2C6043%2C6172%2C6233%2C6442%0A/branches/qmmp-1.2:6799%2C6945%2C6975%2C7173%2C7382%2C7520%0A/branches/qmmp-1.3:8706%2C8913%0A/branches/qmmp-1.6:10666%2C10780%2C10800%0A/branches/qmmp-2.1:11357%0A/trunk/qmmp:9936%2C9953%2C9959%2C10009%2C10041%2C10049%2C10066%2C10070%2C10073%2C10076%2C10079%2C10084%2C10096%2C10108%2C10114%2C10145%2C10148%2C10151%2C10180%2C10186%2C10199%2C10204%2C10208%2C10216%2C10232%2C10235%2C10243%2C10247%2C10279%2C10283%2C10288-10289%2C10292%2C10294%2C10299%2C10306%2C10334%2C10369%2C10374%2C10379%2C10383%2C10388%2C10392%2C10398%2C10405%2C10411%2C10417%2C10459%2C10465%2C10474%2C10476%2C10478%2C10482-10483%2C10487-10489%2C10491%2C10494%2C10535%2C10561-10562%2C10565-10566%2C10578%2C10580-10581%2C10590%2C10600%2C10604%2C11664%2C11669%2C11681%2C11683%2C11698%2C11702-11703%2C11707%2C11740%2C11754%2C11757%2C11763
r11765
r11767
r11771
r11777
  +dir_prop: branches/qmmp-1.7 svn:mergeinfo /branches/qmmp-0.10:7522%0A/branches/qmmp-0.11:7919%0A/branches/qmmp-0.12:7828%2C7918%2C8045%2C8073-8075%2C8668%2C8705%0A/branches/qmmp-1.0:5596%0A/branches/qmmp-1.1:5819%2C5968%2C6043%2C6172%2C6233%2C6442%0A/branches/qmmp-1.2:6799%2C6945%2C6975%2C7173%2C7382%2C7520%0A/branches/qmmp-1.3:8706%2C8913%0A/branches/qmmp-1.6:10666%2C10780%2C10800%0A/branches/qmmp-2.1:11357%0A/trunk/qmmp:9936%2C9953%2C9959%2C10009%2C10041%2C10049%2C10066%2C10070%2C10073%2C10076%2C10079%2C10084%2C10096%2C10108%2C10114%2C10145%2C10148%2C10151%2C10180%2C10186%2C10199%2C10204%2C10208%2C10216%2C10232%2C10235%2C10243%2C10247%2C10279%2C10283%2C10288-10289%2C10292%2C10294%2C10299%2C10306%2C10334%2C10369%2C10374%2C10379%2C10383%2C10388%2C10392%2C10398%2C10405%2C10411%2C10417%2C10459%2C10465%2C10474%2C10476%2C10478%2C10482-10483%2C10487-10489%2C10491%2C10494%2C10535%2C10561-10562%2C10565-10566%2C10578%2C10580-10581%2C10590%2C10600%2C10604%2C11664%2C11669%2C11681%2C11683%2C11698%2C11702-11703%2C11707%2C11740%2C11754%2C11757%2C11763%2C11776
r11778
r11779
r11782
  +dir_prop: branches/qmmp-1.7 svn:mergeinfo /branches/qmmp-0.10:7522%0A/branches/qmmp-0.11:7919%0A/branches/qmmp-0.12:7828%2C7918%2C8045%2C8073-8075%2C8668%2C8705%0A/branches/qmmp-1.0:5596%0A/branches/qmmp-1.1:5819%2C5968%2C6043%2C6172%2C6233%2C6442%0A/branches/qmmp-1.2:6799%2C6945%2C6975%2C7173%2C7382%2C7520%0A/branches/qmmp-1.3:8706%2C8913%0A/branches/qmmp-1.6:10666%2C10780%2C10800%0A/branches/qmmp-2.1:11357%0A/trunk/qmmp:9936%2C9953%2C9959%2C10009%2C10041%2C10049%2C10066%2C10070%2C10073%2C10076%2C10079%2C10084%2C10096%2C10108%2C10114%2C10145%2C10148%2C10151%2C10180%2C10186%2C10199%2C10204%2C10208%2C10216%2C10232%2C10235%2C10243%2C10247%2C10279%2C10283%2C10288-10289%2C10292%2C10294%2C10299%2C10306%2C10334%2C10369%2C10374%2C10379%2C10383%2C10388%2C10392%2C10398%2C10405%2C10411%2C10417%2C10459%2C10465%2C10474%2C10476%2C10478%2C10482-10483%2C10487-10489%2C10491%2C10494%2C10535%2C10561-10562%2C10565-10566%2C10578%2C10580-10581%2C10590%2C10600%2C10604%2C11664%2C11669%2C11681%2C11683%2C11698%2C11702-11703%2C11707%2C11740%2C11754%2C11757%2C11763%2C11776%2C11781
r11784
  +dir_prop: branches/qmmp-1.7 svn:mergeinfo /branches/qmmp-0.10:7522%0A/branches/qmmp-0.11:7919%0A/branches/qmmp-0.12:7828%2C7918%2C8045%2C8073-8075%2C8668%2C8705%0A/branches/qmmp-1.0:5596%0A/branches/qmmp-1.1:5819%2C5968%2C6043%2C6172%2C6233%2C6442%0A/branches/qmmp-1.2:6799%2C6945%2C6975%2C7173%2C7382%2C7520%0A/branches/qmmp-1.3:8706%2C8913%0A/branches/qmmp-1.6:10666%2C10780%2C10800%0A/branches/qmmp-2.1:11357%0A/trunk/qmmp:9936%2C9953%2C9959%2C10009%2C10041%2C10049%2C10066%2C10070%2C10073%2C10076%2C10079%2C10084%2C10096%2C10108%2C10114%2C10145%2C10148%2C10151%2C10180%2C10186%2C10199%2C10204%2C10208%2C10216%2C10232%2C10235%2C10243%2C10247%2C10279%2C10283%2C10288-10289%2C10292%2C10294%2C10299%2C10306%2C10334%2C10369%2C10374%2C10379%2C10383%2C10388%2C10392%2C10398%2C10405%2C10411%2C10417%2C10459%2C10465%2C10474%2C10476%2C10478%2C10482-10483%2C10487-10489%2C10491%2C10494%2C10535%2C10561-10562%2C10565-10566%2C10578%2C10580-10581%2C10590%2C10600%2C10604%2C11664%2C11669%2C11681%2C11683%2C11698%2C11702-11703%2C11707%2C11740%2C11754%2C11757%2C11763%2C11776%2C11781%2C11783
r11786
  +dir_prop: branches/qmmp-1.7 svn:mergeinfo /branches/qmmp-0.10:7522%0A/branches/qmmp-0.11:7919%0A/branches/qmmp-0.12:7828%2C7918%2C8045%2C8073-8075%2C8668%2C8705%0A/branches/qmmp-1.0:5596%0A/branches/qmmp-1.1:5819%2C5968%2C6043%2C6172%2C6233%2C6442%0A/branches/qmmp-1.2:6799%2C6945%2C6975%2C7173%2C7382%2C7520%0A/branches/qmmp-1.3:8706%2C8913%0A/branches/qmmp-1.6:10666%2C10780%2C10800%0A/branches/qmmp-2.1:11357%0A/trunk/qmmp:9936%2C9953%2C9959%2C10009%2C10041%2C10049%2C10066%2C10070%2C10073%2C10076%2C10079%2C10084%2C10096%2C10108%2C10114%2C10145%2C10148%2C10151%2C10180%2C10186%2C10199%2C10204%2C10208%2C10216%2C10232%2C10235%2C10243%2C10247%2C10279%2C10283%2C10288-10289%2C10292%2C10294%2C10299%2C10306%2C10334%2C10369%2C10374%2C10379%2C10383%2C10388%2C10392%2C10398%2C10405%2C10411%2C10417%2C10459%2C10465%2C10474%2C10476%2C10478%2C10482-10483%2C10487-10489%2C10491%2C10494%2C10535%2C10561-10562%2C10565-10566%2C10578%2C10580-10581%2C10590%2C10600%2C10604%2C11664%2C11669%2C11681%2C11683%2C11698%2C11702-11703%2C11707%2C11740%2C11754%2C11757%2C11763%2C11776%2C11781%2C11783%2C11785
r11788
  +dir_prop: branches/qmmp-1.7 svn:mergeinfo /branches/qmmp-0.10:7522%0A/branches/qmmp-0.11:7919%0A/branches/qmmp-0.12:7828%2C7918%2C8045%2C8073-8075%2C8668%2C8705%0A/branches/qmmp-1.0:5596%0A/branches/qmmp-1.1:5819%2C5968%2C6043%2C6172%2C6233%2C6442%0A/branches/qmmp-1.2:6799%2C6945%2C6975%2C7173%2C7382%2C7520%0A/branches/qmmp-1.3:8706%2C8913%0A/branches/qmmp-1.6:10666%2C10780%2C10800%0A/branches/qmmp-2.1:11357%0A/trunk/qmmp:9936%2C9953%2C9959%2C10009%2C10041%2C10049%2C10066%2C10070%2C10073%2C10076%2C10079%2C10084%2C10096%2C10108%2C10114%2C10145%2C10148%2C10151%2C10180%2C10186%2C10199%2C10204%2C10208%2C10216%2C10232%2C10235%2C10243%2C10247%2C10279%2C10283%2C10288-10289%2C10292%2C10294%2C10299%2C10306%2C10334%2C10369%2C10374%2C10379%2C10383%2C10388%2C10392%2C10398%2C10405%2C10411%2C10417%2C10459%2C10465%2C10474%2C10476%2C10478%2C10482-10483%2C10487-10489%2C10491%2C10494%2C10535%2C10561-10562%2C10565-10566%2C10578%2C10580-10581%2C10590%2C10600%2C10604%2C11664%2C11669%2C11681%2C11683%2C11698%2C11702-11703%2C11707%2C11740%2C11754%2C11757%2C11763%2C11776%2C11781%2C11783%2C11785%2C11787
r11790
  +dir_prop: branches/qmmp-1.7 svn:mergeinfo /branches/qmmp-0.10:7522%0A/branches/qmmp-0.11:7919%0A/branches/qmmp-0.12:7828%2C7918%2C8045%2C8073-8075%2C8668%2C8705%0A/branches/qmmp-1.0:5596%0A/branches/qmmp-1.1:5819%2C5968%2C6043%2C6172%2C6233%2C6442%0A/branches/qmmp-1.2:6799%2C6945%2C6975%2C7173%2C7382%2C7520%0A/branches/qmmp-1.3:8706%2C8913%0A/branches/qmmp-1.6:10666%2C10780%2C10800%0A/branches/qmmp-2.1:11357%0A/trunk/qmmp:9936%2C9953%2C9959%2C10009%2C10041%2C10049%2C10066%2C10070%2C10073%2C10076%2C10079%2C10084%2C10096%2C10108%2C10114%2C10145%2C10148%2C10151%2C10180%2C10186%2C10199%2C10204%2C10208%2C10216%2C10232%2C10235%2C10243%2C10247%2C10279%2C10283%2C10288-10289%2C10292%2C10294%2C10299%2C10306%2C10334%2C10369%2C10374%2C10379%2C10383%2C10388%2C10392%2C10398%2C10405%2C10411%2C10417%2C10459%2C10465%2C10474%2C10476%2C10478%2C10482-10483%2C10487-10489%2C10491%2C10494%2C10535%2C10561-10562%2C10565-10566%2C10578%2C10580-10581%2C10590%2C10600%2C10604%2C11664%2C11669%2C11681%2C11683%2C11698%2C11702-11703%2C11707%2C11740%2C11754%2C11757%2C11763%2C11776%2C11781%2C11783%2C11785%2C11787%2C11789
  +dir_prop: branches/qmmp-1.7/src/plugins/Ui/qsui svn:mergeinfo /branches/qmmp-0.12/src/plugins/Ui/qsui:8073-8075%0A/branches/qmmp-1.1/src/plugins/Ui/qsui:6172%0A/branches/qmmp-1.2/src/plugins/Ui/qsui:7382%0A/trunk/qmmp/src/plugins/Ui/qsui:10148%2C10151%2C10180%2C10247%2C10279%2C10283%2C10288-10289%2C10292%2C10294%2C10411%2C10488-10489%2C10535%2C10561-10562%2C10565-10566%2C11681%2C11698%2C11789%0A/trunk/qmmp/src/plugins/Ui/skinned:5223%2C6018-6019%2C6022
r11795
  +dir_prop: branches/qmmp-1.7 svn:mergeinfo /branches/qmmp-0.10:7522%0A/branches/qmmp-0.11:7919%0A/branches/qmmp-0.12:7828%2C7918%2C8045%2C8073-8075%2C8668%2C8705%0A/branches/qmmp-1.0:5596%0A/branches/qmmp-1.1:5819%2C5968%2C6043%2C6172%2C6233%2C6442%0A/branches/qmmp-1.2:6799%2C6945%2C6975%2C7173%2C7382%2C7520%0A/branches/qmmp-1.3:8706%2C8913%0A/branches/qmmp-1.6:10666%2C10780%2C10800%0A/branches/qmmp-2.1:11357%0A/trunk/qmmp:9936%2C9953%2C9959%2C10009%2C10041%2C10049%2C10066%2C10070%2C10073%2C10076%2C10079%2C10084%2C10096%2C10108%2C10114%2C10145%2C10148%2C10151%2C10180%2C10186%2C10199%2C10204%2C10208%2C10216%2C10232%2C10235%2C10243%2C10247%2C10279%2C10283%2C10288-10289%2C10292%2C10294%2C10299%2C10306%2C10334%2C10369%2C10374%2C10379%2C10383%2C10388%2C10392%2C10398%2C10405%2C10411%2C10417%2C10459%2C10465%2C10474%2C10476%2C10478%2C10482-10483%2C10487-10489%2C10491%2C10494%2C10535%2C10561-10562%2C10565-10566%2C10578%2C10580-10581%2C10590%2C10600%2C10604%2C11664%2C11669%2C11681%2C11683%2C11698%2C11702-11703%2C11707%2C11740%2C11754%2C11757%2C11763%2C11776%2C11781%2C11783%2C11785%2C11787%2C11789%2C11791
r11796
  +dir_prop: branches/qmmp-1.7 svn:mergeinfo /branches/qmmp-0.10:7522%0A/branches/qmmp-0.11:7919%0A/branches/qmmp-0.12:7828%2C7918%2C8045%2C8073-8075%2C8668%2C8705%0A/branches/qmmp-1.0:5596%0A/branches/qmmp-1.1:5819%2C5968%2C6043%2C6172%2C6233%2C6442%0A/branches/qmmp-1.2:6799%2C6945%2C6975%2C7173%2C7382%2C7520%0A/branches/qmmp-1.3:8706%2C8913%0A/branches/qmmp-1.6:10666%2C10780%2C10800%0A/branches/qmmp-2.1:11357%0A/trunk/qmmp:9936%2C9953%2C9959%2C10009%2C10041%2C10049%2C10066%2C10070%2C10073%2C10076%2C10079%2C10084%2C10096%2C10108%2C10114%2C10145%2C10148%2C10151%2C10180%2C10186%2C10199%2C10204%2C10208%2C10216%2C10232%2C10235%2C10243%2C10247%2C10279%2C10283%2C10288-10289%2C10292%2C10294%2C10299%2C10306%2C10334%2C10369%2C10374%2C10379%2C10383%2C10388%2C10392%2C10398%2C10405%2C10411%2C10417%2C10459%2C10465%2C10474%2C10476%2C10478%2C10482-10483%2C10487-10489%2C10491%2C10494%2C10535%2C10561-10562%2C10565-10566%2C10578%2C10580-10581%2C10590%2C10600%2C10604%2C11664%2C11669%2C11681%2C11683%2C11698%2C11702-11703%2C11707%2C11740%2C11754%2C11757%2C11763%2C11776%2C11781%2C11783%2C11785%2C11787%2C11789%2C11791-11792
  +dir_prop: branches/qmmp-1.7/src/plugins/Ui/qsui svn:mergeinfo /branches/qmmp-0.12/src/plugins/Ui/qsui:8073-8075%0A/branches/qmmp-1.1/src/plugins/Ui/qsui:6172%0A/branches/qmmp-1.2/src/plugins/Ui/qsui:7382%0A/trunk/qmmp/src/plugins/Ui/qsui:10148%2C10151%2C10180%2C10247%2C10279%2C10283%2C10288-10289%2C10292%2C10294%2C10411%2C10488-10489%2C10535%2C10561-10562%2C10565-10566%2C11681%2C11698%2C11789%2C11792%0A/trunk/qmmp/src/plugins/Ui/skinned:5223%2C6018-6019%2C6022
r11797
  +dir_prop: branches/qmmp-1.7 svn:mergeinfo /branches/qmmp-0.10:7522%0A/branches/qmmp-0.11:7919%0A/branches/qmmp-0.12:7828%2C7918%2C8045%2C8073-8075%2C8668%2C8705%0A/branches/qmmp-1.0:5596%0A/branches/qmmp-1.1:5819%2C5968%2C6043%2C6172%2C6233%2C6442%0A/branches/qmmp-1.2:6799%2C6945%2C6975%2C7173%2C7382%2C7520%0A/branches/qmmp-1.3:8706%2C8913%0A/branches/qmmp-1.6:10666%2C10780%2C10800%0A/branches/qmmp-2.1:11357%0A/trunk/qmmp:9936%2C9953%2C9959%2C10009%2C10041%2C10049%2C10066%2C10070%2C10073%2C10076%2C10079%2C10084%2C10096%2C10108%2C10114%2C10145%2C10148%2C10151%2C10180%2C10186%2C10199%2C10204%2C10208%2C10216%2C10232%2C10235%2C10243%2C10247%2C10279%2C10283%2C10288-10289%2C10292%2C10294%2C10299%2C10306%2C10334%2C10369%2C10374%2C10379%2C10383%2C10388%2C10392%2C10398%2C10405%2C10411%2C10417%2C10459%2C10465%2C10474%2C10476%2C10478%2C10482-10483%2C10487-10489%2C10491%2C10494%2C10535%2C10561-10562%2C10565-10566%2C10578%2C10580-10581%2C10590%2C10600%2C10604%2C11664%2C11669%2C11681%2C11683%2C11698%2C11702-11703%2C11707%2C11740%2C11754%2C11757%2C11763%2C11776%2C11781%2C11783%2C11785%2C11787%2C11789%2C11791-11793
r11798
r11799
r11802
r11809
r11811
  +dir_prop: branches/qmmp-1.7 svn:mergeinfo /branches/qmmp-0.10:7522%0A/branches/qmmp-0.11:7919%0A/branches/qmmp-0.12:7828%2C7918%2C8045%2C8073-8075%2C8668%2C8705%0A/branches/qmmp-1.0:5596%0A/branches/qmmp-1.1:5819%2C5968%2C6043%2C6172%2C6233%2C6442%0A/branches/qmmp-1.2:6799%2C6945%2C6975%2C7173%2C7382%2C7520%0A/branches/qmmp-1.3:8706%2C8913%0A/branches/qmmp-1.6:10666%2C10780%2C10800%0A/branches/qmmp-2.1:11357%0A/trunk/qmmp:9936%2C9953%2C9959%2C10009%2C10041%2C10049%2C10066%2C10070%2C10073%2C10076%2C10079%2C10084%2C10096%2C10108%2C10114%2C10145%2C10148%2C10151%2C10180%2C10186%2C10199%2C10204%2C10208%2C10216%2C10232%2C10235%2C10243%2C10247%2C10279%2C10283%2C10288-10289%2C10292%2C10294%2C10299%2C10306%2C10334%2C10369%2C10374%2C10379%2C10383%2C10388%2C10392%2C10398%2C10405%2C10411%2C10417%2C10459%2C10465%2C10474%2C10476%2C10478%2C10482-10483%2C10487-10489%2C10491%2C10494%2C10535%2C10561-10562%2C10565-10566%2C10578%2C10580-10581%2C10590%2C10600%2C10604%2C11664%2C11669%2C11681%2C11683%2C11698%2C11702-11703%2C11707%2C11740%2C11754%2C11757%2C11763%2C11776%2C11781%2C11783%2C11785%2C11787%2C11789%2C11791-11793%2C11810
r11815
  +dir_prop: branches/qmmp-1.7 svn:mergeinfo /branches/qmmp-0.10:7522%0A/branches/qmmp-0.11:7919%0A/branches/qmmp-0.12:7828%2C7918%2C8045%2C8073-8075%2C8668%2C8705%0A/branches/qmmp-1.0:5596%0A/branches/qmmp-1.1:5819%2C5968%2C6043%2C6172%2C6233%2C6442%0A/branches/qmmp-1.2:6799%2C6945%2C6975%2C7173%2C7382%2C7520%0A/branches/qmmp-1.3:8706%2C8913%0A/branches/qmmp-1.6:10666%2C10780%2C10800%0A/branches/qmmp-2.1:11357%0A/trunk/qmmp:9936%2C9953%2C9959%2C10009%2C10041%2C10049%2C10066%2C10070%2C10073%2C10076%2C10079%2C10084%2C10096%2C10108%2C10114%2C10145%2C10148%2C10151%2C10180%2C10186%2C10199%2C10204%2C10208%2C10216%2C10232%2C10235%2C10243%2C10247%2C10279%2C10283%2C10288-10289%2C10292%2C10294%2C10299%2C10306%2C10334%2C10369%2C10374%2C10379%2C10383%2C10388%2C10392%2C10398%2C10405%2C10411%2C10417%2C10459%2C10465%2C10474%2C10476%2C10478%2C10482-10483%2C10487-10489%2C10491%2C10494%2C10535%2C10561-10562%2C10565-10566%2C10578%2C10580-10581%2C10590%2C10600%2C10604%2C11664%2C11669%2C11681%2C11683%2C11698%2C11702-11703%2C11707%2C11740%2C11754%2C11757%2C11763%2C11776%2C11781%2C11783%2C11785%2C11787%2C11789%2C11791-11793%2C11810%2C11814
r11817
  +dir_prop: branches/qmmp-1.7 svn:mergeinfo /branches/qmmp-0.10:7522%0A/branches/qmmp-0.11:7919%0A/branches/qmmp-0.12:7828%2C7918%2C8045%2C8073-8075%2C8668%2C8705%0A/branches/qmmp-1.0:5596%0A/branches/qmmp-1.1:5819%2C5968%2C6043%2C6172%2C6233%2C6442%0A/branches/qmmp-1.2:6799%2C6945%2C6975%2C7173%2C7382%2C7520%0A/branches/qmmp-1.3:8706%2C8913%0A/branches/qmmp-1.6:10666%2C10780%2C10800%0A/branches/qmmp-2.1:11357%0A/trunk/qmmp:9936%2C9953%2C9959%2C10009%2C10041%2C10049%2C10066%2C10070%2C10073%2C10076%2C10079%2C10084%2C10096%2C10108%2C10114%2C10145%2C10148%2C10151%2C10180%2C10186%2C10199%2C10204%2C10208%2C10216%2C10232%2C10235%2C10243%2C10247%2C10279%2C10283%2C10288-10289%2C10292%2C10294%2C10299%2C10306%2C10334%2C10369%2C10374%2C10379%2C10383%2C10388%2C10392%2C10398%2C10405%2C10411%2C10417%2C10459%2C10465%2C10474%2C10476%2C10478%2C10482-10483%2C10487-10489%2C10491%2C10494%2C10535%2C10561-10562%2C10565-10566%2C10578%2C10580-10581%2C10590%2C10600%2C10604%2C11664%2C11669%2C11681%2C11683%2C11698%2C11702-11703%2C11707%2C11740%2C11754%2C11757%2C11763%2C11776%2C11781%2C11783%2C11785%2C11787%2C11789%2C11791-11793%2C11810%2C11814%2C11816
r11819
r11822
  +dir_prop: branches/qmmp-1.7 svn:mergeinfo /branches/qmmp-0.10:7522%0A/branches/qmmp-0.11:7919%0A/branches/qmmp-0.12:7828%2C7918%2C8045%2C8073-8075%2C8668%2C8705%0A/branches/qmmp-1.0:5596%0A/branches/qmmp-1.1:5819%2C5968%2C6043%2C6172%2C6233%2C6442%0A/branches/qmmp-1.2:6799%2C6945%2C6975%2C7173%2C7382%2C7520%0A/branches/qmmp-1.3:8706%2C8913%0A/branches/qmmp-1.6:10666%2C10780%2C10800%0A/branches/qmmp-2.1:11357%0A/trunk/qmmp:9936%2C9953%2C9959%2C10009%2C10041%2C10049%2C10066%2C10070%2C10073%2C10076%2C10079%2C10084%2C10096%2C10108%2C10114%2C10145%2C10148%2C10151%2C10180%2C10186%2C10199%2C10204%2C10208%2C10216%2C10232%2C10235%2C10243%2C10247%2C10279%2C10283%2C10288-10289%2C10292%2C10294%2C10299%2C10306%2C10334%2C10369%2C10374%2C10379%2C10383%2C10388%2C10392%2C10398%2C10405%2C10411%2C10417%2C10459%2C10465%2C10474%2C10476%2C10478%2C10482-10483%2C10487-10489%2C10491%2C10494%2C10535%2C10561-10562%2C10565-10566%2C10578%2C10580-10581%2C10590%2C10600%2C10604%2C11664%2C11669%2C11681%2C11683%2C11698%2C11702-11703%2C11707%2C11740%2C11754%2C11757%2C11763%2C11776%2C11781%2C11783%2C11785%2C11787%2C11789%2C11791-11793%2C11810%2C11814%2C11816%2C11821
r11824
  +dir_prop: branches/qmmp-1.7 svn:mergeinfo /branches/qmmp-0.10:7522%0A/branches/qmmp-0.11:7919%0A/branches/qmmp-0.12:7828%2C7918%2C8045%2C8073-8075%2C8668%2C8705%0A/branches/qmmp-1.0:5596%0A/branches/qmmp-1.1:5819%2C5968%2C6043%2C6172%2C6233%2C6442%0A/branches/qmmp-1.2:6799%2C6945%2C6975%2C7173%2C7382%2C7520%0A/branches/qmmp-1.3:8706%2C8913%0A/branches/qmmp-1.6:10666%2C10780%2C10800%0A/branches/qmmp-2.1:11357%0A/trunk/qmmp:9936%2C9953%2C9959%2C10009%2C10041%2C10049%2C10066%2C10070%2C10073%2C10076%2C10079%2C10084%2C10096%2C10108%2C10114%2C10145%2C10148%2C10151%2C10180%2C10186%2C10199%2C10204%2C10208%2C10216%2C10232%2C10235%2C10243%2C10247%2C10279%2C10283%2C10288-10289%2C10292%2C10294%2C10299%2C10306%2C10334%2C10369%2C10374%2C10379%2C10383%2C10388%2C10392%2C10398%2C10405%2C10411%2C10417%2C10459%2C10465%2C10474%2C10476%2C10478%2C10482-10483%2C10487-10489%2C10491%2C10494%2C10535%2C10561-10562%2C10565-10566%2C10578%2C10580-10581%2C10590%2C10600%2C10604%2C11664%2C11669%2C11681%2C11683%2C11698%2C11702-11703%2C11707%2C11740%2C11754%2C11757%2C11763%2C11776%2C11781%2C11783%2C11785%2C11787%2C11789%2C11791-11793%2C11810%2C11814%2C11816%2C11821%2C11823
  +dir_prop: branches/qmmp-1.7/src/plugins/Ui/qsui svn:mergeinfo /branches/qmmp-0.12/src/plugins/Ui/qsui:8073-8075%0A/branches/qmmp-1.1/src/plugins/Ui/qsui:6172%0A/branches/qmmp-1.2/src/plugins/Ui/qsui:7382%0A/trunk/qmmp/src/plugins/Ui/qsui:10148%2C10151%2C10180%2C10247%2C10279%2C10283%2C10288-10289%2C10292%2C10294%2C10411%2C10488-10489%2C10535%2C10561-10562%2C10565-10566%2C11681%2C11698%2C11789%2C11792%2C11823%0A/trunk/qmmp/src/plugins/Ui/skinned:5223%2C6018-6019%2C6022
r11829
  +dir_prop: branches/qmmp-1.7 svn:mergeinfo /branches/qmmp-0.10:7522%0A/branches/qmmp-0.11:7919%0A/branches/qmmp-0.12:7828%2C7918%2C8045%2C8073-8075%2C8668%2C8705%0A/branches/qmmp-1.0:5596%0A/branches/qmmp-1.1:5819%2C5968%2C6043%2C6172%2C6233%2C6442%0A/branches/qmmp-1.2:6799%2C6945%2C6975%2C7173%2C7382%2C7520%0A/branches/qmmp-1.3:8706%2C8913%0A/branches/qmmp-1.6:10666%2C10780%2C10800%0A/branches/qmmp-2.1:11357%0A/trunk/qmmp:9936%2C9953%2C9959%2C10009%2C10041%2C10049%2C10066%2C10070%2C10073%2C10076%2C10079%2C10084%2C10096%2C10108%2C10114%2C10145%2C10148%2C10151%2C10180%2C10186%2C10199%2C10204%2C10208%2C10216%2C10232%2C10235%2C10243%2C10247%2C10279%2C10283%2C10288-10289%2C10292%2C10294%2C10299%2C10306%2C10334%2C10369%2C10374%2C10379%2C10383%2C10388%2C10392%2C10398%2C10405%2C10411%2C10417%2C10459%2C10465%2C10474%2C10476%2C10478%2C10482-10483%2C10487-10489%2C10491%2C10494%2C10535%2C10561-10562%2C10565-10566%2C10578%2C10580-10581%2C10590%2C10600%2C10604%2C11664%2C11669%2C11681%2C11683%2C11698%2C11702-11703%2C11707%2C11740%2C11754%2C11757%2C11763%2C11776%2C11781%2C11783%2C11785%2C11787%2C11789%2C11791-11793%2C11810%2C11814%2C11816%2C11821%2C11823%2C11827-11828
r11831
  +dir_prop: branches/qmmp-1.7 svn:mergeinfo /branches/qmmp-0.10:7522%0A/branches/qmmp-0.11:7919%0A/branches/qmmp-0.12:7828%2C7918%2C8045%2C8073-8075%2C8668%2C8705%0A/branches/qmmp-1.0:5596%0A/branches/qmmp-1.1:5819%2C5968%2C6043%2C6172%2C6233%2C6442%0A/branches/qmmp-1.2:6799%2C6945%2C6975%2C7173%2C7382%2C7520%0A/branches/qmmp-1.3:8706%2C8913%0A/branches/qmmp-1.6:10666%2C10780%2C10800%0A/branches/qmmp-2.1:11357%0A/trunk/qmmp:9936%2C9953%2C9959%2C10009%2C10041%2C10049%2C10066%2C10070%2C10073%2C10076%2C10079%2C10084%2C10096%2C10108%2C10114%2C10145%2C10148%2C10151%2C10180%2C10186%2C10199%2C10204%2C10208%2C10216%2C10232%2C10235%2C10243%2C10247%2C10279%2C10283%2C10288-10289%2C10292%2C10294%2C10299%2C10306%2C10334%2C10369%2C10374%2C10379%2C10383%2C10388%2C10392%2C10398%2C10405%2C10411%2C10417%2C10459%2C10465%2C10474%2C10476%2C10478%2C10482-10483%2C10487-10489%2C10491%2C10494%2C10535%2C10561-10562%2C10565-10566%2C10578%2C10580-10581%2C10590%2C10600%2C10604%2C11664%2C11669%2C11681%2C11683%2C11698%2C11702-11703%2C11707%2C11740%2C11754%2C11757%2C11763%2C11776%2C11781%2C11783%2C11785%2C11787%2C11789%2C11791-11793%2C11810%2C11814%2C11816%2C11821%2C11823%2C11827-11828%2C11830
r11848
r11852
r11857
  +dir_prop: branches/qmmp-1.7 svn:mergeinfo /branches/qmmp-0.10:7522%0A/branches/qmmp-0.11:7919%0A/branches/qmmp-0.12:7828%2C7918%2C8045%2C8073-8075%2C8668%2C8705%0A/branches/qmmp-1.0:5596%0A/branches/qmmp-1.1:5819%2C5968%2C6043%2C6172%2C6233%2C6442%0A/branches/qmmp-1.2:6799%2C6945%2C6975%2C7173%2C7382%2C7520%0A/branches/qmmp-1.3:8706%2C8913%0A/branches/qmmp-1.6:10666%2C10780%2C10800%0A/branches/qmmp-2.1:11357%0A/trunk/qmmp:9936%2C9953%2C9959%2C10009%2C10041%2C10049%2C10066%2C10070%2C10073%2C10076%2C10079%2C10084%2C10096%2C10108%2C10114%2C10145%2C10148%2C10151%2C10180%2C10186%2C10199%2C10204%2C10208%2C10216%2C10232%2C10235%2C10243%2C10247%2C10279%2C10283%2C10288-10289%2C10292%2C10294%2C10299%2C10306%2C10334%2C10369%2C10374%2C10379%2C10383%2C10388%2C10392%2C10398%2C10405%2C10411%2C10417%2C10459%2C10465%2C10474%2C10476%2C10478%2C10482-10483%2C10487-10489%2C10491%2C10494%2C10535%2C10561-10562%2C10565-10566%2C10578%2C10580-10581%2C10590%2C10600%2C10604%2C11664%2C11669%2C11681%2C11683%2C11698%2C11702-11703%2C11707%2C11740%2C11754%2C11757%2C11763%2C11776%2C11781%2C11783%2C11785%2C11787%2C11789%2C11791-11793%2C11810%2C11814%2C11816%2C11821%2C11823%2C11827-11828%2C11830%2C11856
r11859
  +dir_prop: branches/qmmp-1.7 svn:mergeinfo /branches/qmmp-0.10:7522%0A/branches/qmmp-0.11:7919%0A/branches/qmmp-0.12:7828%2C7918%2C8045%2C8073-8075%2C8668%2C8705%0A/branches/qmmp-1.0:5596%0A/branches/qmmp-1.1:5819%2C5968%2C6043%2C6172%2C6233%2C6442%0A/branches/qmmp-1.2:6799%2C6945%2C6975%2C7173%2C7382%2C7520%0A/branches/qmmp-1.3:8706%2C8913%0A/branches/qmmp-1.6:10666%2C10780%2C10800%0A/branches/qmmp-2.1:11357%0A/trunk/qmmp:9936%2C9953%2C9959%2C10009%2C10041%2C10049%2C10066%2C10070%2C10073%2C10076%2C10079%2C10084%2C10096%2C10108%2C10114%2C10145%2C10148%2C10151%2C10180%2C10186%2C10199%2C10204%2C10208%2C10216%2C10232%2C10235%2C10243%2C10247%2C10279%2C10283%2C10288-10289%2C10292%2C10294%2C10299%2C10306%2C10334%2C10369%2C10374%2C10379%2C10383%2C10388%2C10392%2C10398%2C10405%2C10411%2C10417%2C10459%2C10465%2C10474%2C10476%2C10478%2C10482-10483%2C10487-10489%2C10491%2C10494%2C10535%2C10561-10562%2C10565-10566%2C10578%2C10580-10581%2C10590%2C10600%2C10604%2C11664%2C11669%2C11681%2C11683%2C11698%2C11702-11703%2C11707%2C11740%2C11754%2C11757%2C11763%2C11776%2C11781%2C11783%2C11785%2C11787%2C11789%2C11791-11793%2C11810%2C11814%2C11816%2C11821%2C11823%2C11827-11828%2C11830%2C11856%2C11858
r11860
r11873
r11877
  +dir_prop: branches/qmmp-1.7 svn:mergeinfo /branches/qmmp-0.10:7522%0A/branches/qmmp-0.11:7919%0A/branches/qmmp-0.12:7828%2C7918%2C8045%2C8073-8075%2C8668%2C8705%0A/branches/qmmp-1.0:5596%0A/branches/qmmp-1.1:5819%2C5968%2C6043%2C6172%2C6233%2C6442%0A/branches/qmmp-1.2:6799%2C6945%2C6975%2C7173%2C7382%2C7520%0A/branches/qmmp-1.3:8706%2C8913%0A/branches/qmmp-1.6:10666%2C10780%2C10800%0A/branches/qmmp-2.1:11357%0A/trunk/qmmp:9936%2C9953%2C9959%2C10009%2C10041%2C10049%2C10066%2C10070%2C10073%2C10076%2C10079%2C10084%2C10096%2C10108%2C10114%2C10145%2C10148%2C10151%2C10180%2C10186%2C10199%2C10204%2C10208%2C10216%2C10232%2C10235%2C10243%2C10247%2C10279%2C10283%2C10288-10289%2C10292%2C10294%2C10299%2C10306%2C10334%2C10369%2C10374%2C10379%2C10383%2C10388%2C10392%2C10398%2C10405%2C10411%2C10417%2C10459%2C10465%2C10474%2C10476%2C10478%2C10482-10483%2C10487-10489%2C10491%2C10494%2C10535%2C10561-10562%2C10565-10566%2C10578%2C10580-10581%2C10590%2C10600%2C10604%2C11664%2C11669%2C11681%2C11683%2C11698%2C11702-11703%2C11707%2C11740%2C11754%2C11757%2C11763%2C11776%2C11781%2C11783%2C11785%2C11787%2C11789%2C11791-11793%2C11810%2C11814%2C11816%2C11821%2C11823%2C11827-11828%2C11830%2C11856%2C11858%2C11868
r11881
  +dir_prop: branches/qmmp-1.7 svn:mergeinfo /branches/qmmp-0.10:7522%0A/branches/qmmp-0.11:7919%0A/branches/qmmp-0.12:7828%2C7918%2C8045%2C8073-8075%2C8668%2C8705%0A/branches/qmmp-1.0:5596%0A/branches/qmmp-1.1:5819%2C5968%2C6043%2C6172%2C6233%2C6442%0A/branches/qmmp-1.2:6799%2C6945%2C6975%2C7173%2C7382%2C7520%0A/branches/qmmp-1.3:8706%2C8913%0A/branches/qmmp-1.6:10666%2C10780%2C10800%0A/branches/qmmp-2.1:11357%0A/trunk/qmmp:9936%2C9953%2C9959%2C10009%2C10041%2C10049%2C10066%2C10070%2C10073%2C10076%2C10079%2C10084%2C10096%2C10108%2C10114%2C10145%2C10148%2C10151%2C10180%2C10186%2C10199%2C10204%2C10208%2C10216%2C10232%2C10235%2C10243%2C10247%2C10279%2C10283%2C10288-10289%2C10292%2C10294%2C10299%2C10306%2C10334%2C10369%2C10374%2C10379%2C10383%2C10388%2C10392%2C10398%2C10405%2C10411%2C10417%2C10459%2C10465%2C10474%2C10476%2C10478%2C10482-10483%2C10487-10489%2C10491%2C10494%2C10535%2C10561-10562%2C10565-10566%2C10578%2C10580-10581%2C10590%2C10600%2C10604%2C11664%2C11669%2C11681%2C11683%2C11698%2C11702-11703%2C11707%2C11740%2C11754%2C11757%2C11763%2C11776%2C11781%2C11783%2C11785%2C11787%2C11789%2C11791-11793%2C11810%2C11814%2C11816%2C11821%2C11823%2C11827-11828%2C11830%2C11856%2C11858%2C11868%2C11880
r11902
r11907
  +dir_prop: branches/qmmp-1.7 svn:mergeinfo /branches/qmmp-0.10:7522%0A/branches/qmmp-0.11:7919%0A/branches/qmmp-0.12:7828%2C7918%2C8045%2C8073-8075%2C8668%2C8705%0A/branches/qmmp-1.0:5596%0A/branches/qmmp-1.1:5819%2C5968%2C6043%2C6172%2C6233%2C6442%0A/branches/qmmp-1.2:6799%2C6945%2C6975%2C7173%2C7382%2C7520%0A/branches/qmmp-1.3:8706%2C8913%0A/branches/qmmp-1.6:10666%2C10780%2C10800%0A/branches/qmmp-2.1:11357%0A/branches/qmmp-2.2:11906%0A/trunk/qmmp:9936%2C9953%2C9959%2C10009%2C10041%2C10049%2C10066%2C10070%2C10073%2C10076%2C10079%2C10084%2C10096%2C10108%2C10114%2C10145%2C10148%2C10151%2C10180%2C10186%2C10199%2C10204%2C10208%2C10216%2C10232%2C10235%2C10243%2C10247%2C10279%2C10283%2C10288-10289%2C10292%2C10294%2C10299%2C10306%2C10334%2C10369%2C10374%2C10379%2C10383%2C10388%2C10392%2C10398%2C10405%2C10411%2C10417%2C10459%2C10465%2C10474%2C10476%2C10478%2C10482-10483%2C10487-10489%2C10491%2C10494%2C10535%2C10561-10562%2C10565-10566%2C10578%2C10580-10581%2C10590%2C10600%2C10604%2C11664%2C11669%2C11681%2C11683%2C11698%2C11702-11703%2C11707%2C11740%2C11754%2C11757%2C11763%2C11776%2C11781%2C11783%2C11785%2C11787%2C11789%2C11791-11793%2C11810%2C11814%2C11816%2C11821%2C11823%2C11827-11828%2C11830%2C11856%2C11858%2C11868%2C11880
r11910
r11911
r11912
r11915
r11926
  +dir_prop: branches/qmmp-1.7 svn:mergeinfo /branches/qmmp-0.10:7522%0A/branches/qmmp-0.11:7919%0A/branches/qmmp-0.12:7828%2C7918%2C8045%2C8073-8075%2C8668%2C8705%0A/branches/qmmp-1.0:5596%0A/branches/qmmp-1.1:5819%2C5968%2C6043%2C6172%2C6233%2C6442%0A/branches/qmmp-1.2:6799%2C6945%2C6975%2C7173%2C7382%2C7520%0A/branches/qmmp-1.3:8706%2C8913%0A/branches/qmmp-1.6:10666%2C10780%2C10800%0A/branches/qmmp-2.1:11357%0A/branches/qmmp-2.2:11906%0A/trunk/qmmp:9936%2C9953%2C9959%2C10009%2C10041%2C10049%2C10066%2C10070%2C10073%2C10076%2C10079%2C10084%2C10096%2C10108%2C10114%2C10145%2C10148%2C10151%2C10180%2C10186%2C10199%2C10204%2C10208%2C10216%2C10232%2C10235%2C10243%2C10247%2C10279%2C10283%2C10288-10289%2C10292%2C10294%2C10299%2C10306%2C10334%2C10369%2C10374%2C10379%2C10383%2C10388%2C10392%2C10398%2C10405%2C10411%2C10417%2C10459%2C10465%2C10474%2C10476%2C10478%2C10482-10483%2C10487-10489%2C10491%2C10494%2C10535%2C10561-10562%2C10565-10566%2C10578%2C10580-10581%2C10590%2C10600%2C10604%2C11664%2C11669%2C11681%2C11683%2C11698%2C11702-11703%2C11707%2C11740%2C11754%2C11757%2C11763%2C11776%2C11781%2C11783%2C11785%2C11787%2C11789%2C11791-11793%2C11810%2C11814%2C11816%2C11821%2C11823%2C11827-11828%2C11830%2C11856%2C11858%2C11868%2C11880%2C11922
r11929
  +dir_prop: branches/qmmp-1.7 svn:mergeinfo /branches/qmmp-0.10:7522%0A/branches/qmmp-0.11:7919%0A/branches/qmmp-0.12:7828%2C7918%2C8045%2C8073-8075%2C8668%2C8705%0A/branches/qmmp-1.0:5596%0A/branches/qmmp-1.1:5819%2C5968%2C6043%2C6172%2C6233%2C6442%0A/branches/qmmp-1.2:6799%2C6945%2C6975%2C7173%2C7382%2C7520%0A/branches/qmmp-1.3:8706%2C8913%0A/branches/qmmp-1.6:10666%2C10780%2C10800%0A/branches/qmmp-2.1:11357%0A/branches/qmmp-2.2:11906%0A/trunk/qmmp:9936%2C9953%2C9959%2C10009%2C10041%2C10049%2C10066%2C10070%2C10073%2C10076%2C10079%2C10084%2C10096%2C10108%2C10114%2C10145%2C10148%2C10151%2C10180%2C10186%2C10199%2C10204%2C10208%2C10216%2C10232%2C10235%2C10243%2C10247%2C10279%2C10283%2C10288-10289%2C10292%2C10294%2C10299%2C10306%2C10334%2C10369%2C10374%2C10379%2C10383%2C10388%2C10392%2C10398%2C10405%2C10411%2C10417%2C10459%2C10465%2C10474%2C10476%2C10478%2C10482-10483%2C10487-10489%2C10491%2C10494%2C10535%2C10561-10562%2C10565-10566%2C10578%2C10580-10581%2C10590%2C10600%2C10604%2C11664%2C11669%2C11681%2C11683%2C11698%2C11702-11703%2C11707%2C11740%2C11754%2C11757%2C11763%2C11776%2C11781%2C11783%2C11785%2C11787%2C11789%2C11791-11793%2C11810%2C11814%2C11816%2C11821%2C11823%2C11827-11828%2C11830%2C11856%2C11858%2C11868%2C11880%2C11922%2C11924
  +dir_prop: branches/qmmp-1.7/src/plugins/Ui/qsui svn:mergeinfo /branches/qmmp-0.12/src/plugins/Ui/qsui:8073-8075%0A/branches/qmmp-1.1/src/plugins/Ui/qsui:6172%0A/branches/qmmp-1.2/src/plugins/Ui/qsui:7382%0A/trunk/qmmp/src/plugins/Ui/qsui:10148%2C10151%2C10180%2C10247%2C10279%2C10283%2C10288-10289%2C10292%2C10294%2C10411%2C10488-10489%2C10535%2C10561-10562%2C10565-10566%2C11681%2C11698%2C11789%2C11792%2C11823%2C11924%0A/trunk/qmmp/src/plugins/Ui/skinned:5223%2C6018-6019%2C6022
r11934
r11936
r11947
r11957
  +dir_prop: branches/qmmp-1.7 svn:mergeinfo /branches/qmmp-0.10:7522%0A/branches/qmmp-0.11:7919%0A/branches/qmmp-0.12:7828%2C7918%2C8045%2C8073-8075%2C8668%2C8705%0A/branches/qmmp-1.0:5596%0A/branches/qmmp-1.1:5819%2C5968%2C6043%2C6172%2C6233%2C6442%0A/branches/qmmp-1.2:6799%2C6945%2C6975%2C7173%2C7382%2C7520%0A/branches/qmmp-1.3:8706%2C8913%0A/branches/qmmp-1.6:10666%2C10780%2C10800%0A/branches/qmmp-2.1:11357%0A/branches/qmmp-2.2:11906%0A/trunk/qmmp:9936%2C9953%2C9959%2C10009%2C10041%2C10049%2C10066%2C10070%2C10073%2C10076%2C10079%2C10084%2C10096%2C10108%2C10114%2C10145%2C10148%2C10151%2C10180%2C10186%2C10199%2C10204%2C10208%2C10216%2C10232%2C10235%2C10243%2C10247%2C10279%2C10283%2C10288-10289%2C10292%2C10294%2C10299%2C10306%2C10334%2C10369%2C10374%2C10379%2C10383%2C10388%2C10392%2C10398%2C10405%2C10411%2C10417%2C10459%2C10465%2C10474%2C10476%2C10478%2C10482-10483%2C10487-10489%2C10491%2C10494%2C10535%2C10561-10562%2C10565-10566%2C10578%2C10580-10581%2C10590%2C10600%2C10604%2C11664%2C11669%2C11681%2C11683%2C11698%2C11702-11703%2C11707%2C11740%2C11754%2C11757%2C11763%2C11776%2C11781%2C11783%2C11785%2C11787%2C11789%2C11791-11793%2C11810%2C11814%2C11816%2C11821%2C11823%2C11827-11828%2C11830%2C11856%2C11858%2C11868%2C11880%2C11922%2C11924%2C11955
  +dir_prop: branches/qmmp-1.7/src/plugins/Ui/qsui svn:mergeinfo /branches/qmmp-0.12/src/plugins/Ui/qsui:8073-8075%0A/branches/qmmp-1.1/src/plugins/Ui/qsui:6172%0A/branches/qmmp-1.2/src/plugins/Ui/qsui:7382%0A/trunk/qmmp/src/plugins/Ui/qsui:10148%2C10151%2C10180%2C10247%2C10279%2C10283%2C10288-10289%2C10292%2C10294%2C10411%2C10488-10489%2C10535%2C10561-10562%2C10565-10566%2C11681%2C11698%2C11789%2C11792%2C11823%2C11924%2C11955%0A/trunk/qmmp/src/plugins/Ui/skinned:5223%2C6018-6019%2C6022
r11961
  +dir_prop: branches/qmmp-1.7 svn:mergeinfo /branches/qmmp-0.10:7522%0A/branches/qmmp-0.11:7919%0A/branches/qmmp-0.12:7828%2C7918%2C8045%2C8073-8075%2C8668%2C8705%0A/branches/qmmp-1.0:5596%0A/branches/qmmp-1.1:5819%2C5968%2C6043%2C6172%2C6233%2C6442%0A/branches/qmmp-1.2:6799%2C6945%2C6975%2C7173%2C7382%2C7520%0A/branches/qmmp-1.3:8706%2C8913%0A/branches/qmmp-1.6:10666%2C10780%2C10800%0A/branches/qmmp-2.1:11357%0A/branches/qmmp-2.2:11906%0A/trunk/qmmp:9936%2C9953%2C9959%2C10009%2C10041%2C10049%2C10066%2C10070%2C10073%2C10076%2C10079%2C10084%2C10096%2C10108%2C10114%2C10145%2C10148%2C10151%2C10180%2C10186%2C10199%2C10204%2C10208%2C10216%2C10232%2C10235%2C10243%2C10247%2C10279%2C10283%2C10288-10289%2C10292%2C10294%2C10299%2C10306%2C10334%2C10369%2C10374%2C10379%2C10383%2C10388%2C10392%2C10398%2C10405%2C10411%2C10417%2C10459%2C10465%2C10474%2C10476%2C10478%2C10482-10483%2C10487-10489%2C10491%2C10494%2C10535%2C10561-10562%2C10565-10566%2C10578%2C10580-10581%2C10590%2C10600%2C10604%2C11664%2C11669%2C11681%2C11683%2C11698%2C11702-11703%2C11707%2C11740%2C11754%2C11757%2C11763%2C11776%2C11781%2C11783%2C11785%2C11787%2C11789%2C11791-11793%2C11810%2C11814%2C11816%2C11821%2C11823%2C11827-11828%2C11830%2C11856%2C11858%2C11868%2C11880%2C11922%2C11924%2C11955%2C11959
r11965
  +dir_prop: branches/qmmp-1.7 svn:mergeinfo /branches/qmmp-0.10:7522%0A/branches/qmmp-0.11:7919%0A/branches/qmmp-0.12:7828%2C7918%2C8045%2C8073-8075%2C8668%2C8705%0A/branches/qmmp-1.0:5596%0A/branches/qmmp-1.1:5819%2C5968%2C6043%2C6172%2C6233%2C6442%0A/branches/qmmp-1.2:6799%2C6945%2C6975%2C7173%2C7382%2C7520%0A/branches/qmmp-1.3:8706%2C8913%0A/branches/qmmp-1.6:10666%2C10780%2C10800%0A/branches/qmmp-2.1:11357%0A/branches/qmmp-2.2:11906%0A/trunk/qmmp:9936%2C9953%2C9959%2C10009%2C10041%2C10049%2C10066%2C10070%2C10073%2C10076%2C10079%2C10084%2C10096%2C10108%2C10114%2C10145%2C10148%2C10151%2C10180%2C10186%2C10199%2C10204%2C10208%2C10216%2C10232%2C10235%2C10243%2C10247%2C10279%2C10283%2C10288-10289%2C10292%2C10294%2C10299%2C10306%2C10334%2C10369%2C10374%2C10379%2C10383%2C10388%2C10392%2C10398%2C10405%2C10411%2C10417%2C10459%2C10465%2C10474%2C10476%2C10478%2C10482-10483%2C10487-10489%2C10491%2C10494%2C10535%2C10561-10562%2C10565-10566%2C10578%2C10580-10581%2C10590%2C10600%2C10604%2C11664%2C11669%2C11681%2C11683%2C11698%2C11702-11703%2C11707%2C11740%2C11754%2C11757%2C11763%2C11776%2C11781%2C11783%2C11785%2C11787%2C11789%2C11791-11793%2C11810%2C11814%2C11816%2C11821%2C11823%2C11827-11828%2C11830%2C11856%2C11858%2C11868%2C11880%2C11922%2C11924%2C11955%2C11959%2C11963
r11968
  +dir_prop: branches/qmmp-1.7 svn:mergeinfo /branches/qmmp-0.10:7522%0A/branches/qmmp-0.11:7919%0A/branches/qmmp-0.12:7828%2C7918%2C8045%2C8073-8075%2C8668%2C8705%0A/branches/qmmp-1.0:5596%0A/branches/qmmp-1.1:5819%2C5968%2C6043%2C6172%2C6233%2C6442%0A/branches/qmmp-1.2:6799%2C6945%2C6975%2C7173%2C7382%2C7520%0A/branches/qmmp-1.3:8706%2C8913%0A/branches/qmmp-1.6:10666%2C10780%2C10800%0A/branches/qmmp-2.1:11357%0A/branches/qmmp-2.2:11906%0A/trunk/qmmp:9936%2C9953%2C9959%2C10009%2C10041%2C10049%2C10066%2C10070%2C10073%2C10076%2C10079%2C10084%2C10096%2C10108%2C10114%2C10145%2C10148%2C10151%2C10180%2C10186%2C10199%2C10204%2C10208%2C10216%2C10232%2C10235%2C10243%2C10247%2C10279%2C10283%2C10288-10289%2C10292%2C10294%2C10299%2C10306%2C10334%2C10369%2C10374%2C10379%2C10383%2C10388%2C10392%2C10398%2C10405%2C10411%2C10417%2C10459%2C10465%2C10474%2C10476%2C10478%2C10482-10483%2C10487-10489%2C10491%2C10494%2C10535%2C10561-10562%2C10565-10566%2C10578%2C10580-10581%2C10590%2C10600%2C10604%2C11664%2C11669%2C11681%2C11683%2C11698%2C11702-11703%2C11707%2C11740%2C11754%2C11757%2C11763%2C11776%2C11781%2C11783%2C11785%2C11787%2C11789%2C11791-11793%2C11810%2C11814%2C11816%2C11821%2C11823%2C11827-11828%2C11830%2C11856%2C11858%2C11868%2C11880%2C11922%2C11924%2C11955%2C11959%2C11963%2C11966
r11970
  +dir_prop: branches/qmmp-1.7 svn:mergeinfo /branches/qmmp-0.10:7522%0A/branches/qmmp-0.11:7919%0A/branches/qmmp-0.12:7828%2C7918%2C8045%2C8073-8075%2C8668%2C8705%0A/branches/qmmp-1.0:5596%0A/branches/qmmp-1.1:5819%2C5968%2C6043%2C6172%2C6233%2C6442%0A/branches/qmmp-1.2:6799%2C6945%2C6975%2C7173%2C7382%2C7520%0A/branches/qmmp-1.3:8706%2C8913%0A/branches/qmmp-1.6:10666%2C10780%2C10800%0A/branches/qmmp-2.1:11357%0A/branches/qmmp-2.2:11906%2C11969%0A/trunk/qmmp:9936%2C9953%2C9959%2C10009%2C10041%2C10049%2C10066%2C10070%2C10073%2C10076%2C10079%2C10084%2C10096%2C10108%2C10114%2C10145%2C10148%2C10151%2C10180%2C10186%2C10199%2C10204%2C10208%2C10216%2C10232%2C10235%2C10243%2C10247%2C10279%2C10283%2C10288-10289%2C10292%2C10294%2C10299%2C10306%2C10334%2C10369%2C10374%2C10379%2C10383%2C10388%2C10392%2C10398%2C10405%2C10411%2C10417%2C10459%2C10465%2C10474%2C10476%2C10478%2C10482-10483%2C10487-10489%2C10491%2C10494%2C10535%2C10561-10562%2C10565-10566%2C10578%2C10580-10581%2C10590%2C10600%2C10604%2C11664%2C11669%2C11681%2C11683%2C11698%2C11702-11703%2C11707%2C11740%2C11754%2C11757%2C11763%2C11776%2C11781%2C11783%2C11785%2C11787%2C11789%2C11791-11793%2C11810%2C11814%2C11816%2C11821%2C11823%2C11827-11828%2C11830%2C11856%2C11858%2C11868%2C11880%2C11922%2C11924%2C11955%2C11959%2C11963%2C11966
r11982
  +dir_prop: branches/qmmp-1.7 svn:mergeinfo /branches/qmmp-0.10:7522%0A/branches/qmmp-0.11:7919%0A/branches/qmmp-0.12:7828%2C7918%2C8045%2C8073-8075%2C8668%2C8705%0A/branches/qmmp-1.0:5596%0A/branches/qmmp-1.1:5819%2C5968%2C6043%2C6172%2C6233%2C6442%0A/branches/qmmp-1.2:6799%2C6945%2C6975%2C7173%2C7382%2C7520%0A/branches/qmmp-1.3:8706%2C8913%0A/branches/qmmp-1.6:10666%2C10780%2C10800%0A/branches/qmmp-2.1:11357%0A/branches/qmmp-2.2:11906%2C11969%0A/trunk/qmmp:9936%2C9953%2C9959%2C10009%2C10041%2C10049%2C10066%2C10070%2C10073%2C10076%2C10079%2C10084%2C10096%2C10108%2C10114%2C10145%2C10148%2C10151%2C10180%2C10186%2C10199%2C10204%2C10208%2C10216%2C10232%2C10235%2C10243%2C10247%2C10279%2C10283%2C10288-10289%2C10292%2C10294%2C10299%2C10306%2C10334%2C10369%2C10374%2C10379%2C10383%2C10388%2C10392%2C10398%2C10405%2C10411%2C10417%2C10459%2C10465%2C10474%2C10476%2C10478%2C10482-10483%2C10487-10489%2C10491%2C10494%2C10535%2C10561-10562%2C10565-10566%2C10578%2C10580-10581%2C10590%2C10600%2C10604%2C11664%2C11669%2C11681%2C11683%2C11698%2C11702-11703%2C11707%2C11740%2C11754%2C11757%2C11763%2C11776%2C11781%2C11783%2C11785%2C11787%2C11789%2C11791-11793%2C11810%2C11814%2C11816%2C11821%2C11823%2C11827-11828%2C11830%2C11856%2C11858%2C11868%2C11880%2C11922%2C11924%2C11955%2C11959%2C11963%2C11966%2C11977
r11984
r11988
  +dir_prop: branches/qmmp-1.7 svn:mergeinfo /branches/qmmp-0.10:7522%0A/branches/qmmp-0.11:7919%0A/branches/qmmp-0.12:7828%2C7918%2C8045%2C8073-8075%2C8668%2C8705%0A/branches/qmmp-1.0:5596%0A/branches/qmmp-1.1:5819%2C5968%2C6043%2C6172%2C6233%2C6442%0A/branches/qmmp-1.2:6799%2C6945%2C6975%2C7173%2C7382%2C7520%0A/branches/qmmp-1.3:8706%2C8913%0A/branches/qmmp-1.6:10666%2C10780%2C10800%0A/branches/qmmp-2.1:11357%0A/branches/qmmp-2.2:11906%2C11969%0A/trunk/qmmp:9936%2C9953%2C9959%2C10009%2C10041%2C10049%2C10066%2C10070%2C10073%2C10076%2C10079%2C10084%2C10096%2C10108%2C10114%2C10145%2C10148%2C10151%2C10180%2C10186%2C10199%2C10204%2C10208%2C10216%2C10232%2C10235%2C10243%2C10247%2C10279%2C10283%2C10288-10289%2C10292%2C10294%2C10299%2C10306%2C10334%2C10369%2C10374%2C10379%2C10383%2C10388%2C10392%2C10398%2C10405%2C10411%2C10417%2C10459%2C10465%2C10474%2C10476%2C10478%2C10482-10483%2C10487-10489%2C10491%2C10494%2C10535%2C10561-10562%2C10565-10566%2C10578%2C10580-10581%2C10590%2C10600%2C10604%2C11664%2C11669%2C11681%2C11683%2C11698%2C11702-11703%2C11707%2C11740%2C11754%2C11757%2C11763%2C11776%2C11781%2C11783%2C11785%2C11787%2C11789%2C11791-11793%2C11810%2C11814%2C11816%2C11821%2C11823%2C11827-11828%2C11830%2C11856%2C11858%2C11868%2C11880%2C11922%2C11924%2C11955%2C11959%2C11963%2C11966%2C11977%2C11986
r11994
  +dir_prop: branches/qmmp-1.7 svn:mergeinfo /branches/qmmp-0.10:7522%0A/branches/qmmp-0.11:7919%0A/branches/qmmp-0.12:7828%2C7918%2C8045%2C8073-8075%2C8668%2C8705%0A/branches/qmmp-1.0:5596%0A/branches/qmmp-1.1:5819%2C5968%2C6043%2C6172%2C6233%2C6442%0A/branches/qmmp-1.2:6799%2C6945%2C6975%2C7173%2C7382%2C7520%0A/branches/qmmp-1.3:8706%2C8913%0A/branches/qmmp-1.6:10666%2C10780%2C10800%0A/branches/qmmp-2.1:11357%0A/branches/qmmp-2.2:11906%2C11969%0A/trunk/qmmp:9936%2C9953%2C9959%2C10009%2C10041%2C10049%2C10066%2C10070%2C10073%2C10076%2C10079%2C10084%2C10096%2C10108%2C10114%2C10145%2C10148%2C10151%2C10180%2C10186%2C10199%2C10204%2C10208%2C10216%2C10232%2C10235%2C10243%2C10247%2C10279%2C10283%2C10288-10289%2C10292%2C10294%2C10299%2C10306%2C10334%2C10369%2C10374%2C10379%2C10383%2C10388%2C10392%2C10398%2C10405%2C10411%2C10417%2C10459%2C10465%2C10474%2C10476%2C10478%2C10482-10483%2C10487-10489%2C10491%2C10494%2C10535%2C10561-10562%2C10565-10566%2C10578%2C10580-10581%2C10590%2C10600%2C10604%2C11664%2C11669%2C11681%2C11683%2C11698%2C11702-11703%2C11707%2C11740%2C11754%2C11757%2C11763%2C11776%2C11781%2C11783%2C11785%2C11787%2C11789%2C11791-11793%2C11810%2C11814%2C11816%2C11821%2C11823%2C11827-11828%2C11830%2C11856%2C11858%2C11868%2C11880%2C11922%2C11924%2C11955%2C11959%2C11963%2C11966%2C11977%2C11986%2C11990
r11996
  +dir_prop: branches/qmmp-1.7 svn:mergeinfo /branches/qmmp-0.10:7522%0A/branches/qmmp-0.11:7919%0A/branches/qmmp-0.12:7828%2C7918%2C8045%2C8073-8075%2C8668%2C8705%0A/branches/qmmp-1.0:5596%0A/branches/qmmp-1.1:5819%2C5968%2C6043%2C6172%2C6233%2C6442%0A/branches/qmmp-1.2:6799%2C6945%2C6975%2C7173%2C7382%2C7520%0A/branches/qmmp-1.3:8706%2C8913%0A/branches/qmmp-1.6:10666%2C10780%2C10800%0A/branches/qmmp-2.1:11357%0A/branches/qmmp-2.2:11906%2C11969%0A/trunk/qmmp:9936%2C9953%2C9959%2C10009%2C10041%2C10049%2C10066%2C10070%2C10073%2C10076%2C10079%2C10084%2C10096%2C10108%2C10114%2C10145%2C10148%2C10151%2C10180%2C10186%2C10199%2C10204%2C10208%2C10216%2C10232%2C10235%2C10243%2C10247%2C10279%2C10283%2C10288-10289%2C10292%2C10294%2C10299%2C10306%2C10334%2C10369%2C10374%2C10379%2C10383%2C10388%2C10392%2C10398%2C10405%2C10411%2C10417%2C10459%2C10465%2C10474%2C10476%2C10478%2C10482-10483%2C10487-10489%2C10491%2C10494%2C10535%2C10561-10562%2C10565-10566%2C10578%2C10580-10581%2C10590%2C10600%2C10604%2C11664%2C11669%2C11681%2C11683%2C11698%2C11702-11703%2C11707%2C11740%2C11754%2C11757%2C11763%2C11776%2C11781%2C11783%2C11785%2C11787%2C11789%2C11791-11793%2C11810%2C11814%2C11816%2C11821%2C11823%2C11827-11828%2C11830%2C11856%2C11858%2C11868%2C11880%2C11922%2C11924%2C11955%2C11959%2C11963%2C11966%2C11977%2C11986%2C11990%2C11992
r12004
  +dir_prop: branches/qmmp-1.7 svn:mergeinfo /branches/qmmp-0.10:7522%0A/branches/qmmp-0.11:7919%0A/branches/qmmp-0.12:7828%2C7918%2C8045%2C8073-8075%2C8668%2C8705%0A/branches/qmmp-1.0:5596%0A/branches/qmmp-1.1:5819%2C5968%2C6043%2C6172%2C6233%2C6442%0A/branches/qmmp-1.2:6799%2C6945%2C6975%2C7173%2C7382%2C7520%0A/branches/qmmp-1.3:8706%2C8913%0A/branches/qmmp-1.6:10666%2C10780%2C10800%0A/branches/qmmp-2.1:11357%0A/branches/qmmp-2.2:11906%2C11969%0A/trunk/qmmp:9936%2C9953%2C9959%2C10009%2C10041%2C10049%2C10066%2C10070%2C10073%2C10076%2C10079%2C10084%2C10096%2C10108%2C10114%2C10145%2C10148%2C10151%2C10180%2C10186%2C10199%2C10204%2C10208%2C10216%2C10232%2C10235%2C10243%2C10247%2C10279%2C10283%2C10288-10289%2C10292%2C10294%2C10299%2C10306%2C10334%2C10369%2C10374%2C10379%2C10383%2C10388%2C10392%2C10398%2C10405%2C10411%2C10417%2C10459%2C10465%2C10474%2C10476%2C10478%2C10482-10483%2C10487-10489%2C10491%2C10494%2C10535%2C10561-10562%2C10565-10566%2C10578%2C10580-10581%2C10590%2C10600%2C10604%2C11664%2C11669%2C11681%2C11683%2C11698%2C11702-11703%2C11707%2C11740%2C11754%2C11757%2C11763%2C11776%2C11781%2C11783%2C11785%2C11787%2C11789%2C11791-11793%2C11810%2C11814%2C11816%2C11821%2C11823%2C11827-11828%2C11830%2C11856%2C11858%2C11868%2C11880%2C11922%2C11924%2C11955%2C11959%2C11963%2C11966%2C11977%2C11986%2C11990%2C11992%2C11997
r12006
  +dir_prop: branches/qmmp-1.7 svn:mergeinfo /branches/qmmp-0.10:7522%0A/branches/qmmp-0.11:7919%0A/branches/qmmp-0.12:7828%2C7918%2C8045%2C8073-8075%2C8668%2C8705%0A/branches/qmmp-1.0:5596%0A/branches/qmmp-1.1:5819%2C5968%2C6043%2C6172%2C6233%2C6442%0A/branches/qmmp-1.2:6799%2C6945%2C6975%2C7173%2C7382%2C7520%0A/branches/qmmp-1.3:8706%2C8913%0A/branches/qmmp-1.6:10666%2C10780%2C10800%0A/branches/qmmp-2.1:11357%0A/branches/qmmp-2.2:11906%2C11969%0A/trunk/qmmp:9936%2C9953%2C9959%2C10009%2C10041%2C10049%2C10066%2C10070%2C10073%2C10076%2C10079%2C10084%2C10096%2C10108%2C10114%2C10145%2C10148%2C10151%2C10180%2C10186%2C10199%2C10204%2C10208%2C10216%2C10232%2C10235%2C10243%2C10247%2C10279%2C10283%2C10288-10289%2C10292%2C10294%2C10299%2C10306%2C10334%2C10369%2C10374%2C10379%2C10383%2C10388%2C10392%2C10398%2C10405%2C10411%2C10417%2C10459%2C10465%2C10474%2C10476%2C10478%2C10482-10483%2C10487-10489%2C10491%2C10494%2C10535%2C10561-10562%2C10565-10566%2C10578%2C10580-10581%2C10590%2C10600%2C10604%2C11664%2C11669%2C11681%2C11683%2C11698%2C11702-11703%2C11707%2C11740%2C11754%2C11757%2C11763%2C11776%2C11781%2C11783%2C11785%2C11787%2C11789%2C11791-11793%2C11810%2C11814%2C11816%2C11821%2C11823%2C11827-11828%2C11830%2C11856%2C11858%2C11868%2C11880%2C11922%2C11924%2C11955%2C11959%2C11963%2C11966%2C11977%2C11986%2C11990%2C11992%2C11997-11998
r12007
  +dir_prop: branches/qmmp-1.7 svn:mergeinfo /branches/qmmp-0.10:7522%0A/branches/qmmp-0.11:7919%0A/branches/qmmp-0.12:7828%2C7918%2C8045%2C8073-8075%2C8668%2C8705%0A/branches/qmmp-1.0:5596%0A/branches/qmmp-1.1:5819%2C5968%2C6043%2C6172%2C6233%2C6442%0A/branches/qmmp-1.2:6799%2C6945%2C6975%2C7173%2C7382%2C7520%0A/branches/qmmp-1.3:8706%2C8913%0A/branches/qmmp-1.6:10666%2C10780%2C10800%0A/branches/qmmp-2.1:11357%0A/branches/qmmp-2.2:11906%2C11969%0A/trunk/qmmp:9936%2C9953%2C9959%2C10009%2C10041%2C10049%2C10066%2C10070%2C10073%2C10076%2C10079%2C10084%2C10096%2C10108%2C10114%2C10145%2C10148%2C10151%2C10180%2C10186%2C10199%2C10204%2C10208%2C10216%2C10232%2C10235%2C10243%2C10247%2C10279%2C10283%2C10288-10289%2C10292%2C10294%2C10299%2C10306%2C10334%2C10369%2C10374%2C10379%2C10383%2C10388%2C10392%2C10398%2C10405%2C10411%2C10417%2C10459%2C10465%2C10474%2C10476%2C10478%2C10482-10483%2C10487-10489%2C10491%2C10494%2C10535%2C10561-10562%2C10565-10566%2C10578%2C10580-10581%2C10590%2C10600%2C10604%2C11664%2C11669%2C11681%2C11683%2C11698%2C11702-11703%2C11707%2C11740%2C11754%2C11757%2C11763%2C11776%2C11781%2C11783%2C11785%2C11787%2C11789%2C11791-11793%2C11810%2C11814%2C11816%2C11821%2C11823%2C11827-11828%2C11830%2C11856%2C11858%2C11868%2C11880%2C11922%2C11924%2C11955%2C11959%2C11963%2C11966%2C11977%2C11986%2C11990%2C11992%2C11997-11998%2C12002
r12009
  +dir_prop: branches/qmmp-1.7 svn:mergeinfo /branches/qmmp-0.10:7522%0A/branches/qmmp-0.11:7919%0A/branches/qmmp-0.12:7828%2C7918%2C8045%2C8073-8075%2C8668%2C8705%0A/branches/qmmp-1.0:5596%0A/branches/qmmp-1.1:5819%2C5968%2C6043%2C6172%2C6233%2C6442%0A/branches/qmmp-1.2:6799%2C6945%2C6975%2C7173%2C7382%2C7520%0A/branches/qmmp-1.3:8706%2C8913%0A/branches/qmmp-1.6:10666%2C10780%2C10800%0A/branches/qmmp-2.1:11357%0A/branches/qmmp-2.2:11906%2C11969%0A/trunk/qmmp:9936%2C9953%2C9959%2C10009%2C10041%2C10049%2C10066%2C10070%2C10073%2C10076%2C10079%2C10084%2C10096%2C10108%2C10114%2C10145%2C10148%2C10151%2C10180%2C10186%2C10199%2C10204%2C10208%2C10216%2C10232%2C10235%2C10243%2C10247%2C10279%2C10283%2C10288-10289%2C10292%2C10294%2C10299%2C10306%2C10334%2C10369%2C10374%2C10379%2C10383%2C10388%2C10392%2C10398%2C10405%2C10411%2C10417%2C10459%2C10465%2C10474%2C10476%2C10478%2C10482-10483%2C10487-10489%2C10491%2C10494%2C10535%2C10561-10562%2C10565-10566%2C10578%2C10580-10581%2C10590%2C10600%2C10604%2C11664%2C11669%2C11681%2C11683%2C11698%2C11702-11703%2C11707%2C11740%2C11754%2C11757%2C11763%2C11776%2C11781%2C11783%2C11785%2C11787%2C11789%2C11791-11793%2C11810%2C11814%2C11816%2C11821%2C11823%2C11827-11828%2C11830%2C11856%2C11858%2C11868%2C11880%2C11922%2C11924%2C11955%2C11959%2C11963%2C11966%2C11974%2C11977%2C11986%2C11990%2C11992%2C11997-11998%2C12002
r12011
  +dir_prop: branches/qmmp-1.7 svn:mergeinfo /branches/qmmp-0.10:7522%0A/branches/qmmp-0.11:7919%0A/branches/qmmp-0.12:7828%2C7918%2C8045%2C8073-8075%2C8668%2C8705%0A/branches/qmmp-1.0:5596%0A/branches/qmmp-1.1:5819%2C5968%2C6043%2C6172%2C6233%2C6442%0A/branches/qmmp-1.2:6799%2C6945%2C6975%2C7173%2C7382%2C7520%0A/branches/qmmp-1.3:8706%2C8913%0A/branches/qmmp-1.6:10666%2C10780%2C10800%0A/branches/qmmp-2.1:11357%0A/branches/qmmp-2.2:11906%2C11969%2C12010%0A/trunk/qmmp:9936%2C9953%2C9959%2C10009%2C10041%2C10049%2C10066%2C10070%2C10073%2C10076%2C10079%2C10084%2C10096%2C10108%2C10114%2C10145%2C10148%2C10151%2C10180%2C10186%2C10199%2C10204%2C10208%2C10216%2C10232%2C10235%2C10243%2C10247%2C10279%2C10283%2C10288-10289%2C10292%2C10294%2C10299%2C10306%2C10334%2C10369%2C10374%2C10379%2C10383%2C10388%2C10392%2C10398%2C10405%2C10411%2C10417%2C10459%2C10465%2C10474%2C10476%2C10478%2C10482-10483%2C10487-10489%2C10491%2C10494%2C10535%2C10561-10562%2C10565-10566%2C10578%2C10580-10581%2C10590%2C10600%2C10604%2C11664%2C11669%2C11681%2C11683%2C11698%2C11702-11703%2C11707%2C11740%2C11754%2C11757%2C11763%2C11776%2C11781%2C11783%2C11785%2C11787%2C11789%2C11791-11793%2C11810%2C11814%2C11816%2C11821%2C11823%2C11827-11828%2C11830%2C11856%2C11858%2C11868%2C11880%2C11922%2C11924%2C11955%2C11959%2C11963%2C11966%2C11974%2C11977%2C11986%2C11990%2C11992%2C11997-11998%2C12002
r12014
r12022
  +dir_prop: branches/qmmp-1.7 svn:mergeinfo /branches/qmmp-0.10:7522%0A/branches/qmmp-0.11:7919%0A/branches/qmmp-0.12:7828%2C7918%2C8045%2C8073-8075%2C8668%2C8705%0A/branches/qmmp-1.0:5596%0A/branches/qmmp-1.1:5819%2C5968%2C6043%2C6172%2C6233%2C6442%0A/branches/qmmp-1.2:6799%2C6945%2C6975%2C7173%2C7382%2C7520%0A/branches/qmmp-1.3:8706%2C8913%0A/branches/qmmp-1.6:10666%2C10780%2C10800%0A/branches/qmmp-2.1:11357%0A/branches/qmmp-2.2:11906%2C11969%2C12010%2C12021%0A/trunk/qmmp:9936%2C9953%2C9959%2C10009%2C10041%2C10049%2C10066%2C10070%2C10073%2C10076%2C10079%2C10084%2C10096%2C10108%2C10114%2C10145%2C10148%2C10151%2C10180%2C10186%2C10199%2C10204%2C10208%2C10216%2C10232%2C10235%2C10243%2C10247%2C10279%2C10283%2C10288-10289%2C10292%2C10294%2C10299%2C10306%2C10334%2C10369%2C10374%2C10379%2C10383%2C10388%2C10392%2C10398%2C10405%2C10411%2C10417%2C10459%2C10465%2C10474%2C10476%2C10478%2C10482-10483%2C10487-10489%2C10491%2C10494%2C10535%2C10561-10562%2C10565-10566%2C10578%2C10580-10581%2C10590%2C10600%2C10604%2C11664%2C11669%2C11681%2C11683%2C11698%2C11702-11703%2C11707%2C11740%2C11754%2C11757%2C11763%2C11776%2C11781%2C11783%2C11785%2C11787%2C11789%2C11791-11793%2C11810%2C11814%2C11816%2C11821%2C11823%2C11827-11828%2C11830%2C11856%2C11858%2C11868%2C11880%2C11922%2C11924%2C11955%2C11959%2C11963%2C11966%2C11974%2C11977%2C11986%2C11990%2C11992%2C11997-11998%2C12002
r12026
r12045
  +dir_prop: branches/qmmp-1.7 svn:mergeinfo /branches/qmmp-0.10:7522%0A/branches/qmmp-0.11:7919%0A/branches/qmmp-0.12:7828%2C7918%2C8045%2C8073-8075%2C8668%2C8705%0A/branches/qmmp-1.0:5596%0A/branches/qmmp-1.1:5819%2C5968%2C6043%2C6172%2C6233%2C6442%0A/branches/qmmp-1.2:6799%2C6945%2C6975%2C7173%2C7382%2C7520%0A/branches/qmmp-1.3:8706%2C8913%0A/branches/qmmp-1.6:10666%2C10780%2C10800%0A/branches/qmmp-2.1:11357%0A/branches/qmmp-2.2:11906%2C11969%2C12010%2C12021%0A/trunk/qmmp:9936%2C9953%2C9959%2C10009%2C10041%2C10049%2C10066%2C10070%2C10073%2C10076%2C10079%2C10084%2C10096%2C10108%2C10114%2C10145%2C10148%2C10151%2C10180%2C10186%2C10199%2C10204%2C10208%2C10216%2C10232%2C10235%2C10243%2C10247%2C10279%2C10283%2C10288-10289%2C10292%2C10294%2C10299%2C10306%2C10334%2C10369%2C10374%2C10379%2C10383%2C10388%2C10392%2C10398%2C10405%2C10411%2C10417%2C10459%2C10465%2C10474%2C10476%2C10478%2C10482-10483%2C10487-10489%2C10491%2C10494%2C10535%2C10561-10562%2C10565-10566%2C10578%2C10580-10581%2C10590%2C10600%2C10604%2C11664%2C11669%2C11681%2C11683%2C11698%2C11702-11703%2C11707%2C11740%2C11754%2C11757%2C11763%2C11776%2C11781%2C11783%2C11785%2C11787%2C11789%2C11791-11793%2C11810%2C11814%2C11816%2C11821%2C11823%2C11827-11828%2C11830%2C11856%2C11858%2C11868%2C11880%2C11922%2C11924%2C11955%2C11959%2C11963%2C11966%2C11974%2C11977%2C11986%2C11990%2C11992%2C11997-11998%2C12002%2C12043
r12048
  +dir_prop: branches/qmmp-1.7 svn:mergeinfo /branches/qmmp-0.10:7522%0A/branches/qmmp-0.11:7919%0A/branches/qmmp-0.12:7828%2C7918%2C8045%2C8073-8075%2C8668%2C8705%0A/branches/qmmp-1.0:5596%0A/branches/qmmp-1.1:5819%2C5968%2C6043%2C6172%2C6233%2C6442%0A/branches/qmmp-1.2:6799%2C6945%2C6975%2C7173%2C7382%2C7520%0A/branches/qmmp-1.3:8706%2C8913%0A/branches/qmmp-1.6:10666%2C10780%2C10800%0A/branches/qmmp-2.1:11357%0A/branches/qmmp-2.2:11906%2C11969%2C12010%2C12021%0A/trunk/qmmp:9936%2C9953%2C9959%2C10009%2C10041%2C10049%2C10066%2C10070%2C10073%2C10076%2C10079%2C10084%2C10096%2C10108%2C10114%2C10145%2C10148%2C10151%2C10180%2C10186%2C10199%2C10204%2C10208%2C10216%2C10232%2C10235%2C10243%2C10247%2C10279%2C10283%2C10288-10289%2C10292%2C10294%2C10299%2C10306%2C10334%2C10369%2C10374%2C10379%2C10383%2C10388%2C10392%2C10398%2C10405%2C10411%2C10417%2C10459%2C10465%2C10474%2C10476%2C10478%2C10482-10483%2C10487-10489%2C10491%2C10494%2C10535%2C10561-10562%2C10565-10566%2C10578%2C10580-10581%2C10590%2C10600%2C10604%2C11664%2C11669%2C11681%2C11683%2C11698%2C11702-11703%2C11707%2C11740%2C11754%2C11757%2C11763%2C11776%2C11781%2C11783%2C11785%2C11787%2C11789%2C11791-11793%2C11810%2C11814%2C11816%2C11821%2C11823%2C11827-11828%2C11830%2C11856%2C11858%2C11868%2C11880%2C11922%2C11924%2C11955%2C11959%2C11963%2C11966%2C11974%2C11977%2C11986%2C11990%2C11992%2C11997-11998%2C12002%2C12043%2C12046
r12051
  +dir_prop: branches/qmmp-1.7 svn:mergeinfo /branches/qmmp-0.10:7522%0A/branches/qmmp-0.11:7919%0A/branches/qmmp-0.12:7828%2C7918%2C8045%2C8073-8075%2C8668%2C8705%0A/branches/qmmp-1.0:5596%0A/branches/qmmp-1.1:5819%2C5968%2C6043%2C6172%2C6233%2C6442%0A/branches/qmmp-1.2:6799%2C6945%2C6975%2C7173%2C7382%2C7520%0A/branches/qmmp-1.3:8706%2C8913%0A/branches/qmmp-1.6:10666%2C10780%2C10800%0A/branches/qmmp-2.1:11357%0A/branches/qmmp-2.2:11906%2C11969%2C12010%2C12021%0A/trunk/qmmp:9936%2C9953%2C9959%2C10009%2C10041%2C10049%2C10066%2C10070%2C10073%2C10076%2C10079%2C10084%2C10096%2C10108%2C10114%2C10145%2C10148%2C10151%2C10180%2C10186%2C10199%2C10204%2C10208%2C10216%2C10232%2C10235%2C10243%2C10247%2C10279%2C10283%2C10288-10289%2C10292%2C10294%2C10299%2C10306%2C10334%2C10369%2C10374%2C10379%2C10383%2C10388%2C10392%2C10398%2C10405%2C10411%2C10417%2C10459%2C10465%2C10474%2C10476%2C10478%2C10482-10483%2C10487-10489%2C10491%2C10494%2C10535%2C10561-10562%2C10565-10566%2C10578%2C10580-10581%2C10590%2C10600%2C10604%2C11664%2C11669%2C11681%2C11683%2C11698%2C11702-11703%2C11707%2C11740%2C11754%2C11757%2C11763%2C11776%2C11781%2C11783%2C11785%2C11787%2C11789%2C11791-11793%2C11810%2C11814%2C11816%2C11821%2C11823%2C11827-11828%2C11830%2C11856%2C11858%2C11868%2C11880%2C11922%2C11924%2C11955%2C11959%2C11963%2C11966%2C11974%2C11977%2C11986%2C11990%2C11992%2C11997-11998%2C12002%2C12043%2C12046%2C12049
r12053
  +dir_prop: branches/qmmp-1.7 svn:mergeinfo /branches/qmmp-0.10:7522%0A/branches/qmmp-0.11:7919%0A/branches/qmmp-0.12:7828%2C7918%2C8045%2C8073-8075%2C8668%2C8705%0A/branches/qmmp-1.0:5596%0A/branches/qmmp-1.1:5819%2C5968%2C6043%2C6172%2C6233%2C6442%0A/branches/qmmp-1.2:6799%2C6945%2C6975%2C7173%2C7382%2C7520%0A/branches/qmmp-1.3:8706%2C8913%0A/branches/qmmp-1.6:10666%2C10780%2C10800%0A/branches/qmmp-2.1:11357%0A/branches/qmmp-2.2:11906%2C11969%2C12010%2C12021%0A/trunk/qmmp:9936%2C9953%2C9959%2C10009%2C10041%2C10049%2C10066%2C10070%2C10073%2C10076%2C10079%2C10084%2C10096%2C10108%2C10114%2C10145%2C10148%2C10151%2C10180%2C10186%2C10199%2C10204%2C10208%2C10216%2C10232%2C10235%2C10243%2C10247%2C10279%2C10283%2C10288-10289%2C10292%2C10294%2C10299%2C10306%2C10334%2C10369%2C10374%2C10379%2C10383%2C10388%2C10392%2C10398%2C10405%2C10411%2C10417%2C10459%2C10465%2C10474%2C10476%2C10478%2C10482-10483%2C10487-10489%2C10491%2C10494%2C10535%2C10561-10562%2C10565-10566%2C10578%2C10580-10581%2C10590%2C10600%2C10604%2C11664%2C11669%2C11681%2C11683%2C11698%2C11702-11703%2C11707%2C11740%2C11754%2C11757%2C11763%2C11776%2C11781%2C11783%2C11785%2C11787%2C11789%2C11791-11793%2C11810%2C11814%2C11816%2C11821%2C11823%2C11827-11828%2C11830%2C11856%2C11858%2C11868%2C11880%2C11922%2C11924%2C11955%2C11959%2C11963%2C11966%2C11974%2C11977%2C11986%2C11990%2C11992%2C11997-11998%2C12002%2C12043%2C12046%2C12049%2C12052
r12058
  +dir_prop: branches/qmmp-1.7 svn:mergeinfo /branches/qmmp-0.10:7522%0A/branches/qmmp-0.11:7919%0A/branches/qmmp-0.12:7828%2C7918%2C8045%2C8073-8075%2C8668%2C8705%0A/branches/qmmp-1.0:5596%0A/branches/qmmp-1.1:5819%2C5968%2C6043%2C6172%2C6233%2C6442%0A/branches/qmmp-1.2:6799%2C6945%2C6975%2C7173%2C7382%2C7520%0A/branches/qmmp-1.3:8706%2C8913%0A/branches/qmmp-1.6:10666%2C10780%2C10800%0A/branches/qmmp-2.1:11357%0A/branches/qmmp-2.2:11906%2C11969%2C12010%2C12021%0A/trunk/qmmp:9936%2C9953%2C9959%2C10009%2C10041%2C10049%2C10066%2C10070%2C10073%2C10076%2C10079%2C10084%2C10096%2C10108%2C10114%2C10145%2C10148%2C10151%2C10180%2C10186%2C10199%2C10204%2C10208%2C10216%2C10232%2C10235%2C10243%2C10247%2C10279%2C10283%2C10288-10289%2C10292%2C10294%2C10299%2C10306%2C10334%2C10369%2C10374%2C10379%2C10383%2C10388%2C10392%2C10398%2C10405%2C10411%2C10417%2C10459%2C10465%2C10474%2C10476%2C10478%2C10482-10483%2C10487-10489%2C10491%2C10494%2C10535%2C10561-10562%2C10565-10566%2C10578%2C10580-10581%2C10590%2C10600%2C10604%2C11664%2C11669%2C11681%2C11683%2C11698%2C11702-11703%2C11707%2C11740%2C11754%2C11757%2C11763%2C11776%2C11781%2C11783%2C11785%2C11787%2C11789%2C11791-11793%2C11810%2C11814%2C11816%2C11821%2C11823%2C11827-11828%2C11830%2C11856%2C11858%2C11868%2C11880%2C11922%2C11924%2C11955%2C11959%2C11963%2C11966%2C11974%2C11977%2C11986%2C11990%2C11992%2C11997-11998%2C12002%2C12043%2C12046%2C12049%2C12052%2C12056
r12071
  +dir_prop: branches/qmmp-1.7 svn:mergeinfo /branches/qmmp-0.10:7522%0A/branches/qmmp-0.11:7919%0A/branches/qmmp-0.12:7828%2C7918%2C8045%2C8073-8075%2C8668%2C8705%0A/branches/qmmp-1.0:5596%0A/branches/qmmp-1.1:5819%2C5968%2C6043%2C6172%2C6233%2C6442%0A/branches/qmmp-1.2:6799%2C6945%2C6975%2C7173%2C7382%2C7520%0A/branches/qmmp-1.3:8706%2C8913%0A/branches/qmmp-1.6:10666%2C10780%2C10800%0A/branches/qmmp-2.1:11357%0A/branches/qmmp-2.2:11906%2C11969%2C12010%2C12021%0A/trunk/qmmp:9936%2C9953%2C9959%2C10009%2C10041%2C10049%2C10066%2C10070%2C10073%2C10076%2C10079%2C10084%2C10096%2C10108%2C10114%2C10145%2C10148%2C10151%2C10180%2C10186%2C10199%2C10204%2C10208%2C10216%2C10232%2C10235%2C10243%2C10247%2C10279%2C10283%2C10288-10289%2C10292%2C10294%2C10299%2C10306%2C10334%2C10369%2C10374%2C10379%2C10383%2C10388%2C10392%2C10398%2C10405%2C10411%2C10417%2C10459%2C10465%2C10474%2C10476%2C10478%2C10482-10483%2C10487-10489%2C10491%2C10494%2C10535%2C10561-10562%2C10565-10566%2C10578%2C10580-10581%2C10590%2C10600%2C10604%2C11664%2C11669%2C11681%2C11683%2C11698%2C11702-11703%2C11707%2C11740%2C11754%2C11757%2C11763%2C11776%2C11781%2C11783%2C11785%2C11787%2C11789%2C11791-11793%2C11810%2C11814%2C11816%2C11821%2C11823%2C11827-11828%2C11830%2C11856%2C11858%2C11868%2C11880%2C11922%2C11924%2C11955%2C11959%2C11963%2C11966%2C11974%2C11977%2C11986%2C11990%2C11992%2C11997-11998%2C12002%2C12043%2C12046%2C12049%2C12052%2C12056%2C12067-12069
r12073
  +dir_prop: branches/qmmp-1.7 svn:mergeinfo /branches/qmmp-0.10:7522%0A/branches/qmmp-0.11:7919%0A/branches/qmmp-0.12:7828%2C7918%2C8045%2C8073-8075%2C8668%2C8705%0A/branches/qmmp-1.0:5596%0A/branches/qmmp-1.1:5819%2C5968%2C6043%2C6172%2C6233%2C6442%0A/branches/qmmp-1.2:6799%2C6945%2C6975%2C7173%2C7382%2C7520%0A/branches/qmmp-1.3:8706%2C8913%0A/branches/qmmp-1.6:10666%2C10780%2C10800%0A/branches/qmmp-2.1:11357%0A/branches/qmmp-2.2:11906%2C11969%2C12010%2C12021%0A/trunk/qmmp:9936%2C9953%2C9959%2C10009%2C10041%2C10049%2C10066%2C10070%2C10073%2C10076%2C10079%2C10084%2C10096%2C10108%2C10114%2C10145%2C10148%2C10151%2C10180%2C10186%2C10199%2C10204%2C10208%2C10216%2C10232%2C10235%2C10243%2C10247%2C10279%2C10283%2C10288-10289%2C10292%2C10294%2C10299%2C10306%2C10334%2C10369%2C10374%2C10379%2C10383%2C10388%2C10392%2C10398%2C10405%2C10411%2C10417%2C10459%2C10465%2C10474%2C10476%2C10478%2C10482-10483%2C10487-10489%2C10491%2C10494%2C10535%2C10561-10562%2C10565-10566%2C10578%2C10580-10581%2C10590%2C10600%2C10604%2C11664%2C11669%2C11681%2C11683%2C11698%2C11702-11703%2C11707%2C11740%2C11754%2C11757%2C11763%2C11776%2C11781%2C11783%2C11785%2C11787%2C11789%2C11791-11793%2C11810%2C11814%2C11816%2C11821%2C11823%2C11827-11828%2C11830%2C11856%2C11858%2C11868%2C11880%2C11922%2C11924%2C11955%2C11959%2C11963%2C11966%2C11974%2C11977%2C11986%2C11990%2C11992%2C11997-11998%2C12002%2C12043%2C12046%2C12049%2C12052%2C12056%2C12067-12069%2C12072
r12078
r12084
  +dir_prop: branches/qmmp-1.7 svn:mergeinfo /branches/qmmp-0.10:7522%0A/branches/qmmp-0.11:7919%0A/branches/qmmp-0.12:7828%2C7918%2C8045%2C8073-8075%2C8668%2C8705%0A/branches/qmmp-1.0:5596%0A/branches/qmmp-1.1:5819%2C5968%2C6043%2C6172%2C6233%2C6442%0A/branches/qmmp-1.2:6799%2C6945%2C6975%2C7173%2C7382%2C7520%0A/branches/qmmp-1.3:8706%2C8913%0A/branches/qmmp-1.6:10666%2C10780%2C10800%0A/branches/qmmp-2.1:11357%0A/branches/qmmp-2.2:11906%2C11969%2C12010%2C12021%0A/trunk/qmmp:9936%2C9953%2C9959%2C10009%2C10041%2C10049%2C10066%2C10070%2C10073%2C10076%2C10079%2C10084%2C10096%2C10108%2C10114%2C10145%2C10148%2C10151%2C10180%2C10186%2C10199%2C10204%2C10208%2C10216%2C10232%2C10235%2C10243%2C10247%2C10279%2C10283%2C10288-10289%2C10292%2C10294%2C10299%2C10306%2C10334%2C10369%2C10374%2C10379%2C10383%2C10388%2C10392%2C10398%2C10405%2C10411%2C10417%2C10459%2C10465%2C10474%2C10476%2C10478%2C10482-10483%2C10487-10489%2C10491%2C10494%2C10535%2C10561-10562%2C10565-10566%2C10578%2C10580-10581%2C10590%2C10600%2C10604%2C11664%2C11669%2C11681%2C11683%2C11698%2C11702-11703%2C11707%2C11740%2C11754%2C11757%2C11763%2C11776%2C11781%2C11783%2C11785%2C11787%2C11789%2C11791-11793%2C11810%2C11814%2C11816%2C11821%2C11823%2C11827-11828%2C11830%2C11856%2C11858%2C11868%2C11880%2C11922%2C11924%2C11955%2C11959%2C11963%2C11966%2C11974%2C11977%2C11986%2C11990%2C11992%2C11997-11998%2C12002%2C12043%2C12046%2C12049%2C12052%2C12056%2C12067-12069%2C12072%2C12082
r12090
  +dir_prop: branches/qmmp-1.7 svn:mergeinfo /branches/qmmp-0.10:7522%0A/branches/qmmp-0.11:7919%0A/branches/qmmp-0.12:7828%2C7918%2C8045%2C8073-8075%2C8668%2C8705%0A/branches/qmmp-1.0:5596%0A/branches/qmmp-1.1:5819%2C5968%2C6043%2C6172%2C6233%2C6442%0A/branches/qmmp-1.2:6799%2C6945%2C6975%2C7173%2C7382%2C7520%0A/branches/qmmp-1.3:8706%2C8913%0A/branches/qmmp-1.6:10666%2C10780%2C10800%0A/branches/qmmp-2.1:11357%0A/branches/qmmp-2.2:11906%2C11969%2C12010%2C12021%0A/trunk/qmmp:9936%2C9953%2C9959%2C10009%2C10041%2C10049%2C10066%2C10070%2C10073%2C10076%2C10079%2C10084%2C10096%2C10108%2C10114%2C10145%2C10148%2C10151%2C10180%2C10186%2C10199%2C10204%2C10208%2C10216%2C10232%2C10235%2C10243%2C10247%2C10279%2C10283%2C10288-10289%2C10292%2C10294%2C10299%2C10306%2C10334%2C10369%2C10374%2C10379%2C10383%2C10388%2C10392%2C10398%2C10405%2C10411%2C10417%2C10459%2C10465%2C10474%2C10476%2C10478%2C10482-10483%2C10487-10489%2C10491%2C10494%2C10535%2C10561-10562%2C10565-10566%2C10578%2C10580-10581%2C10590%2C10600%2C10604%2C11664%2C11669%2C11681%2C11683%2C11698%2C11702-11703%2C11707%2C11740%2C11754%2C11757%2C11763%2C11776%2C11781%2C11783%2C11785%2C11787%2C11789%2C11791-11793%2C11810%2C11814%2C11816%2C11821%2C11823%2C11827-11828%2C11830%2C11856%2C11858%2C11868%2C11880%2C11922%2C11924%2C11955%2C11959%2C11963%2C11966%2C11974%2C11977%2C11986%2C11990%2C11992%2C11997-11998%2C12002%2C12043%2C12046%2C12049%2C12052%2C12056%2C12067-12069%2C12072%2C12082%2C12085%2C12087-12088
r12094
r12102
  +dir_prop: branches/qmmp-1.7 svn:mergeinfo /branches/qmmp-0.10:7522%0A/branches/qmmp-0.11:7919%0A/branches/qmmp-0.12:7828%2C7918%2C8045%2C8073-8075%2C8668%2C8705%0A/branches/qmmp-1.0:5596%0A/branches/qmmp-1.1:5819%2C5968%2C6043%2C6172%2C6233%2C6442%0A/branches/qmmp-1.2:6799%2C6945%2C6975%2C7173%2C7382%2C7520%0A/branches/qmmp-1.3:8706%2C8913%0A/branches/qmmp-1.6:10666%2C10780%2C10800%0A/branches/qmmp-2.1:11357%0A/branches/qmmp-2.2:11906%2C11969%2C12010%2C12021%0A/trunk/qmmp:9936%2C9953%2C9959%2C10009%2C10041%2C10049%2C10066%2C10070%2C10073%2C10076%2C10079%2C10084%2C10096%2C10108%2C10114%2C10145%2C10148%2C10151%2C10180%2C10186%2C10199%2C10204%2C10208%2C10216%2C10232%2C10235%2C10243%2C10247%2C10279%2C10283%2C10288-10289%2C10292%2C10294%2C10299%2C10306%2C10334%2C10369%2C10374%2C10379%2C10383%2C10388%2C10392%2C10398%2C10405%2C10411%2C10417%2C10459%2C10465%2C10474%2C10476%2C10478%2C10482-10483%2C10487-10489%2C10491%2C10494%2C10535%2C10561-10562%2C10565-10566%2C10578%2C10580-10581%2C10590%2C10600%2C10604%2C11664%2C11669%2C11681%2C11683%2C11698%2C11702-11703%2C11707%2C11740%2C11754%2C11757%2C11763%2C11776%2C11781%2C11783%2C11785%2C11787%2C11789%2C11791-11793%2C11810%2C11814%2C11816%2C11821%2C11823%2C11827-11828%2C11830%2C11856%2C11858%2C11868%2C11880%2C11922%2C11924%2C11955%2C11959%2C11963%2C11966%2C11974%2C11977%2C11986%2C11990%2C11992%2C11997-11998%2C12002%2C12043%2C12046%2C12049%2C12052%2C12056%2C12067-12069%2C12072%2C12082%2C12085%2C12087-12088%2C12100
r12106
  +dir_prop: branches/qmmp-1.7 svn:mergeinfo /branches/qmmp-0.10:7522%0A/branches/qmmp-0.11:7919%0A/branches/qmmp-0.12:7828%2C7918%2C8045%2C8073-8075%2C8668%2C8705%0A/branches/qmmp-1.0:5596%0A/branches/qmmp-1.1:5819%2C5968%2C6043%2C6172%2C6233%2C6442%0A/branches/qmmp-1.2:6799%2C6945%2C6975%2C7173%2C7382%2C7520%0A/branches/qmmp-1.3:8706%2C8913%0A/branches/qmmp-1.6:10666%2C10780%2C10800%0A/branches/qmmp-2.1:11357%0A/branches/qmmp-2.2:11906%2C11969%2C12010%2C12021%0A/trunk/qmmp:9936%2C9953%2C9959%2C10009%2C10041%2C10049%2C10066%2C10070%2C10073%2C10076%2C10079%2C10084%2C10096%2C10108%2C10114%2C10145%2C10148%2C10151%2C10180%2C10186%2C10199%2C10204%2C10208%2C10216%2C10232%2C10235%2C10243%2C10247%2C10279%2C10283%2C10288-10289%2C10292%2C10294%2C10299%2C10306%2C10334%2C10369%2C10374%2C10379%2C10383%2C10388%2C10392%2C10398%2C10405%2C10411%2C10417%2C10459%2C10465%2C10474%2C10476%2C10478%2C10482-10483%2C10487-10489%2C10491%2C10494%2C10535%2C10561-10562%2C10565-10566%2C10578%2C10580-10581%2C10590%2C10600%2C10604%2C11664%2C11669%2C11681%2C11683%2C11698%2C11702-11703%2C11707%2C11740%2C11754%2C11757%2C11763%2C11776%2C11781%2C11783%2C11785%2C11787%2C11789%2C11791-11793%2C11810%2C11814%2C11816%2C11821%2C11823%2C11827-11828%2C11830%2C11856%2C11858%2C11868%2C11880%2C11922%2C11924%2C11955%2C11959%2C11963%2C11966%2C11974%2C11977%2C11986%2C11990%2C11992%2C11997-11998%2C12002%2C12043%2C12046%2C12049%2C12052%2C12056%2C12067-12069%2C12072%2C12082%2C12085%2C12087-12088%2C12100%2C12104
  +dir_prop: branches/qmmp-1.7/src/plugins/Ui/qsui svn:mergeinfo /branches/qmmp-0.12/src/plugins/Ui/qsui:8073-8075%0A/branches/qmmp-1.1/src/plugins/Ui/qsui:6172%0A/branches/qmmp-1.2/src/plugins/Ui/qsui:7382%0A/trunk/qmmp/src/plugins/Ui/qsui:10148%2C10151%2C10180%2C10247%2C10279%2C10283%2C10288-10289%2C10292%2C10294%2C10411%2C10488-10489%2C10535%2C10561-10562%2C10565-10566%2C11681%2C11698%2C11789%2C11792%2C11823%2C11924%2C11955%2C12104%0A/trunk/qmmp/src/plugins/Ui/skinned:5223%2C6018-6019%2C6022
r12118
  -empty_dir: branches/qmmp-1.7/src/app/appdata
r12123
r12127
r12129
r12138
r12142
  +dir_prop: branches/qmmp-1.7 svn:mergeinfo /branches/qmmp-0.10:7522%0A/branches/qmmp-0.11:7919%0A/branches/qmmp-0.12:7828%2C7918%2C8045%2C8073-8075%2C8668%2C8705%0A/branches/qmmp-1.0:5596%0A/branches/qmmp-1.1:5819%2C5968%2C6043%2C6172%2C6233%2C6442%0A/branches/qmmp-1.2:6799%2C6945%2C6975%2C7173%2C7382%2C7520%0A/branches/qmmp-1.3:8706%2C8913%0A/branches/qmmp-1.6:10666%2C10780%2C10800%0A/branches/qmmp-2.1:11357%0A/branches/qmmp-2.2:11906%2C11969%2C12010%2C12021%2C12141%0A/trunk/qmmp:9936%2C9953%2C9959%2C10009%2C10041%2C10049%2C10066%2C10070%2C10073%2C10076%2C10079%2C10084%2C10096%2C10108%2C10114%2C10145%2C10148%2C10151%2C10180%2C10186%2C10199%2C10204%2C10208%2C10216%2C10232%2C10235%2C10243%2C10247%2C10279%2C10283%2C10288-10289%2C10292%2C10294%2C10299%2C10306%2C10334%2C10369%2C10374%2C10379%2C10383%2C10388%2C10392%2C10398%2C10405%2C10411%2C10417%2C10459%2C10465%2C10474%2C10476%2C10478%2C10482-10483%2C10487-10489%2C10491%2C10494%2C10535%2C10561-10562%2C10565-10566%2C10578%2C10580-10581%2C10590%2C10600%2C10604%2C11664%2C11669%2C11681%2C11683%2C11698%2C11702-11703%2C11707%2C11740%2C11754%2C11757%2C11763%2C11776%2C11781%2C11783%2C11785%2C11787%2C11789%2C11791-11793%2C11810%2C11814%2C11816%2C11821%2C11823%2C11827-11828%2C11830%2C11856%2C11858%2C11868%2C11880%2C11922%2C11924%2C11955%2C11959%2C11963%2C11966%2C11974%2C11977%2C11986%2C11990%2C11992%2C11997-11998%2C12002%2C12043%2C12046%2C12049%2C12052%2C12056%2C12067-12069%2C12072%2C12082%2C12085%2C12087-12088%2C12100%2C12104
r12151
  +dir_prop: branches/qmmp-1.7 svn:mergeinfo /branches/qmmp-0.10:7522%0A/branches/qmmp-0.11:7919%0A/branches/qmmp-0.12:7828%2C7918%2C8045%2C8073-8075%2C8668%2C8705%0A/branches/qmmp-1.0:5596%0A/branches/qmmp-1.1:5819%2C5968%2C6043%2C6172%2C6233%2C6442%0A/branches/qmmp-1.2:6799%2C6945%2C6975%2C7173%2C7382%2C7520%0A/branches/qmmp-1.3:8706%2C8913%0A/branches/qmmp-1.6:10666%2C10780%2C10800%0A/branches/qmmp-2.1:11357%0A/branches/qmmp-2.2:11906%2C11969%2C12010%2C12021%2C12141%0A/trunk/qmmp:9936%2C9953%2C9959%2C10009%2C10041%2C10049%2C10066%2C10070%2C10073%2C10076%2C10079%2C10084%2C10096%2C10108%2C10114%2C10145%2C10148%2C10151%2C10180%2C10186%2C10199%2C10204%2C10208%2C10216%2C10232%2C10235%2C10243%2C10247%2C10279%2C10283%2C10288-10289%2C10292%2C10294%2C10299%2C10306%2C10334%2C10369%2C10374%2C10379%2C10383%2C10388%2C10392%2C10398%2C10405%2C10411%2C10417%2C10459%2C10465%2C10474%2C10476%2C10478%2C10482-10483%2C10487-10489%2C10491%2C10494%2C10535%2C10561-10562%2C10565-10566%2C10578%2C10580-10581%2C10590%2C10600%2C10604%2C11664%2C11669%2C11681%2C11683%2C11698%2C11702-11703%2C11707%2C11740%2C11754%2C11757%2C11763%2C11776%2C11781%2C11783%2C11785%2C11787%2C11789%2C11791-11793%2C11810%2C11814%2C11816%2C11821%2C11823%2C11827-11828%2C11830%2C11856%2C11858%2C11868%2C11880%2C11922%2C11924%2C11955%2C11959%2C11963%2C11966%2C11974%2C11977%2C11986%2C11990%2C11992%2C11997-11998%2C12002%2C12043%2C12046%2C12049%2C12052%2C12056%2C12067-12069%2C12072%2C12082%2C12085%2C12087-12088%2C12100%2C12104%2C12150
r12158
  +dir_prop: branches/qmmp-1.7 svn:mergeinfo /branches/qmmp-0.10:7522%0A/branches/qmmp-0.11:7919%0A/branches/qmmp-0.12:7828%2C7918%2C8045%2C8073-8075%2C8668%2C8705%0A/branches/qmmp-1.0:5596%0A/branches/qmmp-1.1:5819%2C5968%2C6043%2C6172%2C6233%2C6442%0A/branches/qmmp-1.2:6799%2C6945%2C6975%2C7173%2C7382%2C7520%0A/branches/qmmp-1.3:8706%2C8913%0A/branches/qmmp-1.6:10666%2C10780%2C10800%0A/branches/qmmp-2.1:11357%0A/branches/qmmp-2.2:11906%2C11969%2C12010%2C12021%2C12141%0A/trunk/qmmp:9936%2C9953%2C9959%2C10009%2C10041%2C10049%2C10066%2C10070%2C10073%2C10076%2C10079%2C10084%2C10096%2C10108%2C10114%2C10145%2C10148%2C10151%2C10180%2C10186%2C10199%2C10204%2C10208%2C10216%2C10232%2C10235%2C10243%2C10247%2C10279%2C10283%2C10288-10289%2C10292%2C10294%2C10299%2C10306%2C10334%2C10369%2C10374%2C10379%2C10383%2C10388%2C10392%2C10398%2C10405%2C10411%2C10417%2C10459%2C10465%2C10474%2C10476%2C10478%2C10482-10483%2C10487-10489%2C10491%2C10494%2C10535%2C10561-10562%2C10565-10566%2C10578%2C10580-10581%2C10590%2C10600%2C10604%2C11664%2C11669%2C11681%2C11683%2C11698%2C11702-11703%2C11707%2C11740%2C11754%2C11757%2C11763%2C11776%2C11781%2C11783%2C11785%2C11787%2C11789%2C11791-11793%2C11810%2C11814%2C11816%2C11821%2C11823%2C11827-11828%2C11830%2C11856%2C11858%2C11868%2C11880%2C11922%2C11924%2C11955%2C11959%2C11963%2C11966%2C11974%2C11977%2C11986%2C11990%2C11992%2C11997-11998%2C12002%2C12043%2C12046%2C12049%2C12052%2C12056%2C12067-12069%2C12072%2C12082%2C12085%2C12087-12088%2C12100%2C12104%2C12150%2C12156
r12166
r12170
  +dir_prop: branches/qmmp-1.7 svn:mergeinfo /branches/qmmp-0.10:7522%0A/branches/qmmp-0.11:7919%0A/branches/qmmp-0.12:7828%2C7918%2C8045%2C8073-8075%2C8668%2C8705%0A/branches/qmmp-1.0:5596%0A/branches/qmmp-1.1:5819%2C5968%2C6043%2C6172%2C6233%2C6442%0A/branches/qmmp-1.2:6799%2C6945%2C6975%2C7173%2C7382%2C7520%0A/branches/qmmp-1.3:8706%2C8913%0A/branches/qmmp-1.6:10666%2C10780%2C10800%0A/branches/qmmp-2.1:11357%0A/branches/qmmp-2.2:11906%2C11969%2C12010%2C12021%2C12141%0A/trunk/qmmp:9936%2C9953%2C9959%2C10009%2C10041%2C10049%2C10066%2C10070%2C10073%2C10076%2C10079%2C10084%2C10096%2C10108%2C10114%2C10145%2C10148%2C10151%2C10180%2C10186%2C10199%2C10204%2C10208%2C10216%2C10232%2C10235%2C10243%2C10247%2C10279%2C10283%2C10288-10289%2C10292%2C10294%2C10299%2C10306%2C10334%2C10369%2C10374%2C10379%2C10383%2C10388%2C10392%2C10398%2C10405%2C10411%2C10417%2C10459%2C10465%2C10474%2C10476%2C10478%2C10482-10483%2C10487-10489%2C10491%2C10494%2C10535%2C10561-10562%2C10565-10566%2C10578%2C10580-10581%2C10590%2C10600%2C10604%2C11664%2C11669%2C11681%2C11683%2C11698%2C11702-11703%2C11707%2C11740%2C11754%2C11757%2C11763%2C11776%2C11781%2C11783%2C11785%2C11787%2C11789%2C11791-11793%2C11810%2C11814%2C11816%2C11821%2C11823%2C11827-11828%2C11830%2C11856%2C11858%2C11868%2C11880%2C11922%2C11924%2C11955%2C11959%2C11963%2C11966%2C11974%2C11977%2C11986%2C11990%2C11992%2C11997-11998%2C12002%2C12043%2C12046%2C12049%2C12052%2C12056%2C12067-12069%2C12072%2C12082%2C12085%2C12087-12088%2C12100%2C12104%2C12150%2C12156%2C12168
r12172
  +dir_prop: branches/qmmp-1.7 svn:mergeinfo /branches/qmmp-0.10:7522%0A/branches/qmmp-0.11:7919%0A/branches/qmmp-0.12:7828%2C7918%2C8045%2C8073-8075%2C8668%2C8705%0A/branches/qmmp-1.0:5596%0A/branches/qmmp-1.1:5819%2C5968%2C6043%2C6172%2C6233%2C6442%0A/branches/qmmp-1.2:6799%2C6945%2C6975%2C7173%2C7382%2C7520%0A/branches/qmmp-1.3:8706%2C8913%0A/branches/qmmp-1.6:10666%2C10780%2C10800%0A/branches/qmmp-2.1:11357%0A/branches/qmmp-2.2:11906%2C11969%2C12010%2C12021%2C12141%2C12171%0A/trunk/qmmp:9936%2C9953%2C9959%2C10009%2C10041%2C10049%2C10066%2C10070%2C10073%2C10076%2C10079%2C10084%2C10096%2C10108%2C10114%2C10145%2C10148%2C10151%2C10180%2C10186%2C10199%2C10204%2C10208%2C10216%2C10232%2C10235%2C10243%2C10247%2C10279%2C10283%2C10288-10289%2C10292%2C10294%2C10299%2C10306%2C10334%2C10369%2C10374%2C10379%2C10383%2C10388%2C10392%2C10398%2C10405%2C10411%2C10417%2C10459%2C10465%2C10474%2C10476%2C10478%2C10482-10483%2C10487-10489%2C10491%2C10494%2C10535%2C10561-10562%2C10565-10566%2C10578%2C10580-10581%2C10590%2C10600%2C10604%2C11664%2C11669%2C11681%2C11683%2C11698%2C11702-11703%2C11707%2C11740%2C11754%2C11757%2C11763%2C11776%2C11781%2C11783%2C11785%2C11787%2C11789%2C11791-11793%2C11810%2C11814%2C11816%2C11821%2C11823%2C11827-11828%2C11830%2C11856%2C11858%2C11868%2C11880%2C11922%2C11924%2C11955%2C11959%2C11963%2C11966%2C11974%2C11977%2C11986%2C11990%2C11992%2C11997-11998%2C12002%2C12043%2C12046%2C12049%2C12052%2C12056%2C12067-12069%2C12072%2C12082%2C12085%2C12087-12088%2C12100%2C12104%2C12150%2C12156%2C12168
r12175
  +dir_prop: branches/qmmp-1.7 svn:mergeinfo /branches/qmmp-0.10:7522%0A/branches/qmmp-0.11:7919%0A/branches/qmmp-0.12:7828%2C7918%2C8045%2C8073-8075%2C8668%2C8705%0A/branches/qmmp-1.0:5596%0A/branches/qmmp-1.1:5819%2C5968%2C6043%2C6172%2C6233%2C6442%0A/branches/qmmp-1.2:6799%2C6945%2C6975%2C7173%2C7382%2C7520%0A/branches/qmmp-1.3:8706%2C8913%0A/branches/qmmp-1.6:10666%2C10780%2C10800%0A/branches/qmmp-2.1:11357%0A/branches/qmmp-2.2:11906%2C11969%2C12010%2C12021%2C12141%2C12171%0A/trunk/qmmp:9936%2C9953%2C9959%2C10009%2C10041%2C10049%2C10066%2C10070%2C10073%2C10076%2C10079%2C10084%2C10096%2C10108%2C10114%2C10145%2C10148%2C10151%2C10180%2C10186%2C10199%2C10204%2C10208%2C10216%2C10232%2C10235%2C10243%2C10247%2C10279%2C10283%2C10288-10289%2C10292%2C10294%2C10299%2C10306%2C10334%2C10369%2C10374%2C10379%2C10383%2C10388%2C10392%2C10398%2C10405%2C10411%2C10417%2C10459%2C10465%2C10474%2C10476%2C10478%2C10482-10483%2C10487-10489%2C10491%2C10494%2C10535%2C10561-10562%2C10565-10566%2C10578%2C10580-10581%2C10590%2C10600%2C10604%2C11664%2C11669%2C11681%2C11683%2C11698%2C11702-11703%2C11707%2C11740%2C11754%2C11757%2C11763%2C11776%2C11781%2C11783%2C11785%2C11787%2C11789%2C11791-11793%2C11810%2C11814%2C11816%2C11821%2C11823%2C11827-11828%2C11830%2C11856%2C11858%2C11868%2C11880%2C11922%2C11924%2C11955%2C11959%2C11963%2C11966%2C11974%2C11977%2C11986%2C11990%2C11992%2C11997-11998%2C12002%2C12043%2C12046%2C12049%2C12052%2C12056%2C12067-12069%2C12072%2C12082%2C12085%2C12087-12088%2C12100%2C12104%2C12150%2C12156%2C12168%2C12173
r12178
  +dir_prop: branches/qmmp-1.7 svn:mergeinfo /branches/qmmp-0.10:7522%0A/branches/qmmp-0.11:7919%0A/branches/qmmp-0.12:7828%2C7918%2C8045%2C8073-8075%2C8668%2C8705%0A/branches/qmmp-1.0:5596%0A/branches/qmmp-1.1:5819%2C5968%2C6043%2C6172%2C6233%2C6442%0A/branches/qmmp-1.2:6799%2C6945%2C6975%2C7173%2C7382%2C7520%0A/branches/qmmp-1.3:8706%2C8913%0A/branches/qmmp-1.6:10666%2C10780%2C10800%0A/branches/qmmp-2.1:11357%0A/branches/qmmp-2.2:11906%2C11969%2C12010%2C12021%2C12141%2C12171%0A/trunk/qmmp:9936%2C9953%2C9959%2C10009%2C10041%2C10049%2C10066%2C10070%2C10073%2C10076%2C10079%2C10084%2C10096%2C10108%2C10114%2C10145%2C10148%2C10151%2C10180%2C10186%2C10199%2C10204%2C10208%2C10216%2C10232%2C10235%2C10243%2C10247%2C10279%2C10283%2C10288-10289%2C10292%2C10294%2C10299%2C10306%2C10334%2C10369%2C10374%2C10379%2C10383%2C10388%2C10392%2C10398%2C10405%2C10411%2C10417%2C10459%2C10465%2C10474%2C10476%2C10478%2C10482-10483%2C10487-10489%2C10491%2C10494%2C10535%2C10561-10562%2C10565-10566%2C10578%2C10580-10581%2C10590%2C10600%2C10604%2C11664%2C11669%2C11681%2C11683%2C11698%2C11702-11703%2C11707%2C11740%2C11754%2C11757%2C11763%2C11776%2C11781%2C11783%2C11785%2C11787%2C11789%2C11791-11793%2C11810%2C11814%2C11816%2C11821%2C11823%2C11827-11828%2C11830%2C11856%2C11858%2C11868%2C11880%2C11922%2C11924%2C11955%2C11959%2C11963%2C11966%2C11974%2C11977%2C11986%2C11990%2C11992%2C11997-11998%2C12002%2C12043%2C12046%2C12049%2C12052%2C12056%2C12067-12069%2C12072%2C12082%2C12085%2C12087-12088%2C12100%2C12104%2C12150%2C12156%2C12168%2C12173%2C12176
r12181
  +dir_prop: branches/qmmp-1.7 svn:mergeinfo /branches/qmmp-0.10:7522%0A/branches/qmmp-0.11:7919%0A/branches/qmmp-0.12:7828%2C7918%2C8045%2C8073-8075%2C8668%2C8705%0A/branches/qmmp-1.0:5596%0A/branches/qmmp-1.1:5819%2C5968%2C6043%2C6172%2C6233%2C6442%0A/branches/qmmp-1.2:6799%2C6945%2C6975%2C7173%2C7382%2C7520%0A/branches/qmmp-1.3:8706%2C8913%0A/branches/qmmp-1.6:10666%2C10780%2C10800%0A/branches/qmmp-2.1:11357%0A/branches/qmmp-2.2:11906%2C11969%2C12010%2C12021%2C12141%2C12171%2C12180%0A/trunk/qmmp:9936%2C9953%2C9959%2C10009%2C10041%2C10049%2C10066%2C10070%2C10073%2C10076%2C10079%2C10084%2C10096%2C10108%2C10114%2C10145%2C10148%2C10151%2C10180%2C10186%2C10199%2C10204%2C10208%2C10216%2C10232%2C10235%2C10243%2C10247%2C10279%2C10283%2C10288-10289%2C10292%2C10294%2C10299%2C10306%2C10334%2C10369%2C10374%2C10379%2C10383%2C10388%2C10392%2C10398%2C10405%2C10411%2C10417%2C10459%2C10465%2C10474%2C10476%2C10478%2C10482-10483%2C10487-10489%2C10491%2C10494%2C10535%2C10561-10562%2C10565-10566%2C10578%2C10580-10581%2C10590%2C10600%2C10604%2C11664%2C11669%2C11681%2C11683%2C11698%2C11702-11703%2C11707%2C11740%2C11754%2C11757%2C11763%2C11776%2C11781%2C11783%2C11785%2C11787%2C11789%2C11791-11793%2C11810%2C11814%2C11816%2C11821%2C11823%2C11827-11828%2C11830%2C11856%2C11858%2C11868%2C11880%2C11922%2C11924%2C11955%2C11959%2C11963%2C11966%2C11974%2C11977%2C11986%2C11990%2C11992%2C11997-11998%2C12002%2C12043%2C12046%2C12049%2C12052%2C12056%2C12067-12069%2C12072%2C12082%2C12085%2C12087-12088%2C12100%2C12104%2C12150%2C12156%2C12168%2C12173%2C12176
r12184
  +dir_prop: branches/qmmp-1.7 svn:mergeinfo /branches/qmmp-0.10:7522%0A/branches/qmmp-0.11:7919%0A/branches/qmmp-0.12:7828%2C7918%2C8045%2C8073-8075%2C8668%2C8705%0A/branches/qmmp-1.0:5596%0A/branches/qmmp-1.1:5819%2C5968%2C6043%2C6172%2C6233%2C6442%0A/branches/qmmp-1.2:6799%2C6945%2C6975%2C7173%2C7382%2C7520%0A/branches/qmmp-1.3:8706%2C8913%0A/branches/qmmp-1.6:10666%2C10780%2C10800%0A/branches/qmmp-2.1:11357%0A/branches/qmmp-2.2:11906%2C11969%2C12010%2C12021%2C12141%2C12171%2C12180%0A/trunk/qmmp:9936%2C9953%2C9959%2C10009%2C10041%2C10049%2C10066%2C10070%2C10073%2C10076%2C10079%2C10084%2C10096%2C10108%2C10114%2C10145%2C10148%2C10151%2C10180%2C10186%2C10199%2C10204%2C10208%2C10216%2C10232%2C10235%2C10243%2C10247%2C10279%2C10283%2C10288-10289%2C10292%2C10294%2C10299%2C10306%2C10334%2C10369%2C10374%2C10379%2C10383%2C10388%2C10392%2C10398%2C10405%2C10411%2C10417%2C10459%2C10465%2C10474%2C10476%2C10478%2C10482-10483%2C10487-10489%2C10491%2C10494%2C10535%2C10561-10562%2C10565-10566%2C10578%2C10580-10581%2C10590%2C10600%2C10604%2C11664%2C11669%2C11681%2C11683%2C11698%2C11702-11703%2C11707%2C11740%2C11754%2C11757%2C11763%2C11776%2C11781%2C11783%2C11785%2C11787%2C11789%2C11791-11793%2C11810%2C11814%2C11816%2C11821%2C11823%2C11827-11828%2C11830%2C11856%2C11858%2C11868%2C11880%2C11922%2C11924%2C11955%2C11959%2C11963%2C11966%2C11974%2C11977%2C11986%2C11990%2C11992%2C11997-11998%2C12002%2C12043%2C12046%2C12049%2C12052%2C12056%2C12067-12069%2C12072%2C12082%2C12085%2C12087-12088%2C12100%2C12104%2C12150%2C12156%2C12168%2C12173%2C12176%2C12182
r12187
  +dir_prop: branches/qmmp-1.7 svn:mergeinfo /branches/qmmp-0.10:7522%0A/branches/qmmp-0.11:7919%0A/branches/qmmp-0.12:7828%2C7918%2C8045%2C8073-8075%2C8668%2C8705%0A/branches/qmmp-1.0:5596%0A/branches/qmmp-1.1:5819%2C5968%2C6043%2C6172%2C6233%2C6442%0A/branches/qmmp-1.2:6799%2C6945%2C6975%2C7173%2C7382%2C7520%0A/branches/qmmp-1.3:8706%2C8913%0A/branches/qmmp-1.6:10666%2C10780%2C10800%0A/branches/qmmp-2.1:11357%0A/branches/qmmp-2.2:11906%2C11969%2C12010%2C12021%2C12141%2C12171%2C12180%2C12186%0A/trunk/qmmp:9936%2C9953%2C9959%2C10009%2C10041%2C10049%2C10066%2C10070%2C10073%2C10076%2C10079%2C10084%2C10096%2C10108%2C10114%2C10145%2C10148%2C10151%2C10180%2C10186%2C10199%2C10204%2C10208%2C10216%2C10232%2C10235%2C10243%2C10247%2C10279%2C10283%2C10288-10289%2C10292%2C10294%2C10299%2C10306%2C10334%2C10369%2C10374%2C10379%2C10383%2C10388%2C10392%2C10398%2C10405%2C10411%2C10417%2C10459%2C10465%2C10474%2C10476%2C10478%2C10482-10483%2C10487-10489%2C10491%2C10494%2C10535%2C10561-10562%2C10565-10566%2C10578%2C10580-10581%2C10590%2C10600%2C10604%2C11664%2C11669%2C11681%2C11683%2C11698%2C11702-11703%2C11707%2C11740%2C11754%2C11757%2C11763%2C11776%2C11781%2C11783%2C11785%2C11787%2C11789%2C11791-11793%2C11810%2C11814%2C11816%2C11821%2C11823%2C11827-11828%2C11830%2C11856%2C11858%2C11868%2C11880%2C11922%2C11924%2C11955%2C11959%2C11963%2C11966%2C11974%2C11977%2C11986%2C11990%2C11992%2C11997-11998%2C12002%2C12043%2C12046%2C12049%2C12052%2C12056%2C12067-12069%2C12072%2C12082%2C12085%2C12087-12088%2C12100%2C12104%2C12150%2C12156%2C12168%2C12173%2C12176%2C12182
r12191
  +dir_prop: branches/qmmp-1.7 svn:mergeinfo /branches/qmmp-0.10:7522%0A/branches/qmmp-0.11:7919%0A/branches/qmmp-0.12:7828%2C7918%2C8045%2C8073-8075%2C8668%2C8705%0A/branches/qmmp-1.0:5596%0A/branches/qmmp-1.1:5819%2C5968%2C6043%2C6172%2C6233%2C6442%0A/branches/qmmp-1.2:6799%2C6945%2C6975%2C7173%2C7382%2C7520%0A/branches/qmmp-1.3:8706%2C8913%0A/branches/qmmp-1.6:10666%2C10780%2C10800%0A/branches/qmmp-2.1:11357%0A/branches/qmmp-2.2:11906%2C11969%2C12010%2C12021%2C12141%2C12171%2C12180%2C12186%0A/trunk/qmmp:9936%2C9953%2C9959%2C10009%2C10041%2C10049%2C10066%2C10070%2C10073%2C10076%2C10079%2C10084%2C10096%2C10108%2C10114%2C10145%2C10148%2C10151%2C10180%2C10186%2C10199%2C10204%2C10208%2C10216%2C10232%2C10235%2C10243%2C10247%2C10279%2C10283%2C10288-10289%2C10292%2C10294%2C10299%2C10306%2C10334%2C10369%2C10374%2C10379%2C10383%2C10388%2C10392%2C10398%2C10405%2C10411%2C10417%2C10459%2C10465%2C10474%2C10476%2C10478%2C10482-10483%2C10487-10489%2C10491%2C10494%2C10535%2C10561-10562%2C10565-10566%2C10578%2C10580-10581%2C10590%2C10600%2C10604%2C11664%2C11669%2C11681%2C11683%2C11698%2C11702-11703%2C11707%2C11740%2C11754%2C11757%2C11763%2C11776%2C11781%2C11783%2C11785%2C11787%2C11789%2C11791-11793%2C11810%2C11814%2C11816%2C11821%2C11823%2C11827-11828%2C11830%2C11856%2C11858%2C11868%2C11880%2C11922%2C11924%2C11955%2C11959%2C11963%2C11966%2C11974%2C11977%2C11986%2C11990%2C11992%2C11997-11998%2C12002%2C12043%2C12046%2C12049%2C12052%2C12056%2C12067-12069%2C12072%2C12082%2C12085%2C12087-12088%2C12100%2C12104%2C12150%2C12156%2C12168%2C12173%2C12176%2C12182%2C12189
r12197
  +dir_prop: branches/qmmp-1.7 svn:mergeinfo /branches/qmmp-0.10:7522%0A/branches/qmmp-0.11:7919%0A/branches/qmmp-0.12:7828%2C7918%2C8045%2C8073-8075%2C8668%2C8705%0A/branches/qmmp-1.0:5596%0A/branches/qmmp-1.1:5819%2C5968%2C6043%2C6172%2C6233%2C6442%0A/branches/qmmp-1.2:6799%2C6945%2C6975%2C7173%2C7382%2C7520%0A/branches/qmmp-1.3:8706%2C8913%0A/branches/qmmp-1.6:10666%2C10780%2C10800%0A/branches/qmmp-2.1:11357%0A/branches/qmmp-2.2:11906%2C11969%2C12010%2C12021%2C12141%2C12171%2C12180%2C12186%0A/trunk/qmmp:9936%2C9953%2C9959%2C10009%2C10041%2C10049%2C10066%2C10070%2C10073%2C10076%2C10079%2C10084%2C10096%2C10108%2C10114%2C10145%2C10148%2C10151%2C10180%2C10186%2C10199%2C10204%2C10208%2C10216%2C10232%2C10235%2C10243%2C10247%2C10279%2C10283%2C10288-10289%2C10292%2C10294%2C10299%2C10306%2C10334%2C10369%2C10374%2C10379%2C10383%2C10388%2C10392%2C10398%2C10405%2C10411%2C10417%2C10459%2C10465%2C10474%2C10476%2C10478%2C10482-10483%2C10487-10489%2C10491%2C10494%2C10535%2C10561-10562%2C10565-10566%2C10578%2C10580-10581%2C10590%2C10600%2C10604%2C11664%2C11669%2C11681%2C11683%2C11698%2C11702-11703%2C11707%2C11740%2C11754%2C11757%2C11763%2C11776%2C11781%2C11783%2C11785%2C11787%2C11789%2C11791-11793%2C11810%2C11814%2C11816%2C11821%2C11823%2C11827-11828%2C11830%2C11856%2C11858%2C11868%2C11880%2C11922%2C11924%2C11955%2C11959%2C11963%2C11966%2C11974%2C11977%2C11986%2C11990%2C11992%2C11997-11998%2C12002%2C12043%2C12046%2C12049%2C12052%2C12056%2C12067-12069%2C12072%2C12082%2C12085%2C12087-12088%2C12100%2C12104%2C12150%2C12156%2C12168%2C12173%2C12176%2C12182%2C12189%2C12195
r12199
r12205
r12206
r12212
r12214
  +dir_prop: branches/qmmp-1.7 svn:mergeinfo /branches/qmmp-0.10:7522%0A/branches/qmmp-0.11:7919%0A/branches/qmmp-0.12:7828%2C7918%2C8045%2C8073-8075%2C8668%2C8705%0A/branches/qmmp-1.0:5596%0A/branches/qmmp-1.1:5819%2C5968%2C6043%2C6172%2C6233%2C6442%0A/branches/qmmp-1.2:6799%2C6945%2C6975%2C7173%2C7382%2C7520%0A/branches/qmmp-1.3:8706%2C8913%0A/branches/qmmp-1.6:10666%2C10780%2C10800%0A/branches/qmmp-2.1:11357%0A/branches/qmmp-2.2:11906%2C11969%2C12010%2C12021%2C12141%2C12171%2C12180%2C12186%2C12213%0A/trunk/qmmp:9936%2C9953%2C9959%2C10009%2C10041%2C10049%2C10066%2C10070%2C10073%2C10076%2C10079%2C10084%2C10096%2C10108%2C10114%2C10145%2C10148%2C10151%2C10180%2C10186%2C10199%2C10204%2C10208%2C10216%2C10232%2C10235%2C10243%2C10247%2C10279%2C10283%2C10288-10289%2C10292%2C10294%2C10299%2C10306%2C10334%2C10369%2C10374%2C10379%2C10383%2C10388%2C10392%2C10398%2C10405%2C10411%2C10417%2C10459%2C10465%2C10474%2C10476%2C10478%2C10482-10483%2C10487-10489%2C10491%2C10494%2C10535%2C10561-10562%2C10565-10566%2C10578%2C10580-10581%2C10590%2C10600%2C10604%2C11664%2C11669%2C11681%2C11683%2C11698%2C11702-11703%2C11707%2C11740%2C11754%2C11757%2C11763%2C11776%2C11781%2C11783%2C11785%2C11787%2C11789%2C11791-11793%2C11810%2C11814%2C11816%2C11821%2C11823%2C11827-11828%2C11830%2C11856%2C11858%2C11868%2C11880%2C11922%2C11924%2C11955%2C11959%2C11963%2C11966%2C11974%2C11977%2C11986%2C11990%2C11992%2C11997-11998%2C12002%2C12043%2C12046%2C12049%2C12052%2C12056%2C12067-12069%2C12072%2C12082%2C12085%2C12087-12088%2C12100%2C12104%2C12150%2C12156%2C12168%2C12173%2C12176%2C12182%2C12189%2C12195
r12217
  +dir_prop: branches/qmmp-1.7 svn:mergeinfo /branches/qmmp-0.10:7522%0A/branches/qmmp-0.11:7919%0A/branches/qmmp-0.12:7828%2C7918%2C8045%2C8073-8075%2C8668%2C8705%0A/branches/qmmp-1.0:5596%0A/branches/qmmp-1.1:5819%2C5968%2C6043%2C6172%2C6233%2C6442%0A/branches/qmmp-1.2:6799%2C6945%2C6975%2C7173%2C7382%2C7520%0A/branches/qmmp-1.3:8706%2C8913%0A/branches/qmmp-1.6:10666%2C10780%2C10800%0A/branches/qmmp-2.1:11357%0A/branches/qmmp-2.2:11906%2C11969%2C12010%2C12021%2C12141%2C12171%2C12180%2C12186%2C12213%0A/trunk/qmmp:9936%2C9953%2C9959%2C10009%2C10041%2C10049%2C10066%2C10070%2C10073%2C10076%2C10079%2C10084%2C10096%2C10108%2C10114%2C10145%2C10148%2C10151%2C10180%2C10186%2C10199%2C10204%2C10208%2C10216%2C10232%2C10235%2C10243%2C10247%2C10279%2C10283%2C10288-10289%2C10292%2C10294%2C10299%2C10306%2C10334%2C10369%2C10374%2C10379%2C10383%2C10388%2C10392%2C10398%2C10405%2C10411%2C10417%2C10459%2C10465%2C10474%2C10476%2C10478%2C10482-10483%2C10487-10489%2C10491%2C10494%2C10535%2C10561-10562%2C10565-10566%2C10578%2C10580-10581%2C10590%2C10600%2C10604%2C11664%2C11669%2C11681%2C11683%2C11698%2C11702-11703%2C11707%2C11740%2C11754%2C11757%2C11763%2C11776%2C11781%2C11783%2C11785%2C11787%2C11789%2C11791-11793%2C11810%2C11814%2C11816%2C11821%2C11823%2C11827-11828%2C11830%2C11856%2C11858%2C11868%2C11880%2C11922%2C11924%2C11955%2C11959%2C11963%2C11966%2C11974%2C11977%2C11986%2C11990%2C11992%2C11997-11998%2C12002%2C12043%2C12046%2C12049%2C12052%2C12056%2C12067-12069%2C12072%2C12082%2C12085%2C12087-12088%2C12100%2C12104%2C12150%2C12156%2C12168%2C12173%2C12176%2C12182%2C12189%2C12195%2C12215
r12219
  +dir_prop: branches/qmmp-1.7 svn:mergeinfo /branches/qmmp-0.10:7522%0A/branches/qmmp-0.11:7919%0A/branches/qmmp-0.12:7828%2C7918%2C8045%2C8073-8075%2C8668%2C8705%0A/branches/qmmp-1.0:5596%0A/branches/qmmp-1.1:5819%2C5968%2C6043%2C6172%2C6233%2C6442%0A/branches/qmmp-1.2:6799%2C6945%2C6975%2C7173%2C7382%2C7520%0A/branches/qmmp-1.3:8706%2C8913%0A/branches/qmmp-1.6:10666%2C10780%2C10800%0A/branches/qmmp-2.1:11357%0A/branches/qmmp-2.2:11906%2C11969%2C12010%2C12021%2C12141%2C12171%2C12180%2C12186%2C12213%2C12218%0A/trunk/qmmp:9936%2C9953%2C9959%2C10009%2C10041%2C10049%2C10066%2C10070%2C10073%2C10076%2C10079%2C10084%2C10096%2C10108%2C10114%2C10145%2C10148%2C10151%2C10180%2C10186%2C10199%2C10204%2C10208%2C10216%2C10232%2C10235%2C10243%2C10247%2C10279%2C10283%2C10288-10289%2C10292%2C10294%2C10299%2C10306%2C10334%2C10369%2C10374%2C10379%2C10383%2C10388%2C10392%2C10398%2C10405%2C10411%2C10417%2C10459%2C10465%2C10474%2C10476%2C10478%2C10482-10483%2C10487-10489%2C10491%2C10494%2C10535%2C10561-10562%2C10565-10566%2C10578%2C10580-10581%2C10590%2C10600%2C10604%2C11664%2C11669%2C11681%2C11683%2C11698%2C11702-11703%2C11707%2C11740%2C11754%2C11757%2C11763%2C11776%2C11781%2C11783%2C11785%2C11787%2C11789%2C11791-11793%2C11810%2C11814%2C11816%2C11821%2C11823%2C11827-11828%2C11830%2C11856%2C11858%2C11868%2C11880%2C11922%2C11924%2C11955%2C11959%2C11963%2C11966%2C11974%2C11977%2C11986%2C11990%2C11992%2C11997-11998%2C12002%2C12043%2C12046%2C12049%2C12052%2C12056%2C12067-12069%2C12072%2C12082%2C12085%2C12087-12088%2C12100%2C12104%2C12150%2C12156%2C12168%2C12173%2C12176%2C12182%2C12189%2C12195%2C12215
r12233
r12248
  +dir_prop: branches/qmmp-1.7 svn:mergeinfo /branches/qmmp-0.10:7522%0A/branches/qmmp-0.11:7919%0A/branches/qmmp-0.12:7828%2C7918%2C8045%2C8073-8075%2C8668%2C8705%0A/branches/qmmp-1.0:5596%0A/branches/qmmp-1.1:5819%2C5968%2C6043%2C6172%2C6233%2C6442%0A/branches/qmmp-1.2:6799%2C6945%2C6975%2C7173%2C7382%2C7520%0A/branches/qmmp-1.3:8706%2C8913%0A/branches/qmmp-1.6:10666%2C10780%2C10800%0A/branches/qmmp-2.1:11357%0A/branches/qmmp-2.2:11906%2C11969%2C12010%2C12021%2C12141%2C12171%2C12180%2C12186%2C12213%2C12218%2C12247%0A/trunk/qmmp:9936%2C9953%2C9959%2C10009%2C10041%2C10049%2C10066%2C10070%2C10073%2C10076%2C10079%2C10084%2C10096%2C10108%2C10114%2C10145%2C10148%2C10151%2C10180%2C10186%2C10199%2C10204%2C10208%2C10216%2C10232%2C10235%2C10243%2C10247%2C10279%2C10283%2C10288-10289%2C10292%2C10294%2C10299%2C10306%2C10334%2C10369%2C10374%2C10379%2C10383%2C10388%2C10392%2C10398%2C10405%2C10411%2C10417%2C10459%2C10465%2C10474%2C10476%2C10478%2C10482-10483%2C10487-10489%2C10491%2C10494%2C10535%2C10561-10562%2C10565-10566%2C10578%2C10580-10581%2C10590%2C10600%2C10604%2C11664%2C11669%2C11681%2C11683%2C11698%2C11702-11703%2C11707%2C11740%2C11754%2C11757%2C11763%2C11776%2C11781%2C11783%2C11785%2C11787%2C11789%2C11791-11793%2C11810%2C11814%2C11816%2C11821%2C11823%2C11827-11828%2C11830%2C11856%2C11858%2C11868%2C11880%2C11922%2C11924%2C11955%2C11959%2C11963%2C11966%2C11974%2C11977%2C11986%2C11990%2C11992%2C11997-11998%2C12002%2C12043%2C12046%2C12049%2C12052%2C12056%2C12067-12069%2C12072%2C12082%2C12085%2C12087-12088%2C12100%2C12104%2C12150%2C12156%2C12168%2C12173%2C12176%2C12182%2C12189%2C12195%2C12215%2C12246
r12251
  +dir_prop: branches/qmmp-1.7 svn:mergeinfo /branches/qmmp-0.10:7522%0A/branches/qmmp-0.11:7919%0A/branches/qmmp-0.12:7828%2C7918%2C8045%2C8073-8075%2C8668%2C8705%0A/branches/qmmp-1.0:5596%0A/branches/qmmp-1.1:5819%2C5968%2C6043%2C6172%2C6233%2C6442%0A/branches/qmmp-1.2:6799%2C6945%2C6975%2C7173%2C7382%2C7520%0A/branches/qmmp-1.3:8706%2C8913%0A/branches/qmmp-1.6:10666%2C10780%2C10800%0A/branches/qmmp-2.1:11357%0A/branches/qmmp-2.2:11906%2C11969%2C12010%2C12021%2C12141%2C12171%2C12180%2C12186%2C12213%2C12218%2C12247%0A/trunk/qmmp:9936%2C9953%2C9959%2C10009%2C10041%2C10049%2C10066%2C10070%2C10073%2C10076%2C10079%2C10084%2C10096%2C10108%2C10114%2C10145%2C10148%2C10151%2C10180%2C10186%2C10199%2C10204%2C10208%2C10216%2C10232%2C10235%2C10243%2C10247%2C10279%2C10283%2C10288-10289%2C10292%2C10294%2C10299%2C10306%2C10334%2C10369%2C10374%2C10379%2C10383%2C10388%2C10392%2C10398%2C10405%2C10411%2C10417%2C10459%2C10465%2C10474%2C10476%2C10478%2C10482-10483%2C10487-10489%2C10491%2C10494%2C10535%2C10561-10562%2C10565-10566%2C10578%2C10580-10581%2C10590%2C10600%2C10604%2C11664%2C11669%2C11681%2C11683%2C11698%2C11702-11703%2C11707%2C11740%2C11754%2C11757%2C11763%2C11776%2C11781%2C11783%2C11785%2C11787%2C11789%2C11791-11793%2C11810%2C11814%2C11816%2C11821%2C11823%2C11827-11828%2C11830%2C11856%2C11858%2C11868%2C11880%2C11922%2C11924%2C11955%2C11959%2C11963%2C11966%2C11974%2C11977%2C11986%2C11990%2C11992%2C11997-11998%2C12002%2C12043%2C12046%2C12049%2C12052%2C12056%2C12067-12069%2C12072%2C12082%2C12085%2C12087-12088%2C12100%2C12104%2C12150%2C12156%2C12168%2C12173%2C12176%2C12182%2C12189%2C12195%2C12215%2C12246%2C12249
r12257
  +dir_prop: branches/qmmp-1.7 svn:mergeinfo /branches/qmmp-0.10:7522%0A/branches/qmmp-0.11:7919%0A/branches/qmmp-0.12:7828%2C7918%2C8045%2C8073-8075%2C8668%2C8705%0A/branches/qmmp-1.0:5596%0A/branches/qmmp-1.1:5819%2C5968%2C6043%2C6172%2C6233%2C6442%0A/branches/qmmp-1.2:6799%2C6945%2C6975%2C7173%2C7382%2C7520%0A/branches/qmmp-1.3:8706%2C8913%0A/branches/qmmp-1.6:10666%2C10780%2C10800%0A/branches/qmmp-2.1:11357%0A/branches/qmmp-2.2:11906%2C11969%2C12010%2C12021%2C12141%2C12171%2C12180%2C12186%2C12213%2C12218%2C12247%2C12256%0A/trunk/qmmp:9936%2C9953%2C9959%2C10009%2C10041%2C10049%2C10066%2C10070%2C10073%2C10076%2C10079%2C10084%2C10096%2C10108%2C10114%2C10145%2C10148%2C10151%2C10180%2C10186%2C10199%2C10204%2C10208%2C10216%2C10232%2C10235%2C10243%2C10247%2C10279%2C10283%2C10288-10289%2C10292%2C10294%2C10299%2C10306%2C10334%2C10369%2C10374%2C10379%2C10383%2C10388%2C10392%2C10398%2C10405%2C10411%2C10417%2C10459%2C10465%2C10474%2C10476%2C10478%2C10482-10483%2C10487-10489%2C10491%2C10494%2C10535%2C10561-10562%2C10565-10566%2C10578%2C10580-10581%2C10590%2C10600%2C10604%2C11664%2C11669%2C11681%2C11683%2C11698%2C11702-11703%2C11707%2C11740%2C11754%2C11757%2C11763%2C11776%2C11781%2C11783%2C11785%2C11787%2C11789%2C11791-11793%2C11810%2C11814%2C11816%2C11821%2C11823%2C11827-11828%2C11830%2C11856%2C11858%2C11868%2C11880%2C11922%2C11924%2C11955%2C11959%2C11963%2C11966%2C11974%2C11977%2C11986%2C11990%2C11992%2C11997-11998%2C12002%2C12043%2C12046%2C12049%2C12052%2C12056%2C12067-12069%2C12072%2C12082%2C12085%2C12087-12088%2C12100%2C12104%2C12150%2C12156%2C12168%2C12173%2C12176%2C12182%2C12189%2C12195%2C12215%2C12246%2C12249
r12260
  +dir_prop: branches/qmmp-1.7 svn:mergeinfo /branches/qmmp-0.10:7522%0A/branches/qmmp-0.11:7919%0A/branches/qmmp-0.12:7828%2C7918%2C8045%2C8073-8075%2C8668%2C8705%0A/branches/qmmp-1.0:5596%0A/branches/qmmp-1.1:5819%2C5968%2C6043%2C6172%2C6233%2C6442%0A/branches/qmmp-1.2:6799%2C6945%2C6975%2C7173%2C7382%2C7520%0A/branches/qmmp-1.3:8706%2C8913%0A/branches/qmmp-1.6:10666%2C10780%2C10800%0A/branches/qmmp-2.1:11357%0A/branches/qmmp-2.2:11906%2C11969%2C12010%2C12021%2C12141%2C12171%2C12180%2C12186%2C12213%2C12218%2C12247%2C12256%0A/trunk/qmmp:9936%2C9953%2C9959%2C10009%2C10041%2C10049%2C10066%2C10070%2C10073%2C10076%2C10079%2C10084%2C10096%2C10108%2C10114%2C10145%2C10148%2C10151%2C10180%2C10186%2C10199%2C10204%2C10208%2C10216%2C10232%2C10235%2C10243%2C10247%2C10279%2C10283%2C10288-10289%2C10292%2C10294%2C10299%2C10306%2C10334%2C10369%2C10374%2C10379%2C10383%2C10388%2C10392%2C10398%2C10405%2C10411%2C10417%2C10459%2C10465%2C10474%2C10476%2C10478%2C10482-10483%2C10487-10489%2C10491%2C10494%2C10535%2C10561-10562%2C10565-10566%2C10578%2C10580-10581%2C10590%2C10600%2C10604%2C11664%2C11669%2C11681%2C11683%2C11698%2C11702-11703%2C11707%2C11740%2C11754%2C11757%2C11763%2C11776%2C11781%2C11783%2C11785%2C11787%2C11789%2C11791-11793%2C11810%2C11814%2C11816%2C11821%2C11823%2C11827-11828%2C11830%2C11856%2C11858%2C11868%2C11880%2C11922%2C11924%2C11955%2C11959%2C11963%2C11966%2C11974%2C11977%2C11986%2C11990%2C11992%2C11997-11998%2C12002%2C12043%2C12046%2C12049%2C12052%2C12056%2C12067-12069%2C12072%2C12082%2C12085%2C12087-12088%2C12100%2C12104%2C12150%2C12156%2C12168%2C12173%2C12176%2C12182%2C12189%2C12195%2C12215%2C12246%2C12249%2C12258
r12263
r12284
  +dir_prop: branches/qmmp-1.7 svn:mergeinfo /branches/qmmp-0.10:7522%0A/branches/qmmp-0.11:7919%0A/branches/qmmp-0.12:7828%2C7918%2C8045%2C8073-8075%2C8668%2C8705%0A/branches/qmmp-1.0:5596%0A/branches/qmmp-1.1:5819%2C5968%2C6043%2C6172%2C6233%2C6442%0A/branches/qmmp-1.2:6799%2C6945%2C6975%2C7173%2C7382%2C7520%0A/branches/qmmp-1.3:8706%2C8913%0A/branches/qmmp-1.6:10666%2C10780%2C10800%0A/branches/qmmp-2.1:11357%0A/branches/qmmp-2.2:11906%2C11969%2C12010%2C12021%2C12141%2C12171%2C12180%2C12186%2C12213%2C12218%2C12247%2C12256%0A/trunk/qmmp:9936%2C9953%2C9959%2C10009%2C10041%2C10049%2C10066%2C10070%2C10073%2C10076%2C10079%2C10084%2C10096%2C10108%2C10114%2C10145%2C10148%2C10151%2C10180%2C10186%2C10199%2C10204%2C10208%2C10216%2C10232%2C10235%2C10243%2C10247%2C10279%2C10283%2C10288-10289%2C10292%2C10294%2C10299%2C10306%2C10334%2C10369%2C10374%2C10379%2C10383%2C10388%2C10392%2C10398%2C10405%2C10411%2C10417%2C10459%2C10465%2C10474%2C10476%2C10478%2C10482-10483%2C10487-10489%2C10491%2C10494%2C10535%2C10561-10562%2C10565-10566%2C10578%2C10580-10581%2C10590%2C10600%2C10604%2C11664%2C11669%2C11681%2C11683%2C11698%2C11702-11703%2C11707%2C11740%2C11754%2C11757%2C11763%2C11776%2C11781%2C11783%2C11785%2C11787%2C11789%2C11791-11793%2C11810%2C11814%2C11816%2C11821%2C11823%2C11827-11828%2C11830%2C11856%2C11858%2C11868%2C11880%2C11922%2C11924%2C11955%2C11959%2C11963%2C11966%2C11974%2C11977%2C11986%2C11990%2C11992%2C11997-11998%2C12002%2C12043%2C12046%2C12049%2C12052%2C12056%2C12067-12069%2C12072%2C12082%2C12085%2C12087-12088%2C12100%2C12104%2C12150%2C12156%2C12168%2C12173%2C12176%2C12182%2C12189%2C12195%2C12215%2C12246%2C12249%2C12258%2C12282
r12286
r12287
r12292
  +dir_prop: branches/qmmp-1.7 svn:mergeinfo /branches/qmmp-0.10:7522%0A/branches/qmmp-0.11:7919%0A/branches/qmmp-0.12:7828%2C7918%2C8045%2C8073-8075%2C8668%2C8705%0A/branches/qmmp-1.0:5596%0A/branches/qmmp-1.1:5819%2C5968%2C6043%2C6172%2C6233%2C6442%0A/branches/qmmp-1.2:6799%2C6945%2C6975%2C7173%2C7382%2C7520%0A/branches/qmmp-1.3:8706%2C8913%0A/branches/qmmp-1.6:10666%2C10780%2C10800%0A/branches/qmmp-2.1:11357%0A/branches/qmmp-2.2:11906%2C11969%2C12010%2C12021%2C12141%2C12171%2C12180%2C12186%2C12213%2C12218%2C12247%2C12256%0A/trunk/qmmp:9936%2C9953%2C9959%2C10009%2C10041%2C10049%2C10066%2C10070%2C10073%2C10076%2C10079%2C10084%2C10096%2C10108%2C10114%2C10145%2C10148%2C10151%2C10180%2C10186%2C10199%2C10204%2C10208%2C10216%2C10232%2C10235%2C10243%2C10247%2C10279%2C10283%2C10288-10289%2C10292%2C10294%2C10299%2C10306%2C10334%2C10369%2C10374%2C10379%2C10383%2C10388%2C10392%2C10398%2C10405%2C10411%2C10417%2C10459%2C10465%2C10474%2C10476%2C10478%2C10482-10483%2C10487-10489%2C10491%2C10494%2C10535%2C10561-10562%2C10565-10566%2C10578%2C10580-10581%2C10590%2C10600%2C10604%2C11664%2C11669%2C11681%2C11683%2C11698%2C11702-11703%2C11707%2C11740%2C11754%2C11757%2C11763%2C11776%2C11781%2C11783%2C11785%2C11787%2C11789%2C11791-11793%2C11810%2C11814%2C11816%2C11821%2C11823%2C11827-11828%2C11830%2C11856%2C11858%2C11868%2C11880%2C11922%2C11924%2C11955%2C11959%2C11963%2C11966%2C11974%2C11977%2C11986%2C11990%2C11992%2C11997-11998%2C12002%2C12043%2C12046%2C12049%2C12052%2C12056%2C12067-12069%2C12072%2C12082%2C12085%2C12087-12088%2C12100%2C12104%2C12150%2C12156%2C12168%2C12173%2C12176%2C12182%2C12189%2C12195%2C12215%2C12246%2C12249%2C12258%2C12282%2C12289
r12297
  +dir_prop: branches/qmmp-1.7 svn:mergeinfo /branches/qmmp-0.10:7522%0A/branches/qmmp-0.11:7919%0A/branches/qmmp-0.12:7828%2C7918%2C8045%2C8073-8075%2C8668%2C8705%0A/branches/qmmp-1.0:5596%0A/branches/qmmp-1.1:5819%2C5968%2C6043%2C6172%2C6233%2C6442%0A/branches/qmmp-1.2:6799%2C6945%2C6975%2C7173%2C7382%2C7520%0A/branches/qmmp-1.3:8706%2C8913%0A/branches/qmmp-1.6:10666%2C10780%2C10800%0A/branches/qmmp-2.1:11357%0A/branches/qmmp-2.2:11906%2C11969%2C12010%2C12021%2C12141%2C12171%2C12180%2C12186%2C12213%2C12218%2C12247%2C12256%2C12296%0A/trunk/qmmp:9936%2C9953%2C9959%2C10009%2C10041%2C10049%2C10066%2C10070%2C10073%2C10076%2C10079%2C10084%2C10096%2C10108%2C10114%2C10145%2C10148%2C10151%2C10180%2C10186%2C10199%2C10204%2C10208%2C10216%2C10232%2C10235%2C10243%2C10247%2C10279%2C10283%2C10288-10289%2C10292%2C10294%2C10299%2C10306%2C10334%2C10369%2C10374%2C10379%2C10383%2C10388%2C10392%2C10398%2C10405%2C10411%2C10417%2C10459%2C10465%2C10474%2C10476%2C10478%2C10482-10483%2C10487-10489%2C10491%2C10494%2C10535%2C10561-10562%2C10565-10566%2C10578%2C10580-10581%2C10590%2C10600%2C10604%2C11664%2C11669%2C11681%2C11683%2C11698%2C11702-11703%2C11707%2C11740%2C11754%2C11757%2C11763%2C11776%2C11781%2C11783%2C11785%2C11787%2C11789%2C11791-11793%2C11810%2C11814%2C11816%2C11821%2C11823%2C11827-11828%2C11830%2C11856%2C11858%2C11868%2C11880%2C11922%2C11924%2C11955%2C11959%2C11963%2C11966%2C11974%2C11977%2C11986%2C11990%2C11992%2C11997-11998%2C12002%2C12043%2C12046%2C12049%2C12052%2C12056%2C12067-12069%2C12072%2C12082%2C12085%2C12087-12088%2C12100%2C12104%2C12150%2C12156%2C12168%2C12173%2C12176%2C12182%2C12189%2C12195%2C12215%2C12246%2C12249%2C12258%2C12282%2C12289
r12313
r12317
  +dir_prop: branches/qmmp-1.7 svn:mergeinfo /branches/qmmp-0.10:7522%0A/branches/qmmp-0.11:7919%0A/branches/qmmp-0.12:7828%2C7918%2C8045%2C8073-8075%2C8668%2C8705%0A/branches/qmmp-1.0:5596%0A/branches/qmmp-1.1:5819%2C5968%2C6043%2C6172%2C6233%2C6442%0A/branches/qmmp-1.2:6799%2C6945%2C6975%2C7173%2C7382%2C7520%0A/branches/qmmp-1.3:8706%2C8913%0A/branches/qmmp-1.6:10666%2C10780%2C10800%0A/branches/qmmp-2.1:11357%0A/branches/qmmp-2.2:11906%2C11969%2C12010%2C12021%2C12141%2C12171%2C12180%2C12186%2C12213%2C12218%2C12247%2C12256%2C12296%0A/trunk/qmmp:9936%2C9953%2C9959%2C10009%2C10041%2C10049%2C10066%2C10070%2C10073%2C10076%2C10079%2C10084%2C10096%2C10108%2C10114%2C10145%2C10148%2C10151%2C10180%2C10186%2C10199%2C10204%2C10208%2C10216%2C10232%2C10235%2C10243%2C10247%2C10279%2C10283%2C10288-10289%2C10292%2C10294%2C10299%2C10306%2C10334%2C10369%2C10374%2C10379%2C10383%2C10388%2C10392%2C10398%2C10405%2C10411%2C10417%2C10459%2C10465%2C10474%2C10476%2C10478%2C10482-10483%2C10487-10489%2C10491%2C10494%2C10535%2C10561-10562%2C10565-10566%2C10578%2C10580-10581%2C10590%2C10600%2C10604%2C11664%2C11669%2C11681%2C11683%2C11698%2C11702-11703%2C11707%2C11740%2C11754%2C11757%2C11763%2C11776%2C11781%2C11783%2C11785%2C11787%2C11789%2C11791-11793%2C11810%2C11814%2C11816%2C11821%2C11823%2C11827-11828%2C11830%2C11856%2C11858%2C11868%2C11880%2C11922%2C11924%2C11955%2C11959%2C11963%2C11966%2C11974%2C11977%2C11986%2C11990%2C11992%2C11997-11998%2C12002%2C12043%2C12046%2C12049%2C12052%2C12056%2C12067-12069%2C12072%2C12082%2C12085%2C12087-12088%2C12100%2C12104%2C12150%2C12156%2C12168%2C12173%2C12176%2C12182%2C12189%2C12195%2C12215%2C12246%2C12249%2C12258%2C12282%2C12289%2C12315-12316
  +dir_prop: branches/qmmp-1.7/src/plugins/Ui/qsui svn:mergeinfo /branches/qmmp-0.12/src/plugins/Ui/qsui:8073-8075%0A/branches/qmmp-1.1/src/plugins/Ui/qsui:6172%0A/branches/qmmp-1.2/src/plugins/Ui/qsui:7382%0A/trunk/qmmp/src/plugins/Ui/qsui:10148%2C10151%2C10180%2C10247%2C10279%2C10283%2C10288-10289%2C10292%2C10294%2C10411%2C10488-10489%2C10535%2C10561-10562%2C10565-10566%2C11681%2C11698%2C11789%2C11792%2C11823%2C11924%2C11955%2C12104%2C12315-12316%0A/trunk/qmmp/src/plugins/Ui/skinned:5223%2C6018-6019%2C6022
r12350
r12353
r12359
r12363
r12364
r12366
r12370
  +dir_prop: branches/qmmp-1.7 svn:mergeinfo /branches/qmmp-0.10:7522%0A/branches/qmmp-0.11:7919%0A/branches/qmmp-0.12:7828%2C7918%2C8045%2C8073-8075%2C8668%2C8705%0A/branches/qmmp-1.0:5596%0A/branches/qmmp-1.1:5819%2C5968%2C6043%2C6172%2C6233%2C6442%0A/branches/qmmp-1.2:6799%2C6945%2C6975%2C7173%2C7382%2C7520%0A/branches/qmmp-1.3:8706%2C8913%0A/branches/qmmp-1.6:10666%2C10780%2C10800%0A/branches/qmmp-2.1:11357%0A/branches/qmmp-2.2:11906%2C11969%2C12010%2C12021%2C12141%2C12171%2C12180%2C12186%2C12213%2C12218%2C12247%2C12256%2C12296%2C12369%0A/trunk/qmmp:9936%2C9953%2C9959%2C10009%2C10041%2C10049%2C10066%2C10070%2C10073%2C10076%2C10079%2C10084%2C10096%2C10108%2C10114%2C10145%2C10148%2C10151%2C10180%2C10186%2C10199%2C10204%2C10208%2C10216%2C10232%2C10235%2C10243%2C10247%2C10279%2C10283%2C10288-10289%2C10292%2C10294%2C10299%2C10306%2C10334%2C10369%2C10374%2C10379%2C10383%2C10388%2C10392%2C10398%2C10405%2C10411%2C10417%2C10459%2C10465%2C10474%2C10476%2C10478%2C10482-10483%2C10487-10489%2C10491%2C10494%2C10535%2C10561-10562%2C10565-10566%2C10578%2C10580-10581%2C10590%2C10600%2C10604%2C11664%2C11669%2C11681%2C11683%2C11698%2C11702-11703%2C11707%2C11740%2C11754%2C11757%2C11763%2C11776%2C11781%2C11783%2C11785%2C11787%2C11789%2C11791-11793%2C11810%2C11814%2C11816%2C11821%2C11823%2C11827-11828%2C11830%2C11856%2C11858%2C11868%2C11880%2C11922%2C11924%2C11955%2C11959%2C11963%2C11966%2C11974%2C11977%2C11986%2C11990%2C11992%2C11997-11998%2C12002%2C12043%2C12046%2C12049%2C12052%2C12056%2C12067-12069%2C12072%2C12082%2C12085%2C12087-12088%2C12100%2C12104%2C12150%2C12156%2C12168%2C12173%2C12176%2C12182%2C12189%2C12195%2C12215%2C12246%2C12249%2C12258%2C12282%2C12289%2C12315-12316
  +dir_prop: branches/qmmp-1.7/src/plugins/Ui/qsui svn:mergeinfo /branches/qmmp-0.12/src/plugins/Ui/qsui:8073-8075%0A/branches/qmmp-1.1/src/plugins/Ui/qsui:6172%0A/branches/qmmp-1.2/src/plugins/Ui/qsui:7382%0A/branches/qmmp-2.2/src/plugins/Ui/qsui:12369%0A/trunk/qmmp/src/plugins/Ui/qsui:10148%2C10151%2C10180%2C10247%2C10279%2C10283%2C10288-10289%2C10292%2C10294%2C10411%2C10488-10489%2C10535%2C10561-10562%2C10565-10566%2C11681%2C11698%2C11789%2C11792%2C11823%2C11924%2C11955%2C12104%2C12315-12316%0A/trunk/qmmp/src/plugins/Ui/skinned:5223%2C6018-6019%2C6022
r12371
r12379
  +dir_prop: branches/qmmp-1.7 svn:mergeinfo /branches/qmmp-0.10:7522%0A/branches/qmmp-0.11:7919%0A/branches/qmmp-0.12:7828%2C7918%2C8045%2C8073-8075%2C8668%2C8705%0A/branches/qmmp-1.0:5596%0A/branches/qmmp-1.1:5819%2C5968%2C6043%2C6172%2C6233%2C6442%0A/branches/qmmp-1.2:6799%2C6945%2C6975%2C7173%2C7382%2C7520%0A/branches/qmmp-1.3:8706%2C8913%0A/branches/qmmp-1.6:10666%2C10780%2C10800%0A/branches/qmmp-2.1:11357%0A/branches/qmmp-2.2:11906%2C11969%2C12010%2C12021%2C12141%2C12171%2C12180%2C12186%2C12213%2C12218%2C12247%2C12256%2C12296%2C12369%0A/trunk/qmmp:9936%2C9953%2C9959%2C10009%2C10041%2C10049%2C10066%2C10070%2C10073%2C10076%2C10079%2C10084%2C10096%2C10108%2C10114%2C10145%2C10148%2C10151%2C10180%2C10186%2C10199%2C10204%2C10208%2C10216%2C10232%2C10235%2C10243%2C10247%2C10279%2C10283%2C10288-10289%2C10292%2C10294%2C10299%2C10306%2C10334%2C10369%2C10374%2C10379%2C10383%2C10388%2C10392%2C10398%2C10405%2C10411%2C10417%2C10459%2C10465%2C10474%2C10476%2C10478%2C10482-10483%2C10487-10489%2C10491%2C10494%2C10535%2C10561-10562%2C10565-10566%2C10578%2C10580-10581%2C10590%2C10600%2C10604%2C11664%2C11669%2C11681%2C11683%2C11698%2C11702-11703%2C11707%2C11740%2C11754%2C11757%2C11763%2C11776%2C11781%2C11783%2C11785%2C11787%2C11789%2C11791-11793%2C11810%2C11814%2C11816%2C11821%2C11823%2C11827-11828%2C11830%2C11856%2C11858%2C11868%2C11880%2C11922%2C11924%2C11955%2C11959%2C11963%2C11966%2C11974%2C11977%2C11986%2C11990%2C11992%2C11997-11998%2C12002%2C12043%2C12046%2C12049%2C12052%2C12056%2C12067-12069%2C12072%2C12082%2C12085%2C12087-12088%2C12100%2C12104%2C12150%2C12156%2C12168%2C12173%2C12176%2C12182%2C12189%2C12195%2C12215%2C12246%2C12249%2C12258%2C12282%2C12289%2C12315-12316%2C12376
r12381
  +dir_prop: branches/qmmp-1.7 svn:mergeinfo /branches/qmmp-0.10:7522%0A/branches/qmmp-0.11:7919%0A/branches/qmmp-0.12:7828%2C7918%2C8045%2C8073-8075%2C8668%2C8705%0A/branches/qmmp-1.0:5596%0A/branches/qmmp-1.1:5819%2C5968%2C6043%2C6172%2C6233%2C6442%0A/branches/qmmp-1.2:6799%2C6945%2C6975%2C7173%2C7382%2C7520%0A/branches/qmmp-1.3:8706%2C8913%0A/branches/qmmp-1.6:10666%2C10780%2C10800%0A/branches/qmmp-2.1:11357%0A/branches/qmmp-2.2:11906%2C11969%2C12010%2C12021%2C12141%2C12171%2C12180%2C12186%2C12213%2C12218%2C12247%2C12256%2C12296%2C12369%2C12380%0A/trunk/qmmp:9936%2C9953%2C9959%2C10009%2C10041%2C10049%2C10066%2C10070%2C10073%2C10076%2C10079%2C10084%2C10096%2C10108%2C10114%2C10145%2C10148%2C10151%2C10180%2C10186%2C10199%2C10204%2C10208%2C10216%2C10232%2C10235%2C10243%2C10247%2C10279%2C10283%2C10288-10289%2C10292%2C10294%2C10299%2C10306%2C10334%2C10369%2C10374%2C10379%2C10383%2C10388%2C10392%2C10398%2C10405%2C10411%2C10417%2C10459%2C10465%2C10474%2C10476%2C10478%2C10482-10483%2C10487-10489%2C10491%2C10494%2C10535%2C10561-10562%2C10565-10566%2C10578%2C10580-10581%2C10590%2C10600%2C10604%2C11664%2C11669%2C11681%2C11683%2C11698%2C11702-11703%2C11707%2C11740%2C11754%2C11757%2C11763%2C11776%2C11781%2C11783%2C11785%2C11787%2C11789%2C11791-11793%2C11810%2C11814%2C11816%2C11821%2C11823%2C11827-11828%2C11830%2C11856%2C11858%2C11868%2C11880%2C11922%2C11924%2C11955%2C11959%2C11963%2C11966%2C11974%2C11977%2C11986%2C11990%2C11992%2C11997-11998%2C12002%2C12043%2C12046%2C12049%2C12052%2C12056%2C12067-12069%2C12072%2C12082%2C12085%2C12087-12088%2C12100%2C12104%2C12150%2C12156%2C12168%2C12173%2C12176%2C12182%2C12189%2C12195%2C12215%2C12246%2C12249%2C12258%2C12282%2C12289%2C12315-12316%2C12376
r12390
r12396
  +dir_prop: branches/qmmp-1.7 svn:mergeinfo /branches/qmmp-0.10:7522%0A/branches/qmmp-0.11:7919%0A/branches/qmmp-0.12:7828%2C7918%2C8045%2C8073-8075%2C8668%2C8705%0A/branches/qmmp-1.0:5596%0A/branches/qmmp-1.1:5819%2C5968%2C6043%2C6172%2C6233%2C6442%0A/branches/qmmp-1.2:6799%2C6945%2C6975%2C7173%2C7382%2C7520%0A/branches/qmmp-1.3:8706%2C8913%0A/branches/qmmp-1.6:10666%2C10780%2C10800%0A/branches/qmmp-2.1:11357%0A/branches/qmmp-2.2:11906%2C11969%2C12010%2C12021%2C12141%2C12171%2C12180%2C12186%2C12213%2C12218%2C12247%2C12256%2C12296%2C12369%2C12380%0A/trunk/qmmp:9936%2C9953%2C9959%2C10009%2C10041%2C10049%2C10066%2C10070%2C10073%2C10076%2C10079%2C10084%2C10096%2C10108%2C10114%2C10145%2C10148%2C10151%2C10180%2C10186%2C10199%2C10204%2C10208%2C10216%2C10232%2C10235%2C10243%2C10247%2C10279%2C10283%2C10288-10289%2C10292%2C10294%2C10299%2C10306%2C10334%2C10369%2C10374%2C10379%2C10383%2C10388%2C10392%2C10398%2C10405%2C10411%2C10417%2C10459%2C10465%2C10474%2C10476%2C10478%2C10482-10483%2C10487-10489%2C10491%2C10494%2C10535%2C10561-10562%2C10565-10566%2C10578%2C10580-10581%2C10590%2C10600%2C10604%2C11664%2C11669%2C11681%2C11683%2C11698%2C11702-11703%2C11707%2C11740%2C11754%2C11757%2C11763%2C11776%2C11781%2C11783%2C11785%2C11787%2C11789%2C11791-11793%2C11810%2C11814%2C11816%2C11821%2C11823%2C11827-11828%2C11830%2C11856%2C11858%2C11868%2C11880%2C11922%2C11924%2C11955%2C11959%2C11963%2C11966%2C11974%2C11977%2C11986%2C11990%2C11992%2C11997-11998%2C12002%2C12043%2C12046%2C12049%2C12052%2C12056%2C12067-12069%2C12072%2C12082%2C12085%2C12087-12088%2C12100%2C12104%2C12150%2C12156%2C12168%2C12173%2C12176%2C12182%2C12189%2C12195%2C12215%2C12246%2C12249%2C12258%2C12282%2C12289%2C12315-12316%2C12376%2C12394
r12418
  +dir_prop: branches/qmmp-1.7 svn:mergeinfo /branches/qmmp-0.10:7522%0A/branches/qmmp-0.11:7919%0A/branches/qmmp-0.12:7828%2C7918%2C8045%2C8073-8075%2C8668%2C8705%0A/branches/qmmp-1.0:5596%0A/branches/qmmp-1.1:5819%2C5968%2C6043%2C6172%2C6233%2C6442%0A/branches/qmmp-1.2:6799%2C6945%2C6975%2C7173%2C7382%2C7520%0A/branches/qmmp-1.3:8706%2C8913%0A/branches/qmmp-1.6:10666%2C10780%2C10800%0A/branches/qmmp-2.1:11357%0A/branches/qmmp-2.2:11906%2C11969%2C12010%2C12021%2C12141%2C12171%2C12180%2C12186%2C12213%2C12218%2C12247%2C12256%2C12296%2C12369%2C12380%0A/trunk/qmmp:9936%2C9953%2C9959%2C10009%2C10041%2C10049%2C10066%2C10070%2C10073%2C10076%2C10079%2C10084%2C10096%2C10108%2C10114%2C10145%2C10148%2C10151%2C10180%2C10186%2C10199%2C10204%2C10208%2C10216%2C10232%2C10235%2C10243%2C10247%2C10279%2C10283%2C10288-10289%2C10292%2C10294%2C10299%2C10306%2C10334%2C10369%2C10374%2C10379%2C10383%2C10388%2C10392%2C10398%2C10405%2C10411%2C10417%2C10459%2C10465%2C10474%2C10476%2C10478%2C10482-10483%2C10487-10489%2C10491%2C10494%2C10535%2C10561-10562%2C10565-10566%2C10578%2C10580-10581%2C10590%2C10600%2C10604%2C11664%2C11669%2C11681%2C11683%2C11698%2C11702-11703%2C11707%2C11740%2C11754%2C11757%2C11763%2C11776%2C11781%2C11783%2C11785%2C11787%2C11789%2C11791-11793%2C11810%2C11814%2C11816%2C11821%2C11823%2C11827-11828%2C11830%2C11856%2C11858%2C11868%2C11880%2C11922%2C11924%2C11955%2C11959%2C11963%2C11966%2C11974%2C11977%2C11986%2C11990%2C11992%2C11997-11998%2C12002%2C12043%2C12046%2C12049%2C12052%2C12056%2C12067-12069%2C12072%2C12082%2C12085%2C12087-12088%2C12100%2C12104%2C12150%2C12156%2C12168%2C12173%2C12176%2C12182%2C12189%2C12195%2C12215%2C12246%2C12249%2C12258%2C12282%2C12289%2C12315-12316%2C12376%2C12394%2C12416
r12419
  +dir_prop: branches/qmmp-1.7 svn:mergeinfo /branches/qmmp-0.10:7522%0A/branches/qmmp-0.11:7919%0A/branches/qmmp-0.12:7828%2C7918%2C8045%2C8073-8075%2C8668%2C8705%0A/branches/qmmp-1.0:5596%0A/branches/qmmp-1.1:5819%2C5968%2C6043%2C6172%2C6233%2C6442%0A/branches/qmmp-1.2:6799%2C6945%2C6975%2C7173%2C7382%2C7520%0A/branches/qmmp-1.3:8706%2C8913%0A/branches/qmmp-1.6:10666%2C10780%2C10800%0A/branches/qmmp-2.1:11357%0A/branches/qmmp-2.2:11906%2C11969%2C12010%2C12021%2C12141%2C12171%2C12180%2C12186%2C12213%2C12218%2C12247%2C12256%2C12296%2C12369%2C12380%0A/trunk/qmmp:9936%2C9953%2C9959%2C10009%2C10041%2C10049%2C10066%2C10070%2C10073%2C10076%2C10079%2C10084%2C10096%2C10108%2C10114%2C10145%2C10148%2C10151%2C10180%2C10186%2C10199%2C10204%2C10208%2C10216%2C10232%2C10235%2C10243%2C10247%2C10279%2C10283%2C10288-10289%2C10292%2C10294%2C10299%2C10306%2C10334%2C10369%2C10374%2C10379%2C10383%2C10388%2C10392%2C10398%2C10405%2C10411%2C10417%2C10459%2C10465%2C10474%2C10476%2C10478%2C10482-10483%2C10487-10489%2C10491%2C10494%2C10535%2C10561-10562%2C10565-10566%2C10578%2C10580-10581%2C10590%2C10600%2C10604%2C11664%2C11669%2C11681%2C11683%2C11698%2C11702-11703%2C11707%2C11740%2C11754%2C11757%2C11763%2C11776%2C11781%2C11783%2C11785%2C11787%2C11789%2C11791-11793%2C11810%2C11814%2C11816%2C11821%2C11823%2C11827-11828%2C11830%2C11856%2C11858%2C11868%2C11880%2C11922%2C11924%2C11955%2C11959%2C11963%2C11966%2C11974%2C11977%2C11986%2C11990%2C11992%2C11997-11998%2C12002%2C12043%2C12046%2C12049%2C12052%2C12056%2C12067-12069%2C12072%2C12082%2C12085%2C12087-12088%2C12100%2C12104%2C12150%2C12156%2C12168%2C12173%2C12176%2C12182%2C12189%2C12195%2C12215%2C12246%2C12249%2C12258%2C12282%2C12289%2C12315-12316%2C12376%2C12394%2C12415-12416
r12422
  +dir_prop: branches/qmmp-1.7 svn:mergeinfo /branches/qmmp-0.10:7522%0A/branches/qmmp-0.11:7919%0A/branches/qmmp-0.12:7828%2C7918%2C8045%2C8073-8075%2C8668%2C8705%0A/branches/qmmp-1.0:5596%0A/branches/qmmp-1.1:5819%2C5968%2C6043%2C6172%2C6233%2C6442%0A/branches/qmmp-1.2:6799%2C6945%2C6975%2C7173%2C7382%2C7520%0A/branches/qmmp-1.3:8706%2C8913%0A/branches/qmmp-1.6:10666%2C10780%2C10800%0A/branches/qmmp-2.1:11357%0A/branches/qmmp-2.2:11906%2C11969%2C12010%2C12021%2C12141%2C12171%2C12180%2C12186%2C12213%2C12218%2C12247%2C12256%2C12296%2C12369%2C12380%2C12421%0A/trunk/qmmp:9936%2C9953%2C9959%2C10009%2C10041%2C10049%2C10066%2C10070%2C10073%2C10076%2C10079%2C10084%2C10096%2C10108%2C10114%2C10145%2C10148%2C10151%2C10180%2C10186%2C10199%2C10204%2C10208%2C10216%2C10232%2C10235%2C10243%2C10247%2C10279%2C10283%2C10288-10289%2C10292%2C10294%2C10299%2C10306%2C10334%2C10369%2C10374%2C10379%2C10383%2C10388%2C10392%2C10398%2C10405%2C10411%2C10417%2C10459%2C10465%2C10474%2C10476%2C10478%2C10482-10483%2C10487-10489%2C10491%2C10494%2C10535%2C10561-10562%2C10565-10566%2C10578%2C10580-10581%2C10590%2C10600%2C10604%2C11664%2C11669%2C11681%2C11683%2C11698%2C11702-11703%2C11707%2C11740%2C11754%2C11757%2C11763%2C11776%2C11781%2C11783%2C11785%2C11787%2C11789%2C11791-11793%2C11810%2C11814%2C11816%2C11821%2C11823%2C11827-11828%2C11830%2C11856%2C11858%2C11868%2C11880%2C11922%2C11924%2C11955%2C11959%2C11963%2C11966%2C11974%2C11977%2C11986%2C11990%2C11992%2C11997-11998%2C12002%2C12043%2C12046%2C12049%2C12052%2C12056%2C12067-12069%2C12072%2C12082%2C12085%2C12087-12088%2C12100%2C12104%2C12150%2C12156%2C12168%2C12173%2C12176%2C12182%2C12189%2C12195%2C12215%2C12246%2C12249%2C12258%2C12282%2C12289%2C12315-12316%2C12376%2C12394%2C12415-12416
r12426
r12429
r12431
  +dir_prop: branches/qmmp-1.7 svn:mergeinfo /branches/qmmp-0.10:7522%0A/branches/qmmp-0.11:7919%0A/branches/qmmp-0.12:7828%2C7918%2C8045%2C8073-8075%2C8668%2C8705%0A/branches/qmmp-1.0:5596%0A/branches/qmmp-1.1:5819%2C5968%2C6043%2C6172%2C6233%2C6442%0A/branches/qmmp-1.2:6799%2C6945%2C6975%2C7173%2C7382%2C7520%0A/branches/qmmp-1.3:8706%2C8913%0A/branches/qmmp-1.6:10666%2C10780%2C10800%0A/branches/qmmp-2.1:11357%0A/branches/qmmp-2.2:11906%2C11969%2C12010%2C12021%2C12141%2C12171%2C12180%2C12186%2C12213%2C12218%2C12247%2C12256%2C12296%2C12369%2C12380%2C12421%2C12430%0A/trunk/qmmp:9936%2C9953%2C9959%2C10009%2C10041%2C10049%2C10066%2C10070%2C10073%2C10076%2C10079%2C10084%2C10096%2C10108%2C10114%2C10145%2C10148%2C10151%2C10180%2C10186%2C10199%2C10204%2C10208%2C10216%2C10232%2C10235%2C10243%2C10247%2C10279%2C10283%2C10288-10289%2C10292%2C10294%2C10299%2C10306%2C10334%2C10369%2C10374%2C10379%2C10383%2C10388%2C10392%2C10398%2C10405%2C10411%2C10417%2C10459%2C10465%2C10474%2C10476%2C10478%2C10482-10483%2C10487-10489%2C10491%2C10494%2C10535%2C10561-10562%2C10565-10566%2C10578%2C10580-10581%2C10590%2C10600%2C10604%2C11664%2C11669%2C11681%2C11683%2C11698%2C11702-11703%2C11707%2C11740%2C11754%2C11757%2C11763%2C11776%2C11781%2C11783%2C11785%2C11787%2C11789%2C11791-11793%2C11810%2C11814%2C11816%2C11821%2C11823%2C11827-11828%2C11830%2C11856%2C11858%2C11868%2C11880%2C11922%2C11924%2C11955%2C11959%2C11963%2C11966%2C11974%2C11977%2C11986%2C11990%2C11992%2C11997-11998%2C12002%2C12043%2C12046%2C12049%2C12052%2C12056%2C12067-12069%2C12072%2C12082%2C12085%2C12087-12088%2C12100%2C12104%2C12150%2C12156%2C12168%2C12173%2C12176%2C12182%2C12189%2C12195%2C12215%2C12246%2C12249%2C12258%2C12282%2C12289%2C12315-12316%2C12376%2C12394%2C12415-12416
r12439
r12442
  +dir_prop: branches/qmmp-1.7 svn:mergeinfo /branches/qmmp-0.10:7522%0A/branches/qmmp-0.11:7919%0A/branches/qmmp-0.12:7828%2C7918%2C8045%2C8073-8075%2C8668%2C8705%0A/branches/qmmp-1.0:5596%0A/branches/qmmp-1.1:5819%2C5968%2C6043%2C6172%2C6233%2C6442%0A/branches/qmmp-1.2:6799%2C6945%2C6975%2C7173%2C7382%2C7520%0A/branches/qmmp-1.3:8706%2C8913%0A/branches/qmmp-1.6:10666%2C10780%2C10800%0A/branches/qmmp-2.1:11357%0A/branches/qmmp-2.2:11906%2C11969%2C12010%2C12021%2C12141%2C12171%2C12180%2C12186%2C12213%2C12218%2C12247%2C12256%2C12296%2C12369%2C12380%2C12421%2C12430%0A/trunk/qmmp:9936%2C9953%2C9959%2C10009%2C10041%2C10049%2C10066%2C10070%2C10073%2C10076%2C10079%2C10084%2C10096%2C10108%2C10114%2C10145%2C10148%2C10151%2C10180%2C10186%2C10199%2C10204%2C10208%2C10216%2C10232%2C10235%2C10243%2C10247%2C10279%2C10283%2C10288-10289%2C10292%2C10294%2C10299%2C10306%2C10334%2C10369%2C10374%2C10379%2C10383%2C10388%2C10392%2C10398%2C10405%2C10411%2C10417%2C10459%2C10465%2C10474%2C10476%2C10478%2C10482-10483%2C10487-10489%2C10491%2C10494%2C10535%2C10561-10562%2C10565-10566%2C10578%2C10580-10581%2C10590%2C10600%2C10604%2C11664%2C11669%2C11681%2C11683%2C11698%2C11702-11703%2C11707%2C11740%2C11754%2C11757%2C11763%2C11776%2C11781%2C11783%2C11785%2C11787%2C11789%2C11791-11793%2C11810%2C11814%2C11816%2C11821%2C11823%2C11827-11828%2C11830%2C11856%2C11858%2C11868%2C11880%2C11922%2C11924%2C11955%2C11959%2C11963%2C11966%2C11974%2C11977%2C11986%2C11990%2C11992%2C11997-11998%2C12002%2C12043%2C12046%2C12049%2C12052%2C12056%2C12067-12069%2C12072%2C12082%2C12085%2C12087-12088%2C12100%2C12104%2C12150%2C12156%2C12168%2C12173%2C12176%2C12182%2C12189%2C12195%2C12215%2C12246%2C12249%2C12258%2C12282%2C12289%2C12315-12316%2C12376%2C12394%2C12415-12416%2C12440
r12445
  +dir_prop: branches/qmmp-1.7 svn:mergeinfo /branches/qmmp-0.10:7522%0A/branches/qmmp-0.11:7919%0A/branches/qmmp-0.12:7828%2C7918%2C8045%2C8073-8075%2C8668%2C8705%0A/branches/qmmp-1.0:5596%0A/branches/qmmp-1.1:5819%2C5968%2C6043%2C6172%2C6233%2C6442%0A/branches/qmmp-1.2:6799%2C6945%2C6975%2C7173%2C7382%2C7520%0A/branches/qmmp-1.3:8706%2C8913%0A/branches/qmmp-1.6:10666%2C10780%2C10800%0A/branches/qmmp-2.1:11357%0A/branches/qmmp-2.2:11906%2C11969%2C12010%2C12021%2C12141%2C12171%2C12180%2C12186%2C12213%2C12218%2C12247%2C12256%2C12296%2C12369%2C12380%2C12421%2C12430%2C12444%0A/trunk/qmmp:9936%2C9953%2C9959%2C10009%2C10041%2C10049%2C10066%2C10070%2C10073%2C10076%2C10079%2C10084%2C10096%2C10108%2C10114%2C10145%2C10148%2C10151%2C10180%2C10186%2C10199%2C10204%2C10208%2C10216%2C10232%2C10235%2C10243%2C10247%2C10279%2C10283%2C10288-10289%2C10292%2C10294%2C10299%2C10306%2C10334%2C10369%2C10374%2C10379%2C10383%2C10388%2C10392%2C10398%2C10405%2C10411%2C10417%2C10459%2C10465%2C10474%2C10476%2C10478%2C10482-10483%2C10487-10489%2C10491%2C10494%2C10535%2C10561-10562%2C10565-10566%2C10578%2C10580-10581%2C10590%2C10600%2C10604%2C11664%2C11669%2C11681%2C11683%2C11698%2C11702-11703%2C11707%2C11740%2C11754%2C11757%2C11763%2C11776%2C11781%2C11783%2C11785%2C11787%2C11789%2C11791-11793%2C11810%2C11814%2C11816%2C11821%2C11823%2C11827-11828%2C11830%2C11856%2C11858%2C11868%2C11880%2C11922%2C11924%2C11955%2C11959%2C11963%2C11966%2C11974%2C11977%2C11986%2C11990%2C11992%2C11997-11998%2C12002%2C12043%2C12046%2C12049%2C12052%2C12056%2C12067-12069%2C12072%2C12082%2C12085%2C12087-12088%2C12100%2C12104%2C12150%2C12156%2C12168%2C12173%2C12176%2C12182%2C12189%2C12195%2C12215%2C12246%2C12249%2C12258%2C12282%2C12289%2C12315-12316%2C12376%2C12394%2C12415-12416%2C12440
r12448
  +dir_prop: branches/qmmp-1.7 svn:mergeinfo /branches/qmmp-0.10:7522%0A/branches/qmmp-0.11:7919%0A/branches/qmmp-0.12:7828%2C7918%2C8045%2C8073-8075%2C8668%2C8705%0A/branches/qmmp-1.0:5596%0A/branches/qmmp-1.1:5819%2C5968%2C6043%2C6172%2C6233%2C6442%0A/branches/qmmp-1.2:6799%2C6945%2C6975%2C7173%2C7382%2C7520%0A/branches/qmmp-1.3:8706%2C8913%0A/branches/qmmp-1.6:10666%2C10780%2C10800%0A/branches/qmmp-2.1:11357%0A/branches/qmmp-2.2:11906%2C11969%2C12010%2C12021%2C12141%2C12171%2C12180%2C12186%2C12213%2C12218%2C12247%2C12256%2C12296%2C12369%2C12380%2C12421%2C12430%2C12444%0A/trunk/qmmp:9936%2C9953%2C9959%2C10009%2C10041%2C10049%2C10066%2C10070%2C10073%2C10076%2C10079%2C10084%2C10096%2C10108%2C10114%2C10145%2C10148%2C10151%2C10180%2C10186%2C10199%2C10204%2C10208%2C10216%2C10232%2C10235%2C10243%2C10247%2C10279%2C10283%2C10288-10289%2C10292%2C10294%2C10299%2C10306%2C10334%2C10369%2C10374%2C10379%2C10383%2C10388%2C10392%2C10398%2C10405%2C10411%2C10417%2C10459%2C10465%2C10474%2C10476%2C10478%2C10482-10483%2C10487-10489%2C10491%2C10494%2C10535%2C10561-10562%2C10565-10566%2C10578%2C10580-10581%2C10590%2C10600%2C10604%2C11664%2C11669%2C11681%2C11683%2C11698%2C11702-11703%2C11707%2C11740%2C11754%2C11757%2C11763%2C11776%2C11781%2C11783%2C11785%2C11787%2C11789%2C11791-11793%2C11810%2C11814%2C11816%2C11821%2C11823%2C11827-11828%2C11830%2C11856%2C11858%2C11868%2C11880%2C11922%2C11924%2C11955%2C11959%2C11963%2C11966%2C11974%2C11977%2C11986%2C11990%2C11992%2C11997-11998%2C12002%2C12043%2C12046%2C12049%2C12052%2C12056%2C12067-12069%2C12072%2C12082%2C12085%2C12087-12088%2C12100%2C12104%2C12150%2C12156%2C12168%2C12173%2C12176%2C12182%2C12189%2C12195%2C12215%2C12246%2C12249%2C12258%2C12282%2C12289%2C12315-12316%2C12376%2C12394%2C12415-12416%2C12440%2C12446
r12453
  +dir_prop: branches/qmmp-1.7 svn:mergeinfo /branches/qmmp-0.10:7522%0A/branches/qmmp-0.11:7919%0A/branches/qmmp-0.12:7828%2C7918%2C8045%2C8073-8075%2C8668%2C8705%0A/branches/qmmp-1.0:5596%0A/branches/qmmp-1.1:5819%2C5968%2C6043%2C6172%2C6233%2C6442%0A/branches/qmmp-1.2:6799%2C6945%2C6975%2C7173%2C7382%2C7520%0A/branches/qmmp-1.3:8706%2C8913%0A/branches/qmmp-1.6:10666%2C10780%2C10800%0A/branches/qmmp-2.1:11357%0A/branches/qmmp-2.2:11906%2C11969%2C12010%2C12021%2C12141%2C12171%2C12180%2C12186%2C12213%2C12218%2C12247%2C12256%2C12296%2C12369%2C12380%2C12421%2C12430%2C12444%2C12449%0A/trunk/qmmp:9936%2C9953%2C9959%2C10009%2C10041%2C10049%2C10066%2C10070%2C10073%2C10076%2C10079%2C10084%2C10096%2C10108%2C10114%2C10145%2C10148%2C10151%2C10180%2C10186%2C10199%2C10204%2C10208%2C10216%2C10232%2C10235%2C10243%2C10247%2C10279%2C10283%2C10288-10289%2C10292%2C10294%2C10299%2C10306%2C10334%2C10369%2C10374%2C10379%2C10383%2C10388%2C10392%2C10398%2C10405%2C10411%2C10417%2C10459%2C10465%2C10474%2C10476%2C10478%2C10482-10483%2C10487-10489%2C10491%2C10494%2C10535%2C10561-10562%2C10565-10566%2C10578%2C10580-10581%2C10590%2C10600%2C10604%2C11664%2C11669%2C11681%2C11683%2C11698%2C11702-11703%2C11707%2C11740%2C11754%2C11757%2C11763%2C11776%2C11781%2C11783%2C11785%2C11787%2C11789%2C11791-11793%2C11810%2C11814%2C11816%2C11821%2C11823%2C11827-11828%2C11830%2C11856%2C11858%2C11868%2C11880%2C11922%2C11924%2C11955%2C11959%2C11963%2C11966%2C11974%2C11977%2C11986%2C11990%2C11992%2C11997-11998%2C12002%2C12043%2C12046%2C12049%2C12052%2C12056%2C12067-12069%2C12072%2C12082%2C12085%2C12087-12088%2C12100%2C12104%2C12150%2C12156%2C12168%2C12173%2C12176%2C12182%2C12189%2C12195%2C12215%2C12246%2C12249%2C12258%2C12282%2C12289%2C12315-12316%2C12376%2C12394%2C12415-12416%2C12436%2C12440%2C12446
  +dir_prop: branches/qmmp-1.7/src/plugins/Ui/qsui svn:mergeinfo /branches/qmmp-0.12/src/plugins/Ui/qsui:8073-8075%0A/branches/qmmp-1.1/src/plugins/Ui/qsui:6172%0A/branches/qmmp-1.2/src/plugins/Ui/qsui:7382%0A/branches/qmmp-2.2/src/plugins/Ui/qsui:12369%0A/trunk/qmmp/src/plugins/Ui/qsui:10148%2C10151%2C10180%2C10247%2C10279%2C10283%2C10288-10289%2C10292%2C10294%2C10411%2C10488-10489%2C10535%2C10561-10562%2C10565-10566%2C11681%2C11698%2C11789%2C11792%2C11823%2C11924%2C11955%2C12104%2C12315-12316%2C12436%0A/trunk/qmmp/src/plugins/Ui/skinned:5223%2C6018-6019%2C6022
r12454
r12457
  +dir_prop: branches/qmmp-1.7 svn:mergeinfo /branches/qmmp-0.10:7522%0A/branches/qmmp-0.11:7919%0A/branches/qmmp-0.12:7828%2C7918%2C8045%2C8073-8075%2C8668%2C8705%0A/branches/qmmp-1.0:5596%0A/branches/qmmp-1.1:5819%2C5968%2C6043%2C6172%2C6233%2C6442%0A/branches/qmmp-1.2:6799%2C6945%2C6975%2C7173%2C7382%2C7520%0A/branches/qmmp-1.3:8706%2C8913%0A/branches/qmmp-1.6:10666%2C10780%2C10800%0A/branches/qmmp-2.1:11357%0A/branches/qmmp-2.2:11906%2C11969%2C12010%2C12021%2C12141%2C12171%2C12180%2C12186%2C12213%2C12218%2C12247%2C12256%2C12296%2C12369%2C12380%2C12421%2C12430%2C12444%2C12449%0A/trunk/qmmp:9936%2C9953%2C9959%2C10009%2C10041%2C10049%2C10066%2C10070%2C10073%2C10076%2C10079%2C10084%2C10096%2C10108%2C10114%2C10145%2C10148%2C10151%2C10180%2C10186%2C10199%2C10204%2C10208%2C10216%2C10232%2C10235%2C10243%2C10247%2C10279%2C10283%2C10288-10289%2C10292%2C10294%2C10299%2C10306%2C10334%2C10369%2C10374%2C10379%2C10383%2C10388%2C10392%2C10398%2C10405%2C10411%2C10417%2C10459%2C10465%2C10474%2C10476%2C10478%2C10482-10483%2C10487-10489%2C10491%2C10494%2C10535%2C10561-10562%2C10565-10566%2C10578%2C10580-10581%2C10590%2C10600%2C10604%2C11664%2C11669%2C11681%2C11683%2C11698%2C11702-11703%2C11707%2C11740%2C11754%2C11757%2C11763%2C11776%2C11781%2C11783%2C11785%2C11787%2C11789%2C11791-11793%2C11810%2C11814%2C11816%2C11821%2C11823%2C11827-11828%2C11830%2C11856%2C11858%2C11868%2C11880%2C11922%2C11924%2C11955%2C11959%2C11963%2C11966%2C11974%2C11977%2C11986%2C11990%2C11992%2C11997-11998%2C12002%2C12043%2C12046%2C12049%2C12052%2C12056%2C12067-12069%2C12072%2C12082%2C12085%2C12087-12088%2C12100%2C12104%2C12150%2C12156%2C12168%2C12173%2C12176%2C12182%2C12189%2C12195%2C12215%2C12246%2C12249%2C12258%2C12282%2C12289%2C12315-12316%2C12376%2C12394%2C12415-12416%2C12436%2C12440%2C12446%2C12455
  +dir_prop: branches/qmmp-1.7/src/plugins/Ui/qsui svn:mergeinfo /branches/qmmp-0.12/src/plugins/Ui/qsui:8073-8075%0A/branches/qmmp-1.1/src/plugins/Ui/qsui:6172%0A/branches/qmmp-1.2/src/plugins/Ui/qsui:7382%0A/branches/qmmp-2.2/src/plugins/Ui/qsui:12369%0A/trunk/qmmp/src/plugins/Ui/qsui:10148%2C10151%2C10180%2C10247%2C10279%2C10283%2C10288-10289%2C10292%2C10294%2C10411%2C10488-10489%2C10535%2C10561-10562%2C10565-10566%2C11681%2C11698%2C11789%2C11792%2C11823%2C11924%2C11955%2C12104%2C12315-12316%2C12436%2C12455%0A/trunk/qmmp/src/plugins/Ui/skinned:5223%2C6018-6019%2C6022
r12459
r12462
r12465
r12469
r12476
  +dir_prop: branches/qmmp-1.7 svn:mergeinfo /branches/qmmp-0.10:7522%0A/branches/qmmp-0.11:7919%0A/branches/qmmp-0.12:7828%2C7918%2C8045%2C8073-8075%2C8668%2C8705%0A/branches/qmmp-1.0:5596%0A/branches/qmmp-1.1:5819%2C5968%2C6043%2C6172%2C6233%2C6442%0A/branches/qmmp-1.2:6799%2C6945%2C6975%2C7173%2C7382%2C7520%0A/branches/qmmp-1.3:8706%2C8913%0A/branches/qmmp-1.6:10666%2C10780%2C10800%0A/branches/qmmp-2.1:11357%0A/branches/qmmp-2.2:11906%2C11969%2C12010%2C12021%2C12141%2C12171%2C12180%2C12186%2C12213%2C12218%2C12247%2C12256%2C12296%2C12369%2C12380%2C12421%2C12430%2C12444%2C12449%0A/trunk/qmmp:9936%2C9953%2C9959%2C10009%2C10041%2C10049%2C10066%2C10070%2C10073%2C10076%2C10079%2C10084%2C10096%2C10108%2C10114%2C10145%2C10148%2C10151%2C10180%2C10186%2C10199%2C10204%2C10208%2C10216%2C10232%2C10235%2C10243%2C10247%2C10279%2C10283%2C10288-10289%2C10292%2C10294%2C10299%2C10306%2C10334%2C10369%2C10374%2C10379%2C10383%2C10388%2C10392%2C10398%2C10405%2C10411%2C10417%2C10459%2C10465%2C10474%2C10476%2C10478%2C10482-10483%2C10487-10489%2C10491%2C10494%2C10535%2C10561-10562%2C10565-10566%2C10578%2C10580-10581%2C10590%2C10600%2C10604%2C11664%2C11669%2C11681%2C11683%2C11698%2C11702-11703%2C11707%2C11740%2C11754%2C11757%2C11763%2C11776%2C11781%2C11783%2C11785%2C11787%2C11789%2C11791-11793%2C11810%2C11814%2C11816%2C11821%2C11823%2C11827-11828%2C11830%2C11856%2C11858%2C11868%2C11880%2C11922%2C11924%2C11955%2C11959%2C11963%2C11966%2C11974%2C11977%2C11986%2C11990%2C11992%2C11997-11998%2C12002%2C12043%2C12046%2C12049%2C12052%2C12056%2C12067-12069%2C12072%2C12082%2C12085%2C12087-12088%2C12100%2C12104%2C12150%2C12156%2C12168%2C12173%2C12176%2C12182%2C12189%2C12195%2C12215%2C12246%2C12249%2C12258%2C12282%2C12289%2C12315-12316%2C12376%2C12394%2C12415-12416%2C12436%2C12440%2C12446%2C12455%2C12474
r12479
  +dir_prop: branches/qmmp-1.7 svn:mergeinfo /branches/qmmp-0.10:7522%0A/branches/qmmp-0.11:7919%0A/branches/qmmp-0.12:7828%2C7918%2C8045%2C8073-8075%2C8668%2C8705%0A/branches/qmmp-1.0:5596%0A/branches/qmmp-1.1:5819%2C5968%2C6043%2C6172%2C6233%2C6442%0A/branches/qmmp-1.2:6799%2C6945%2C6975%2C7173%2C7382%2C7520%0A/branches/qmmp-1.3:8706%2C8913%0A/branches/qmmp-1.6:10666%2C10780%2C10800%0A/branches/qmmp-2.1:11357%0A/branches/qmmp-2.2:11906%2C11969%2C12010%2C12021%2C12141%2C12171%2C12180%2C12186%2C12213%2C12218%2C12247%2C12256%2C12296%2C12369%2C12380%2C12421%2C12430%2C12444%2C12449%0A/trunk/qmmp:9936%2C9953%2C9959%2C10009%2C10041%2C10049%2C10066%2C10070%2C10073%2C10076%2C10079%2C10084%2C10096%2C10108%2C10114%2C10145%2C10148%2C10151%2C10180%2C10186%2C10199%2C10204%2C10208%2C10216%2C10232%2C10235%2C10243%2C10247%2C10279%2C10283%2C10288-10289%2C10292%2C10294%2C10299%2C10306%2C10334%2C10369%2C10374%2C10379%2C10383%2C10388%2C10392%2C10398%2C10405%2C10411%2C10417%2C10459%2C10465%2C10474%2C10476%2C10478%2C10482-10483%2C10487-10489%2C10491%2C10494%2C10535%2C10561-10562%2C10565-10566%2C10578%2C10580-10581%2C10590%2C10600%2C10604%2C11664%2C11669%2C11681%2C11683%2C11698%2C11702-11703%2C11707%2C11740%2C11754%2C11757%2C11763%2C11776%2C11781%2C11783%2C11785%2C11787%2C11789%2C11791-11793%2C11810%2C11814%2C11816%2C11821%2C11823%2C11827-11828%2C11830%2C11856%2C11858%2C11868%2C11880%2C11922%2C11924%2C11955%2C11959%2C11963%2C11966%2C11974%2C11977%2C11986%2C11990%2C11992%2C11997-11998%2C12002%2C12043%2C12046%2C12049%2C12052%2C12056%2C12067-12069%2C12072%2C12082%2C12085%2C12087-12088%2C12100%2C12104%2C12150%2C12156%2C12168%2C12173%2C12176%2C12182%2C12189%2C12195%2C12215%2C12246%2C12249%2C12258%2C12282%2C12289%2C12315-12316%2C12376%2C12394%2C12415-12416%2C12436%2C12440%2C12446%2C12455%2C12474%2C12477
r12482
  +dir_prop: branches/qmmp-1.7 svn:mergeinfo /branches/qmmp-0.10:7522%0A/branches/qmmp-0.11:7919%0A/branches/qmmp-0.12:7828%2C7918%2C8045%2C8073-8075%2C8668%2C8705%0A/branches/qmmp-1.0:5596%0A/branches/qmmp-1.1:5819%2C5968%2C6043%2C6172%2C6233%2C6442%0A/branches/qmmp-1.2:6799%2C6945%2C6975%2C7173%2C7382%2C7520%0A/branches/qmmp-1.3:8706%2C8913%0A/branches/qmmp-1.6:10666%2C10780%2C10800%0A/branches/qmmp-2.1:11357%0A/branches/qmmp-2.2:11906%2C11969%2C12010%2C12021%2C12141%2C12171%2C12180%2C12186%2C12213%2C12218%2C12247%2C12256%2C12296%2C12369%2C12380%2C12421%2C12430%2C12444%2C12449%0A/trunk/qmmp:9936%2C9953%2C9959%2C10009%2C10041%2C10049%2C10066%2C10070%2C10073%2C10076%2C10079%2C10084%2C10096%2C10108%2C10114%2C10145%2C10148%2C10151%2C10180%2C10186%2C10199%2C10204%2C10208%2C10216%2C10232%2C10235%2C10243%2C10247%2C10279%2C10283%2C10288-10289%2C10292%2C10294%2C10299%2C10306%2C10334%2C10369%2C10374%2C10379%2C10383%2C10388%2C10392%2C10398%2C10405%2C10411%2C10417%2C10459%2C10465%2C10474%2C10476%2C10478%2C10482-10483%2C10487-10489%2C10491%2C10494%2C10535%2C10561-10562%2C10565-10566%2C10578%2C10580-10581%2C10590%2C10600%2C10604%2C11664%2C11669%2C11681%2C11683%2C11698%2C11702-11703%2C11707%2C11740%2C11754%2C11757%2C11763%2C11776%2C11781%2C11783%2C11785%2C11787%2C11789%2C11791-11793%2C11810%2C11814%2C11816%2C11821%2C11823%2C11827-11828%2C11830%2C11856%2C11858%2C11868%2C11880%2C11922%2C11924%2C11955%2C11959%2C11963%2C11966%2C11974%2C11977%2C11986%2C11990%2C11992%2C11997-11998%2C12002%2C12043%2C12046%2C12049%2C12052%2C12056%2C12067-12069%2C12072%2C12082%2C12085%2C12087-12088%2C12100%2C12104%2C12150%2C12156%2C12168%2C12173%2C12176%2C12182%2C12189%2C12195%2C12215%2C12246%2C12249%2C12258%2C12282%2C12289%2C12315-12316%2C12376%2C12394%2C12415-12416%2C12436%2C12440%2C12446%2C12455%2C12474%2C12477%2C12480
r12484
  +dir_prop: branches/qmmp-1.7 svn:mergeinfo /branches/qmmp-0.10:7522%0A/branches/qmmp-0.11:7919%0A/branches/qmmp-0.12:7828%2C7918%2C8045%2C8073-8075%2C8668%2C8705%0A/branches/qmmp-1.0:5596%0A/branches/qmmp-1.1:5819%2C5968%2C6043%2C6172%2C6233%2C6442%0A/branches/qmmp-1.2:6799%2C6945%2C6975%2C7173%2C7382%2C7520%0A/branches/qmmp-1.3:8706%2C8913%0A/branches/qmmp-1.6:10666%2C10780%2C10800%0A/branches/qmmp-2.1:11357%0A/branches/qmmp-2.2:11906%2C11969%2C12010%2C12021%2C12141%2C12171%2C12180%2C12186%2C12213%2C12218%2C12247%2C12256%2C12296%2C12369%2C12380%2C12421%2C12430%2C12444%2C12449%0A/trunk/qmmp:9936%2C9953%2C9959%2C10009%2C10041%2C10049%2C10066%2C10070%2C10073%2C10076%2C10079%2C10084%2C10096%2C10108%2C10114%2C10145%2C10148%2C10151%2C10180%2C10186%2C10199%2C10204%2C10208%2C10216%2C10232%2C10235%2C10243%2C10247%2C10279%2C10283%2C10288-10289%2C10292%2C10294%2C10299%2C10306%2C10334%2C10369%2C10374%2C10379%2C10383%2C10388%2C10392%2C10398%2C10405%2C10411%2C10417%2C10459%2C10465%2C10474%2C10476%2C10478%2C10482-10483%2C10487-10489%2C10491%2C10494%2C10535%2C10561-10562%2C10565-10566%2C10578%2C10580-10581%2C10590%2C10600%2C10604%2C11664%2C11669%2C11681%2C11683%2C11698%2C11702-11703%2C11707%2C11740%2C11754%2C11757%2C11763%2C11776%2C11781%2C11783%2C11785%2C11787%2C11789%2C11791-11793%2C11810%2C11814%2C11816%2C11821%2C11823%2C11827-11828%2C11830%2C11856%2C11858%2C11868%2C11880%2C11922%2C11924%2C11955%2C11959%2C11963%2C11966%2C11974%2C11977%2C11986%2C11990%2C11992%2C11997-11998%2C12002%2C12043%2C12046%2C12049%2C12052%2C12056%2C12067-12069%2C12072%2C12082%2C12085%2C12087-12088%2C12100%2C12104%2C12150%2C12156%2C12168%2C12173%2C12176%2C12182%2C12189%2C12195%2C12215%2C12246%2C12249%2C12258%2C12282%2C12289%2C12315-12316%2C12376%2C12394%2C12401%2C12415-12416%2C12436%2C12440%2C12446%2C12455%2C12474%2C12477%2C12480
  +dir_prop: branches/qmmp-1.7/src/plugins/Ui/qsui svn:mergeinfo /branches/qmmp-0.12/src/plugins/Ui/qsui:8073-8075%0A/branches/qmmp-1.1/src/plugins/Ui/qsui:6172%0A/branches/qmmp-1.2/src/plugins/Ui/qsui:7382%0A/branches/qmmp-2.2/src/plugins/Ui/qsui:12369%0A/trunk/qmmp/src/plugins/Ui/qsui:10148%2C10151%2C10180%2C10247%2C10279%2C10283%2C10288-10289%2C10292%2C10294%2C10411%2C10488-10489%2C10535%2C10561-10562%2C10565-10566%2C11681%2C11698%2C11789%2C11792%2C11823%2C11924%2C11955%2C12104%2C12315-12316%2C12401%2C12436%2C12455%0A/trunk/qmmp/src/plugins/Ui/skinned:5223%2C6018-6019%2C6022
r12486
r12490
  +dir_prop: branches/qmmp-1.7 svn:mergeinfo /branches/qmmp-0.10:7522%0A/branches/qmmp-0.11:7919%0A/branches/qmmp-0.12:7828%2C7918%2C8045%2C8073-8075%2C8668%2C8705%0A/branches/qmmp-1.0:5596%0A/branches/qmmp-1.1:5819%2C5968%2C6043%2C6172%2C6233%2C6442%0A/branches/qmmp-1.2:6799%2C6945%2C6975%2C7173%2C7382%2C7520%0A/branches/qmmp-1.3:8706%2C8913%0A/branches/qmmp-1.6:10666%2C10780%2C10800%0A/branches/qmmp-2.1:11357%0A/branches/qmmp-2.2:11906%2C11969%2C12010%2C12021%2C12141%2C12171%2C12180%2C12186%2C12213%2C12218%2C12247%2C12256%2C12296%2C12369%2C12380%2C12421%2C12430%2C12444%2C12449%0A/trunk/qmmp:9936%2C9953%2C9959%2C10009%2C10041%2C10049%2C10066%2C10070%2C10073%2C10076%2C10079%2C10084%2C10096%2C10108%2C10114%2C10145%2C10148%2C10151%2C10180%2C10186%2C10199%2C10204%2C10208%2C10216%2C10232%2C10235%2C10243%2C10247%2C10279%2C10283%2C10288-10289%2C10292%2C10294%2C10299%2C10306%2C10334%2C10369%2C10374%2C10379%2C10383%2C10388%2C10392%2C10398%2C10405%2C10411%2C10417%2C10459%2C10465%2C10474%2C10476%2C10478%2C10482-10483%2C10487-10489%2C10491%2C10494%2C10535%2C10561-10562%2C10565-10566%2C10578%2C10580-10581%2C10590%2C10600%2C10604%2C11664%2C11669%2C11681%2C11683%2C11698%2C11702-11703%2C11707%2C11740%2C11754%2C11757%2C11763%2C11776%2C11781%2C11783%2C11785%2C11787%2C11789%2C11791-11793%2C11810%2C11814%2C11816%2C11821%2C11823%2C11827-11828%2C11830%2C11856%2C11858%2C11868%2C11880%2C11922%2C11924%2C11955%2C11959%2C11963%2C11966%2C11974%2C11977%2C11986%2C11990%2C11992%2C11997-11998%2C12002%2C12043%2C12046%2C12049%2C12052%2C12056%2C12067-12069%2C12072%2C12082%2C12085%2C12087-12088%2C12100%2C12104%2C12150%2C12156%2C12168%2C12173%2C12176%2C12182%2C12189%2C12195%2C12215%2C12246%2C12249%2C12258%2C12282%2C12289%2C12315-12316%2C12376%2C12394%2C12401%2C12415-12416%2C12436%2C12440%2C12446%2C12455%2C12474%2C12477%2C12480%2C12487
r12492
  +dir_prop: branches/qmmp-1.7 svn:mergeinfo /branches/qmmp-0.10:7522%0A/branches/qmmp-0.11:7919%0A/branches/qmmp-0.12:7828%2C7918%2C8045%2C8073-8075%2C8668%2C8705%0A/branches/qmmp-1.0:5596%0A/branches/qmmp-1.1:5819%2C5968%2C6043%2C6172%2C6233%2C6442%0A/branches/qmmp-1.2:6799%2C6945%2C6975%2C7173%2C7382%2C7520%0A/branches/qmmp-1.3:8706%2C8913%0A/branches/qmmp-1.6:10666%2C10780%2C10800%0A/branches/qmmp-2.1:11357%0A/branches/qmmp-2.2:11906%2C11969%2C12010%2C12021%2C12141%2C12171%2C12180%2C12186%2C12213%2C12218%2C12247%2C12256%2C12296%2C12369%2C12380%2C12421%2C12430%2C12444%2C12449%2C12491%0A/trunk/qmmp:9936%2C9953%2C9959%2C10009%2C10041%2C10049%2C10066%2C10070%2C10073%2C10076%2C10079%2C10084%2C10096%2C10108%2C10114%2C10145%2C10148%2C10151%2C10180%2C10186%2C10199%2C10204%2C10208%2C10216%2C10232%2C10235%2C10243%2C10247%2C10279%2C10283%2C10288-10289%2C10292%2C10294%2C10299%2C10306%2C10334%2C10369%2C10374%2C10379%2C10383%2C10388%2C10392%2C10398%2C10405%2C10411%2C10417%2C10459%2C10465%2C10474%2C10476%2C10478%2C10482-10483%2C10487-10489%2C10491%2C10494%2C10535%2C10561-10562%2C10565-10566%2C10578%2C10580-10581%2C10590%2C10600%2C10604%2C11664%2C11669%2C11681%2C11683%2C11698%2C11702-11703%2C11707%2C11740%2C11754%2C11757%2C11763%2C11776%2C11781%2C11783%2C11785%2C11787%2C11789%2C11791-11793%2C11810%2C11814%2C11816%2C11821%2C11823%2C11827-11828%2C11830%2C11856%2C11858%2C11868%2C11880%2C11922%2C11924%2C11955%2C11959%2C11963%2C11966%2C11974%2C11977%2C11986%2C11990%2C11992%2C11997-11998%2C12002%2C12043%2C12046%2C12049%2C12052%2C12056%2C12067-12069%2C12072%2C12082%2C12085%2C12087-12088%2C12100%2C12104%2C12150%2C12156%2C12168%2C12173%2C12176%2C12182%2C12189%2C12195%2C12215%2C12246%2C12249%2C12258%2C12282%2C12289%2C12315-12316%2C12376%2C12394%2C12401%2C12415-12416%2C12436%2C12440%2C12446%2C12455%2C12474%2C12477%2C12480%2C12487
r12499
  +dir_prop: branches/qmmp-1.7 svn:mergeinfo /branches/qmmp-0.10:7522%0A/branches/qmmp-0.11:7919%0A/branches/qmmp-0.12:7828%2C7918%2C8045%2C8073-8075%2C8668%2C8705%0A/branches/qmmp-1.0:5596%0A/branches/qmmp-1.1:5819%2C5968%2C6043%2C6172%2C6233%2C6442%0A/branches/qmmp-1.2:6799%2C6945%2C6975%2C7173%2C7382%2C7520%0A/branches/qmmp-1.3:8706%2C8913%0A/branches/qmmp-1.6:10666%2C10780%2C10800%0A/branches/qmmp-2.1:11357%0A/branches/qmmp-2.2:11906%2C11969%2C12010%2C12021%2C12141%2C12171%2C12180%2C12186%2C12213%2C12218%2C12247%2C12256%2C12296%2C12369%2C12380%2C12421%2C12430%2C12444%2C12449%2C12491%0A/trunk/qmmp:9936%2C9953%2C9959%2C10009%2C10041%2C10049%2C10066%2C10070%2C10073%2C10076%2C10079%2C10084%2C10096%2C10108%2C10114%2C10145%2C10148%2C10151%2C10180%2C10186%2C10199%2C10204%2C10208%2C10216%2C10232%2C10235%2C10243%2C10247%2C10279%2C10283%2C10288-10289%2C10292%2C10294%2C10299%2C10306%2C10334%2C10369%2C10374%2C10379%2C10383%2C10388%2C10392%2C10398%2C10405%2C10411%2C10417%2C10459%2C10465%2C10474%2C10476%2C10478%2C10482-10483%2C10487-10489%2C10491%2C10494%2C10535%2C10561-10562%2C10565-10566%2C10578%2C10580-10581%2C10590%2C10600%2C10604%2C11664%2C11669%2C11681%2C11683%2C11698%2C11702-11703%2C11707%2C11740%2C11754%2C11757%2C11763%2C11776%2C11781%2C11783%2C11785%2C11787%2C11789%2C11791-11793%2C11810%2C11814%2C11816%2C11821%2C11823%2C11827-11828%2C11830%2C11856%2C11858%2C11868%2C11880%2C11922%2C11924%2C11955%2C11959%2C11963%2C11966%2C11974%2C11977%2C11986%2C11990%2C11992%2C11997-11998%2C12002%2C12043%2C12046%2C12049%2C12052%2C12056%2C12067-12069%2C12072%2C12082%2C12085%2C12087-12088%2C12100%2C12104%2C12150%2C12156%2C12168%2C12173%2C12176%2C12182%2C12189%2C12195%2C12215%2C12246%2C12249%2C12258%2C12282%2C12289%2C12315-12316%2C12376%2C12394%2C12401%2C12415-12416%2C12436%2C12440%2C12446%2C12455%2C12474%2C12477%2C12480%2C12487%2C12495
r12501
  +dir_prop: branches/qmmp-1.7 svn:mergeinfo /branches/qmmp-0.10:7522%0A/branches/qmmp-0.11:7919%0A/branches/qmmp-0.12:7828%2C7918%2C8045%2C8073-8075%2C8668%2C8705%0A/branches/qmmp-1.0:5596%0A/branches/qmmp-1.1:5819%2C5968%2C6043%2C6172%2C6233%2C6442%0A/branches/qmmp-1.2:6799%2C6945%2C6975%2C7173%2C7382%2C7520%0A/branches/qmmp-1.3:8706%2C8913%0A/branches/qmmp-1.6:10666%2C10780%2C10800%0A/branches/qmmp-2.1:11357%0A/branches/qmmp-2.2:11906%2C11969%2C12010%2C12021%2C12141%2C12171%2C12180%2C12186%2C12213%2C12218%2C12247%2C12256%2C12296%2C12369%2C12380%2C12421%2C12430%2C12444%2C12449%2C12491%0A/trunk/qmmp:9936%2C9953%2C9959%2C10009%2C10041%2C10049%2C10066%2C10070%2C10073%2C10076%2C10079%2C10084%2C10096%2C10108%2C10114%2C10145%2C10148%2C10151%2C10180%2C10186%2C10199%2C10204%2C10208%2C10216%2C10232%2C10235%2C10243%2C10247%2C10279%2C10283%2C10288-10289%2C10292%2C10294%2C10299%2C10306%2C10334%2C10369%2C10374%2C10379%2C10383%2C10388%2C10392%2C10398%2C10405%2C10411%2C10417%2C10459%2C10465%2C10474%2C10476%2C10478%2C10482-10483%2C10487-10489%2C10491%2C10494%2C10535%2C10561-10562%2C10565-10566%2C10578%2C10580-10581%2C10590%2C10600%2C10604%2C11664%2C11669%2C11681%2C11683%2C11698%2C11702-11703%2C11707%2C11740%2C11754%2C11757%2C11763%2C11776%2C11781%2C11783%2C11785%2C11787%2C11789%2C11791-11793%2C11810%2C11814%2C11816%2C11821%2C11823%2C11827-11828%2C11830%2C11856%2C11858%2C11868%2C11880%2C11922%2C11924%2C11955%2C11959%2C11963%2C11966%2C11974%2C11977%2C11986%2C11990%2C11992%2C11997-11998%2C12002%2C12043%2C12046%2C12049%2C12052%2C12056%2C12067-12069%2C12072%2C12082%2C12085%2C12087-12088%2C12100%2C12104%2C12150%2C12156%2C12168%2C12173%2C12176%2C12182%2C12189%2C12195%2C12215%2C12246%2C12249%2C12258%2C12282%2C12289%2C12315-12316%2C12376%2C12394%2C12401%2C12415-12416%2C12436%2C12440%2C12446%2C12455%2C12474%2C12477%2C12480%2C12487%2C12495-12497
r12503
  +dir_prop: branches/qmmp-1.7 svn:mergeinfo /branches/qmmp-0.10:7522%0A/branches/qmmp-0.11:7919%0A/branches/qmmp-0.12:7828%2C7918%2C8045%2C8073-8075%2C8668%2C8705%0A/branches/qmmp-1.0:5596%0A/branches/qmmp-1.1:5819%2C5968%2C6043%2C6172%2C6233%2C6442%0A/branches/qmmp-1.2:6799%2C6945%2C6975%2C7173%2C7382%2C7520%0A/branches/qmmp-1.3:8706%2C8913%0A/branches/qmmp-1.6:10666%2C10780%2C10800%0A/branches/qmmp-2.1:11357%0A/branches/qmmp-2.2:11906%2C11969%2C12010%2C12021%2C12141%2C12171%2C12180%2C12186%2C12213%2C12218%2C12247%2C12256%2C12296%2C12369%2C12380%2C12421%2C12430%2C12444%2C12449%2C12491%2C12502%0A/trunk/qmmp:9936%2C9953%2C9959%2C10009%2C10041%2C10049%2C10066%2C10070%2C10073%2C10076%2C10079%2C10084%2C10096%2C10108%2C10114%2C10145%2C10148%2C10151%2C10180%2C10186%2C10199%2C10204%2C10208%2C10216%2C10232%2C10235%2C10243%2C10247%2C10279%2C10283%2C10288-10289%2C10292%2C10294%2C10299%2C10306%2C10334%2C10369%2C10374%2C10379%2C10383%2C10388%2C10392%2C10398%2C10405%2C10411%2C10417%2C10459%2C10465%2C10474%2C10476%2C10478%2C10482-10483%2C10487-10489%2C10491%2C10494%2C10535%2C10561-10562%2C10565-10566%2C10578%2C10580-10581%2C10590%2C10600%2C10604%2C11664%2C11669%2C11681%2C11683%2C11698%2C11702-11703%2C11707%2C11740%2C11754%2C11757%2C11763%2C11776%2C11781%2C11783%2C11785%2C11787%2C11789%2C11791-11793%2C11810%2C11814%2C11816%2C11821%2C11823%2C11827-11828%2C11830%2C11856%2C11858%2C11868%2C11880%2C11922%2C11924%2C11955%2C11959%2C11963%2C11966%2C11974%2C11977%2C11986%2C11990%2C11992%2C11997-11998%2C12002%2C12043%2C12046%2C12049%2C12052%2C12056%2C12067-12069%2C12072%2C12082%2C12085%2C12087-12088%2C12100%2C12104%2C12150%2C12156%2C12168%2C12173%2C12176%2C12182%2C12189%2C12195%2C12215%2C12246%2C12249%2C12258%2C12282%2C12289%2C12315-12316%2C12376%2C12394%2C12401%2C12415-12416%2C12436%2C12440%2C12446%2C12455%2C12474%2C12477%2C12480%2C12487%2C12495-12497
r12514
  +dir_prop: branches/qmmp-1.7 svn:mergeinfo /branches/qmmp-0.10:7522%0A/branches/qmmp-0.11:7919%0A/branches/qmmp-0.12:7828%2C7918%2C8045%2C8073-8075%2C8668%2C8705%0A/branches/qmmp-1.0:5596%0A/branches/qmmp-1.1:5819%2C5968%2C6043%2C6172%2C6233%2C6442%0A/branches/qmmp-1.2:6799%2C6945%2C6975%2C7173%2C7382%2C7520%0A/branches/qmmp-1.3:8706%2C8913%0A/branches/qmmp-1.6:10666%2C10780%2C10800%0A/branches/qmmp-2.1:11357%0A/branches/qmmp-2.2:11906%2C11969%2C12010%2C12021%2C12141%2C12171%2C12180%2C12186%2C12213%2C12218%2C12247%2C12256%2C12296%2C12369%2C12380%2C12421%2C12430%2C12444%2C12449%2C12491%2C12502%2C12512%0A/trunk/qmmp:9936%2C9953%2C9959%2C10009%2C10041%2C10049%2C10066%2C10070%2C10073%2C10076%2C10079%2C10084%2C10096%2C10108%2C10114%2C10145%2C10148%2C10151%2C10180%2C10186%2C10199%2C10204%2C10208%2C10216%2C10232%2C10235%2C10243%2C10247%2C10279%2C10283%2C10288-10289%2C10292%2C10294%2C10299%2C10306%2C10334%2C10369%2C10374%2C10379%2C10383%2C10388%2C10392%2C10398%2C10405%2C10411%2C10417%2C10459%2C10465%2C10474%2C10476%2C10478%2C10482-10483%2C10487-10489%2C10491%2C10494%2C10535%2C10561-10562%2C10565-10566%2C10578%2C10580-10581%2C10590%2C10600%2C10604%2C11664%2C11669%2C11681%2C11683%2C11698%2C11702-11703%2C11707%2C11740%2C11754%2C11757%2C11763%2C11776%2C11781%2C11783%2C11785%2C11787%2C11789%2C11791-11793%2C11810%2C11814%2C11816%2C11821%2C11823%2C11827-11828%2C11830%2C11856%2C11858%2C11868%2C11880%2C11922%2C11924%2C11955%2C11959%2C11963%2C11966%2C11974%2C11977%2C11986%2C11990%2C11992%2C11997-11998%2C12002%2C12043%2C12046%2C12049%2C12052%2C12056%2C12067-12069%2C12072%2C12082%2C12085%2C12087-12088%2C12100%2C12104%2C12150%2C12156%2C12168%2C12173%2C12176%2C12182%2C12189%2C12195%2C12215%2C12246%2C12249%2C12258%2C12282%2C12289%2C12315-12316%2C12376%2C12394%2C12401%2C12415-12416%2C12436%2C12440%2C12446%2C12455%2C12474%2C12477%2C12480%2C12487%2C12495-12497%2C12508
  +dir_prop: branches/qmmp-1.7/src/plugins/Ui/qsui svn:mergeinfo /branches/qmmp-0.12/src/plugins/Ui/qsui:8073-8075%0A/branches/qmmp-1.1/src/plugins/Ui/qsui:6172%0A/branches/qmmp-1.2/src/plugins/Ui/qsui:7382%0A/branches/qmmp-2.2/src/plugins/Ui/qsui:12369%2C12512%0A/trunk/qmmp/src/plugins/Ui/qsui:10148%2C10151%2C10180%2C10247%2C10279%2C10283%2C10288-10289%2C10292%2C10294%2C10411%2C10488-10489%2C10535%2C10561-10562%2C10565-10566%2C11681%2C11698%2C11789%2C11792%2C11823%2C11924%2C11955%2C12104%2C12315-12316%2C12401%2C12436%2C12455%2C12508%0A/trunk/qmmp/src/plugins/Ui/skinned:5223%2C6018-6019%2C6022
r12515
  +dir_prop: branches/qmmp-1.7 svn:mergeinfo /branches/qmmp-0.10:7522%0A/branches/qmmp-0.11:7919%0A/branches/qmmp-0.12:7828%2C7918%2C8045%2C8073-8075%2C8668%2C8705%0A/branches/qmmp-1.0:5596%0A/branches/qmmp-1.1:5819%2C5968%2C6043%2C6172%2C6233%2C6442%0A/branches/qmmp-1.2:6799%2C6945%2C6975%2C7173%2C7382%2C7520%0A/branches/qmmp-1.3:8706%2C8913%0A/branches/qmmp-1.6:10666%2C10780%2C10800%0A/branches/qmmp-2.1:11357%0A/branches/qmmp-2.2:11906%2C11969%2C12010%2C12021%2C12141%2C12171%2C12180%2C12186%2C12213%2C12218%2C12247%2C12256%2C12296%2C12369%2C12380%2C12421%2C12430%2C12444%2C12449%2C12491%2C12502%2C12512-12513%0A/trunk/qmmp:9936%2C9953%2C9959%2C10009%2C10041%2C10049%2C10066%2C10070%2C10073%2C10076%2C10079%2C10084%2C10096%2C10108%2C10114%2C10145%2C10148%2C10151%2C10180%2C10186%2C10199%2C10204%2C10208%2C10216%2C10232%2C10235%2C10243%2C10247%2C10279%2C10283%2C10288-10289%2C10292%2C10294%2C10299%2C10306%2C10334%2C10369%2C10374%2C10379%2C10383%2C10388%2C10392%2C10398%2C10405%2C10411%2C10417%2C10459%2C10465%2C10474%2C10476%2C10478%2C10482-10483%2C10487-10489%2C10491%2C10494%2C10535%2C10561-10562%2C10565-10566%2C10578%2C10580-10581%2C10590%2C10600%2C10604%2C11664%2C11669%2C11681%2C11683%2C11698%2C11702-11703%2C11707%2C11740%2C11754%2C11757%2C11763%2C11776%2C11781%2C11783%2C11785%2C11787%2C11789%2C11791-11793%2C11810%2C11814%2C11816%2C11821%2C11823%2C11827-11828%2C11830%2C11856%2C11858%2C11868%2C11880%2C11922%2C11924%2C11955%2C11959%2C11963%2C11966%2C11974%2C11977%2C11986%2C11990%2C11992%2C11997-11998%2C12002%2C12043%2C12046%2C12049%2C12052%2C12056%2C12067-12069%2C12072%2C12082%2C12085%2C12087-12088%2C12100%2C12104%2C12150%2C12156%2C12168%2C12173%2C12176%2C12182%2C12189%2C12195%2C12215%2C12246%2C12249%2C12258%2C12282%2C12289%2C12315-12316%2C12376%2C12394%2C12401%2C12415-12416%2C12436%2C12440%2C12446%2C12455%2C12474%2C12477%2C12480%2C12487%2C12495-12497%2C12508
  +dir_prop: branches/qmmp-1.7/src/plugins/Ui/qsui svn:mergeinfo /branches/qmmp-0.12/src/plugins/Ui/qsui:8073-8075%0A/branches/qmmp-1.1/src/plugins/Ui/qsui:6172%0A/branches/qmmp-1.2/src/plugins/Ui/qsui:7382%0A/branches/qmmp-2.2/src/plugins/Ui/qsui:12369%2C12512-12513%0A/trunk/qmmp/src/plugins/Ui/qsui:10148%2C10151%2C10180%2C10247%2C10279%2C10283%2C10288-10289%2C10292%2C10294%2C10411%2C10488-10489%2C10535%2C10561-10562%2C10565-10566%2C11681%2C11698%2C11789%2C11792%2C11823%2C11924%2C11955%2C12104%2C12315-12316%2C12401%2C12436%2C12455%2C12508%2C12510%0A/trunk/qmmp/src/plugins/Ui/skinned:5223%2C6018-6019%2C6022
r12517
  +dir_prop: branches/qmmp-1.7 svn:mergeinfo /branches/qmmp-0.10:7522%0A/branches/qmmp-0.11:7919%0A/branches/qmmp-0.12:7828%2C7918%2C8045%2C8073-8075%2C8668%2C8705%0A/branches/qmmp-1.0:5596%0A/branches/qmmp-1.1:5819%2C5968%2C6043%2C6172%2C6233%2C6442%0A/branches/qmmp-1.2:6799%2C6945%2C6975%2C7173%2C7382%2C7520%0A/branches/qmmp-1.3:8706%2C8913%0A/branches/qmmp-1.6:10666%2C10780%2C10800%0A/branches/qmmp-2.1:11357%0A/branches/qmmp-2.2:11906%2C11969%2C12010%2C12021%2C12141%2C12171%2C12180%2C12186%2C12213%2C12218%2C12247%2C12256%2C12296%2C12369%2C12380%2C12421%2C12430%2C12444%2C12449%2C12491%2C12502%2C12512-12513%2C12516%0A/trunk/qmmp:9936%2C9953%2C9959%2C10009%2C10041%2C10049%2C10066%2C10070%2C10073%2C10076%2C10079%2C10084%2C10096%2C10108%2C10114%2C10145%2C10148%2C10151%2C10180%2C10186%2C10199%2C10204%2C10208%2C10216%2C10232%2C10235%2C10243%2C10247%2C10279%2C10283%2C10288-10289%2C10292%2C10294%2C10299%2C10306%2C10334%2C10369%2C10374%2C10379%2C10383%2C10388%2C10392%2C10398%2C10405%2C10411%2C10417%2C10459%2C10465%2C10474%2C10476%2C10478%2C10482-10483%2C10487-10489%2C10491%2C10494%2C10535%2C10561-10562%2C10565-10566%2C10578%2C10580-10581%2C10590%2C10600%2C10604%2C11664%2C11669%2C11681%2C11683%2C11698%2C11702-11703%2C11707%2C11740%2C11754%2C11757%2C11763%2C11776%2C11781%2C11783%2C11785%2C11787%2C11789%2C11791-11793%2C11810%2C11814%2C11816%2C11821%2C11823%2C11827-11828%2C11830%2C11856%2C11858%2C11868%2C11880%2C11922%2C11924%2C11955%2C11959%2C11963%2C11966%2C11974%2C11977%2C11986%2C11990%2C11992%2C11997-11998%2C12002%2C12043%2C12046%2C12049%2C12052%2C12056%2C12067-12069%2C12072%2C12082%2C12085%2C12087-12088%2C12100%2C12104%2C12150%2C12156%2C12168%2C12173%2C12176%2C12182%2C12189%2C12195%2C12215%2C12246%2C12249%2C12258%2C12282%2C12289%2C12315-12316%2C12376%2C12394%2C12401%2C12415-12416%2C12436%2C12440%2C12446%2C12455%2C12474%2C12477%2C12480%2C12487%2C12495-12497%2C12508
r12518
r12520
r12529
  +dir_prop: branches/qmmp-1.7 svn:mergeinfo /branches/qmmp-0.10:7522%0A/branches/qmmp-0.11:7919%0A/branches/qmmp-0.12:7828%2C7918%2C8045%2C8073-8075%2C8668%2C8705%0A/branches/qmmp-1.0:5596%0A/branches/qmmp-1.1:5819%2C5968%2C6043%2C6172%2C6233%2C6442%0A/branches/qmmp-1.2:6799%2C6945%2C6975%2C7173%2C7382%2C7520%0A/branches/qmmp-1.3:8706%2C8913%0A/branches/qmmp-1.6:10666%2C10780%2C10800%0A/branches/qmmp-2.1:11357%0A/branches/qmmp-2.2:11906%2C11969%2C12010%2C12021%2C12141%2C12171%2C12180%2C12186%2C12213%2C12218%2C12247%2C12256%2C12296%2C12369%2C12380%2C12421%2C12430%2C12444%2C12449%2C12491%2C12502%2C12512-12513%2C12516%0A/trunk/qmmp:9936%2C9953%2C9959%2C10009%2C10041%2C10049%2C10066%2C10070%2C10073%2C10076%2C10079%2C10084%2C10096%2C10108%2C10114%2C10145%2C10148%2C10151%2C10180%2C10186%2C10199%2C10204%2C10208%2C10216%2C10232%2C10235%2C10243%2C10247%2C10279%2C10283%2C10288-10289%2C10292%2C10294%2C10299%2C10306%2C10334%2C10369%2C10374%2C10379%2C10383%2C10388%2C10392%2C10398%2C10405%2C10411%2C10417%2C10459%2C10465%2C10474%2C10476%2C10478%2C10482-10483%2C10487-10489%2C10491%2C10494%2C10535%2C10561-10562%2C10565-10566%2C10578%2C10580-10581%2C10590%2C10600%2C10604%2C11664%2C11669%2C11681%2C11683%2C11698%2C11702-11703%2C11707%2C11740%2C11754%2C11757%2C11763%2C11776%2C11781%2C11783%2C11785%2C11787%2C11789%2C11791-11793%2C11810%2C11814%2C11816%2C11821%2C11823%2C11827-11828%2C11830%2C11856%2C11858%2C11868%2C11880%2C11922%2C11924%2C11955%2C11959%2C11963%2C11966%2C11974%2C11977%2C11986%2C11990%2C11992%2C11997-11998%2C12002%2C12043%2C12046%2C12049%2C12052%2C12056%2C12067-12069%2C12072%2C12082%2C12085%2C12087-12088%2C12100%2C12104%2C12150%2C12156%2C12168%2C12173%2C12176%2C12182%2C12189%2C12195%2C12215%2C12246%2C12249%2C12258%2C12282%2C12289%2C12315-12316%2C12376%2C12394%2C12401%2C12415-12416%2C12436%2C12440%2C12446%2C12455%2C12474%2C12477%2C12480%2C12487%2C12495-12497%2C12508%2C12527
r12534
r12539
r12553
r12569
  +dir_prop: branches/qmmp-1.7 svn:mergeinfo /branches/qmmp-0.10:7522%0A/branches/qmmp-0.11:7919%0A/branches/qmmp-0.12:7828%2C7918%2C8045%2C8073-8075%2C8668%2C8705%0A/branches/qmmp-1.0:5596%0A/branches/qmmp-1.1:5819%2C5968%2C6043%2C6172%2C6233%2C6442%0A/branches/qmmp-1.2:6799%2C6945%2C6975%2C7173%2C7382%2C7520%0A/branches/qmmp-1.3:8706%2C8913%0A/branches/qmmp-1.6:10666%2C10780%2C10800%0A/branches/qmmp-2.1:11357%0A/branches/qmmp-2.2:11906%2C11969%2C12010%2C12021%2C12141%2C12171%2C12180%2C12186%2C12213%2C12218%2C12247%2C12256%2C12296%2C12369%2C12380%2C12421%2C12430%2C12444%2C12449%2C12491%2C12502%2C12512-12513%2C12516%0A/trunk/qmmp:9936%2C9953%2C9959%2C10009%2C10041%2C10049%2C10066%2C10070%2C10073%2C10076%2C10079%2C10084%2C10096%2C10108%2C10114%2C10145%2C10148%2C10151%2C10180%2C10186%2C10199%2C10204%2C10208%2C10216%2C10232%2C10235%2C10243%2C10247%2C10279%2C10283%2C10288-10289%2C10292%2C10294%2C10299%2C10306%2C10334%2C10369%2C10374%2C10379%2C10383%2C10388%2C10392%2C10398%2C10405%2C10411%2C10417%2C10459%2C10465%2C10474%2C10476%2C10478%2C10482-10483%2C10487-10489%2C10491%2C10494%2C10535%2C10561-10562%2C10565-10566%2C10578%2C10580-10581%2C10590%2C10600%2C10604%2C11664%2C11669%2C11681%2C11683%2C11698%2C11702-11703%2C11707%2C11740%2C11754%2C11757%2C11763%2C11776%2C11781%2C11783%2C11785%2C11787%2C11789%2C11791-11793%2C11810%2C11814%2C11816%2C11821%2C11823%2C11827-11828%2C11830%2C11856%2C11858%2C11868%2C11880%2C11922%2C11924%2C11955%2C11959%2C11963%2C11966%2C11974%2C11977%2C11986%2C11990%2C11992%2C11997-11998%2C12002%2C12043%2C12046%2C12049%2C12052%2C12056%2C12067-12069%2C12072%2C12082%2C12085%2C12087-12088%2C12100%2C12104%2C12150%2C12156%2C12168%2C12173%2C12176%2C12182%2C12189%2C12195%2C12215%2C12246%2C12249%2C12258%2C12282%2C12289%2C12315-12316%2C12376%2C12394%2C12401%2C12415-12416%2C12436%2C12440%2C12446%2C12455%2C12474%2C12477%2C12480%2C12487%2C12495-12497%2C12508%2C12527%2C12567-12568
r12572
  +dir_prop: branches/qmmp-1.7 svn:mergeinfo /branches/qmmp-0.10:7522%0A/branches/qmmp-0.11:7919%0A/branches/qmmp-0.12:7828%2C7918%2C8045%2C8073-8075%2C8668%2C8705%0A/branches/qmmp-1.0:5596%0A/branches/qmmp-1.1:5819%2C5968%2C6043%2C6172%2C6233%2C6442%0A/branches/qmmp-1.2:6799%2C6945%2C6975%2C7173%2C7382%2C7520%0A/branches/qmmp-1.3:8706%2C8913%0A/branches/qmmp-1.6:10666%2C10780%2C10800%0A/branches/qmmp-2.1:11357%0A/branches/qmmp-2.2:11906%2C11969%2C12010%2C12021%2C12141%2C12171%2C12180%2C12186%2C12213%2C12218%2C12247%2C12256%2C12296%2C12369%2C12380%2C12421%2C12430%2C12444%2C12449%2C12491%2C12502%2C12512-12513%2C12516%2C12571%0A/trunk/qmmp:9936%2C9953%2C9959%2C10009%2C10041%2C10049%2C10066%2C10070%2C10073%2C10076%2C10079%2C10084%2C10096%2C10108%2C10114%2C10145%2C10148%2C10151%2C10180%2C10186%2C10199%2C10204%2C10208%2C10216%2C10232%2C10235%2C10243%2C10247%2C10279%2C10283%2C10288-10289%2C10292%2C10294%2C10299%2C10306%2C10334%2C10369%2C10374%2C10379%2C10383%2C10388%2C10392%2C10398%2C10405%2C10411%2C10417%2C10459%2C10465%2C10474%2C10476%2C10478%2C10482-10483%2C10487-10489%2C10491%2C10494%2C10535%2C10561-10562%2C10565-10566%2C10578%2C10580-10581%2C10590%2C10600%2C10604%2C11664%2C11669%2C11681%2C11683%2C11698%2C11702-11703%2C11707%2C11740%2C11754%2C11757%2C11763%2C11776%2C11781%2C11783%2C11785%2C11787%2C11789%2C11791-11793%2C11810%2C11814%2C11816%2C11821%2C11823%2C11827-11828%2C11830%2C11856%2C11858%2C11868%2C11880%2C11922%2C11924%2C11955%2C11959%2C11963%2C11966%2C11974%2C11977%2C11986%2C11990%2C11992%2C11997-11998%2C12002%2C12043%2C12046%2C12049%2C12052%2C12056%2C12067-12069%2C12072%2C12082%2C12085%2C12087-12088%2C12100%2C12104%2C12150%2C12156%2C12168%2C12173%2C12176%2C12182%2C12189%2C12195%2C12215%2C12246%2C12249%2C12258%2C12282%2C12289%2C12315-12316%2C12376%2C12394%2C12401%2C12415-12416%2C12436%2C12440%2C12446%2C12455%2C12474%2C12477%2C12480%2C12487%2C12495-12497%2C12508%2C12527%2C12567-12568
r12587
r12593
  +dir_prop: branches/qmmp-1.7 svn:mergeinfo /branches/qmmp-0.10:7522%0A/branches/qmmp-0.11:7919%0A/branches/qmmp-0.12:7828%2C7918%2C8045%2C8073-8075%2C8668%2C8705%0A/branches/qmmp-1.0:5596%0A/branches/qmmp-1.1:5819%2C5968%2C6043%2C6172%2C6233%2C6442%0A/branches/qmmp-1.2:6799%2C6945%2C6975%2C7173%2C7382%2C7520%0A/branches/qmmp-1.3:8706%2C8913%0A/branches/qmmp-1.6:10666%2C10780%2C10800%0A/branches/qmmp-2.1:11357%0A/branches/qmmp-2.2:11906%2C11969%2C12010%2C12021%2C12141%2C12171%2C12180%2C12186%2C12213%2C12218%2C12247%2C12256%2C12296%2C12369%2C12380%2C12421%2C12430%2C12444%2C12449%2C12491%2C12502%2C12512-12513%2C12516%2C12571%2C12592%0A/trunk/qmmp:9936%2C9953%2C9959%2C10009%2C10041%2C10049%2C10066%2C10070%2C10073%2C10076%2C10079%2C10084%2C10096%2C10108%2C10114%2C10145%2C10148%2C10151%2C10180%2C10186%2C10199%2C10204%2C10208%2C10216%2C10232%2C10235%2C10243%2C10247%2C10279%2C10283%2C10288-10289%2C10292%2C10294%2C10299%2C10306%2C10334%2C10369%2C10374%2C10379%2C10383%2C10388%2C10392%2C10398%2C10405%2C10411%2C10417%2C10459%2C10465%2C10474%2C10476%2C10478%2C10482-10483%2C10487-10489%2C10491%2C10494%2C10535%2C10561-10562%2C10565-10566%2C10578%2C10580-10581%2C10590%2C10600%2C10604%2C11664%2C11669%2C11681%2C11683%2C11698%2C11702-11703%2C11707%2C11740%2C11754%2C11757%2C11763%2C11776%2C11781%2C11783%2C11785%2C11787%2C11789%2C11791-11793%2C11810%2C11814%2C11816%2C11821%2C11823%2C11827-11828%2C11830%2C11856%2C11858%2C11868%2C11880%2C11922%2C11924%2C11955%2C11959%2C11963%2C11966%2C11974%2C11977%2C11986%2C11990%2C11992%2C11997-11998%2C12002%2C12043%2C12046%2C12049%2C12052%2C12056%2C12067-12069%2C12072%2C12082%2C12085%2C12087-12088%2C12100%2C12104%2C12150%2C12156%2C12168%2C12173%2C12176%2C12182%2C12189%2C12195%2C12215%2C12246%2C12249%2C12258%2C12282%2C12289%2C12315-12316%2C12376%2C12394%2C12401%2C12415-12416%2C12436%2C12440%2C12446%2C12455%2C12474%2C12477%2C12480%2C12487%2C12495-12497%2C12508%2C12527%2C12567-12568
r12595
r12597
  +dir_prop: branches/qmmp-1.7 svn:mergeinfo /branches/qmmp-0.10:7522%0A/branches/qmmp-0.11:7919%0A/branches/qmmp-0.12:7828%2C7918%2C8045%2C8073-8075%2C8668%2C8705%0A/branches/qmmp-1.0:5596%0A/branches/qmmp-1.1:5819%2C5968%2C6043%2C6172%2C6233%2C6442%0A/branches/qmmp-1.2:6799%2C6945%2C6975%2C7173%2C7382%2C7520%0A/branches/qmmp-1.3:8706%2C8913%0A/branches/qmmp-1.6:10666%2C10780%2C10800%0A/branches/qmmp-2.1:11357%0A/branches/qmmp-2.2:11906%2C11969%2C12010%2C12021%2C12141%2C12171%2C12180%2C12186%2C12213%2C12218%2C12247%2C12256%2C12296%2C12369%2C12380%2C12421%2C12430%2C12444%2C12449%2C12491%2C12502%2C12512-12513%2C12516%2C12571%2C12592%2C12596%0A/trunk/qmmp:9936%2C9953%2C9959%2C10009%2C10041%2C10049%2C10066%2C10070%2C10073%2C10076%2C10079%2C10084%2C10096%2C10108%2C10114%2C10145%2C10148%2C10151%2C10180%2C10186%2C10199%2C10204%2C10208%2C10216%2C10232%2C10235%2C10243%2C10247%2C10279%2C10283%2C10288-10289%2C10292%2C10294%2C10299%2C10306%2C10334%2C10369%2C10374%2C10379%2C10383%2C10388%2C10392%2C10398%2C10405%2C10411%2C10417%2C10459%2C10465%2C10474%2C10476%2C10478%2C10482-10483%2C10487-10489%2C10491%2C10494%2C10535%2C10561-10562%2C10565-10566%2C10578%2C10580-10581%2C10590%2C10600%2C10604%2C11664%2C11669%2C11681%2C11683%2C11698%2C11702-11703%2C11707%2C11740%2C11754%2C11757%2C11763%2C11776%2C11781%2C11783%2C11785%2C11787%2C11789%2C11791-11793%2C11810%2C11814%2C11816%2C11821%2C11823%2C11827-11828%2C11830%2C11856%2C11858%2C11868%2C11880%2C11922%2C11924%2C11955%2C11959%2C11963%2C11966%2C11974%2C11977%2C11986%2C11990%2C11992%2C11997-11998%2C12002%2C12043%2C12046%2C12049%2C12052%2C12056%2C12067-12069%2C12072%2C12082%2C12085%2C12087-12088%2C12100%2C12104%2C12150%2C12156%2C12168%2C12173%2C12176%2C12182%2C12189%2C12195%2C12215%2C12246%2C12249%2C12258%2C12282%2C12289%2C12315-12316%2C12376%2C12394%2C12401%2C12415-12416%2C12436%2C12440%2C12446%2C12455%2C12474%2C12477%2C12480%2C12487%2C12495-12497%2C12508%2C12527%2C12567-12568
r12609
  +dir_prop: branches/qmmp-1.7 svn:mergeinfo /branches/qmmp-0.10:7522%0A/branches/qmmp-0.11:7919%0A/branches/qmmp-0.12:7828%2C7918%2C8045%2C8073-8075%2C8668%2C8705%0A/branches/qmmp-1.0:5596%0A/branches/qmmp-1.1:5819%2C5968%2C6043%2C6172%2C6233%2C6442%0A/branches/qmmp-1.2:6799%2C6945%2C6975%2C7173%2C7382%2C7520%0A/branches/qmmp-1.3:8706%2C8913%0A/branches/qmmp-1.6:10666%2C10780%2C10800%0A/branches/qmmp-2.1:11357%0A/branches/qmmp-2.2:11906%2C11969%2C12010%2C12021%2C12141%2C12171%2C12180%2C12186%2C12213%2C12218%2C12247%2C12256%2C12296%2C12369%2C12380%2C12421%2C12430%2C12444%2C12449%2C12491%2C12502%2C12512-12513%2C12516%2C12571%2C12592%2C12596%0A/trunk/qmmp:9936%2C9953%2C9959%2C10009%2C10041%2C10049%2C10066%2C10070%2C10073%2C10076%2C10079%2C10084%2C10096%2C10108%2C10114%2C10145%2C10148%2C10151%2C10180%2C10186%2C10199%2C10204%2C10208%2C10216%2C10232%2C10235%2C10243%2C10247%2C10279%2C10283%2C10288-10289%2C10292%2C10294%2C10299%2C10306%2C10334%2C10369%2C10374%2C10379%2C10383%2C10388%2C10392%2C10398%2C10405%2C10411%2C10417%2C10459%2C10465%2C10474%2C10476%2C10478%2C10482-10483%2C10487-10489%2C10491%2C10494%2C10535%2C10561-10562%2C10565-10566%2C10578%2C10580-10581%2C10590%2C10600%2C10604%2C11664%2C11669%2C11681%2C11683%2C11698%2C11702-11703%2C11707%2C11740%2C11754%2C11757%2C11763%2C11776%2C11781%2C11783%2C11785%2C11787%2C11789%2C11791-11793%2C11810%2C11814%2C11816%2C11821%2C11823%2C11827-11828%2C11830%2C11856%2C11858%2C11868%2C11880%2C11922%2C11924%2C11955%2C11959%2C11963%2C11966%2C11974%2C11977%2C11986%2C11990%2C11992%2C11997-11998%2C12002%2C12043%2C12046%2C12049%2C12052%2C12056%2C12067-12069%2C12072%2C12082%2C12085%2C12087-12088%2C12100%2C12104%2C12150%2C12156%2C12168%2C12173%2C12176%2C12182%2C12189%2C12195%2C12215%2C12246%2C12249%2C12258%2C12282%2C12289%2C12315-12316%2C12376%2C12394%2C12401%2C12415-12416%2C12436%2C12440%2C12446%2C12455%2C12474%2C12477%2C12480%2C12487%2C12495-12497%2C12508%2C12527%2C12567-12568%2C12602
r12611
  +dir_prop: branches/qmmp-1.7 svn:mergeinfo /branches/qmmp-0.10:7522%0A/branches/qmmp-0.11:7919%0A/branches/qmmp-0.12:7828%2C7918%2C8045%2C8073-8075%2C8668%2C8705%0A/branches/qmmp-1.0:5596%0A/branches/qmmp-1.1:5819%2C5968%2C6043%2C6172%2C6233%2C6442%0A/branches/qmmp-1.2:6799%2C6945%2C6975%2C7173%2C7382%2C7520%0A/branches/qmmp-1.3:8706%2C8913%0A/branches/qmmp-1.6:10666%2C10780%2C10800%0A/branches/qmmp-2.1:11357%0A/branches/qmmp-2.2:11906%2C11969%2C12010%2C12021%2C12141%2C12171%2C12180%2C12186%2C12213%2C12218%2C12247%2C12256%2C12296%2C12369%2C12380%2C12421%2C12430%2C12444%2C12449%2C12491%2C12502%2C12512-12513%2C12516%2C12571%2C12592%2C12596%2C12610%0A/trunk/qmmp:9936%2C9953%2C9959%2C10009%2C10041%2C10049%2C10066%2C10070%2C10073%2C10076%2C10079%2C10084%2C10096%2C10108%2C10114%2C10145%2C10148%2C10151%2C10180%2C10186%2C10199%2C10204%2C10208%2C10216%2C10232%2C10235%2C10243%2C10247%2C10279%2C10283%2C10288-10289%2C10292%2C10294%2C10299%2C10306%2C10334%2C10369%2C10374%2C10379%2C10383%2C10388%2C10392%2C10398%2C10405%2C10411%2C10417%2C10459%2C10465%2C10474%2C10476%2C10478%2C10482-10483%2C10487-10489%2C10491%2C10494%2C10535%2C10561-10562%2C10565-10566%2C10578%2C10580-10581%2C10590%2C10600%2C10604%2C11664%2C11669%2C11681%2C11683%2C11698%2C11702-11703%2C11707%2C11740%2C11754%2C11757%2C11763%2C11776%2C11781%2C11783%2C11785%2C11787%2C11789%2C11791-11793%2C11810%2C11814%2C11816%2C11821%2C11823%2C11827-11828%2C11830%2C11856%2C11858%2C11868%2C11880%2C11922%2C11924%2C11955%2C11959%2C11963%2C11966%2C11974%2C11977%2C11986%2C11990%2C11992%2C11997-11998%2C12002%2C12043%2C12046%2C12049%2C12052%2C12056%2C12067-12069%2C12072%2C12082%2C12085%2C12087-12088%2C12100%2C12104%2C12150%2C12156%2C12168%2C12173%2C12176%2C12182%2C12189%2C12195%2C12215%2C12246%2C12249%2C12258%2C12282%2C12289%2C12315-12316%2C12376%2C12394%2C12401%2C12415-12416%2C12436%2C12440%2C12446%2C12455%2C12474%2C12477%2C12480%2C12487%2C12495-12497%2C12508%2C12527%2C12567-12568%2C12602
r12615
r12616
r12618
r12621
r12624
  +dir_prop: branches/qmmp-1.7 svn:mergeinfo /branches/qmmp-0.10:7522%0A/branches/qmmp-0.11:7919%0A/branches/qmmp-0.12:7828%2C7918%2C8045%2C8073-8075%2C8668%2C8705%0A/branches/qmmp-1.0:5596%0A/branches/qmmp-1.1:5819%2C5968%2C6043%2C6172%2C6233%2C6442%0A/branches/qmmp-1.2:6799%2C6945%2C6975%2C7173%2C7382%2C7520%0A/branches/qmmp-1.3:8706%2C8913%0A/branches/qmmp-1.6:10666%2C10780%2C10800%0A/branches/qmmp-2.1:11357%0A/branches/qmmp-2.2:11906%2C11969%2C12010%2C12021%2C12141%2C12171%2C12180%2C12186%2C12213%2C12218%2C12247%2C12256%2C12296%2C12369%2C12380%2C12421%2C12430%2C12444%2C12449%2C12491%2C12502%2C12512-12513%2C12516%2C12571%2C12592%2C12596%2C12610%2C12623%0A/trunk/qmmp:9936%2C9953%2C9959%2C10009%2C10041%2C10049%2C10066%2C10070%2C10073%2C10076%2C10079%2C10084%2C10096%2C10108%2C10114%2C10145%2C10148%2C10151%2C10180%2C10186%2C10199%2C10204%2C10208%2C10216%2C10232%2C10235%2C10243%2C10247%2C10279%2C10283%2C10288-10289%2C10292%2C10294%2C10299%2C10306%2C10334%2C10369%2C10374%2C10379%2C10383%2C10388%2C10392%2C10398%2C10405%2C10411%2C10417%2C10459%2C10465%2C10474%2C10476%2C10478%2C10482-10483%2C10487-10489%2C10491%2C10494%2C10535%2C10561-10562%2C10565-10566%2C10578%2C10580-10581%2C10590%2C10600%2C10604%2C11664%2C11669%2C11681%2C11683%2C11698%2C11702-11703%2C11707%2C11740%2C11754%2C11757%2C11763%2C11776%2C11781%2C11783%2C11785%2C11787%2C11789%2C11791-11793%2C11810%2C11814%2C11816%2C11821%2C11823%2C11827-11828%2C11830%2C11856%2C11858%2C11868%2C11880%2C11922%2C11924%2C11955%2C11959%2C11963%2C11966%2C11974%2C11977%2C11986%2C11990%2C11992%2C11997-11998%2C12002%2C12043%2C12046%2C12049%2C12052%2C12056%2C12067-12069%2C12072%2C12082%2C12085%2C12087-12088%2C12100%2C12104%2C12150%2C12156%2C12168%2C12173%2C12176%2C12182%2C12189%2C12195%2C12215%2C12246%2C12249%2C12258%2C12282%2C12289%2C12315-12316%2C12376%2C12394%2C12401%2C12415-12416%2C12436%2C12440%2C12446%2C12455%2C12474%2C12477%2C12480%2C12487%2C12495-12497%2C12508%2C12527%2C12567-12568%2C12602
r12629
r12646
r12667
r12682
  +dir_prop: branches/qmmp-1.7 svn:mergeinfo /branches/qmmp-0.10:7522%0A/branches/qmmp-0.11:7919%0A/branches/qmmp-0.12:7828%2C7918%2C8045%2C8073-8075%2C8668%2C8705%0A/branches/qmmp-1.0:5596%0A/branches/qmmp-1.1:5819%2C5968%2C6043%2C6172%2C6233%2C6442%0A/branches/qmmp-1.2:6799%2C6945%2C6975%2C7173%2C7382%2C7520%0A/branches/qmmp-1.3:8706%2C8913%0A/branches/qmmp-1.6:10666%2C10780%2C10800%0A/branches/qmmp-2.1:11357%0A/branches/qmmp-2.2:11906%2C11969%2C12010%2C12021%2C12141%2C12171%2C12180%2C12186%2C12213%2C12218%2C12247%2C12256%2C12296%2C12369%2C12380%2C12421%2C12430%2C12444%2C12449%2C12491%2C12502%2C12512-12513%2C12516%2C12571%2C12592%2C12596%2C12610%2C12623%0A/trunk/qmmp:9936%2C9953%2C9959%2C10009%2C10041%2C10049%2C10066%2C10070%2C10073%2C10076%2C10079%2C10084%2C10096%2C10108%2C10114%2C10145%2C10148%2C10151%2C10180%2C10186%2C10199%2C10204%2C10208%2C10216%2C10232%2C10235%2C10243%2C10247%2C10279%2C10283%2C10288-10289%2C10292%2C10294%2C10299%2C10306%2C10334%2C10369%2C10374%2C10379%2C10383%2C10388%2C10392%2C10398%2C10405%2C10411%2C10417%2C10459%2C10465%2C10474%2C10476%2C10478%2C10482-10483%2C10487-10489%2C10491%2C10494%2C10535%2C10561-10562%2C10565-10566%2C10578%2C10580-10581%2C10590%2C10600%2C10604%2C11664%2C11669%2C11681%2C11683%2C11698%2C11702-11703%2C11707%2C11740%2C11754%2C11757%2C11763%2C11776%2C11781%2C11783%2C11785%2C11787%2C11789%2C11791-11793%2C11810%2C11814%2C11816%2C11821%2C11823%2C11827-11828%2C11830%2C11856%2C11858%2C11868%2C11880%2C11922%2C11924%2C11955%2C11959%2C11963%2C11966%2C11974%2C11977%2C11986%2C11990%2C11992%2C11997-11998%2C12002%2C12043%2C12046%2C12049%2C12052%2C12056%2C12067-12069%2C12072%2C12082%2C12085%2C12087-12088%2C12100%2C12104%2C12150%2C12156%2C12168%2C12173%2C12176%2C12182%2C12189%2C12195%2C12215%2C12246%2C12249%2C12258%2C12282%2C12289%2C12315-12316%2C12376%2C12394%2C12401%2C12415-12416%2C12436%2C12440%2C12446%2C12455%2C12474%2C12477%2C12480%2C12487%2C12495-12497%2C12508%2C12527%2C12567-12568%2C12602%2C12680
r12683
  +dir_prop: branches/qmmp-1.7 svn:mergeinfo /branches/qmmp-0.10:7522%0A/branches/qmmp-0.11:7919%0A/branches/qmmp-0.12:7828%2C7918%2C8045%2C8073-8075%2C8668%2C8705%0A/branches/qmmp-1.0:5596%0A/branches/qmmp-1.1:5819%2C5968%2C6043%2C6172%2C6233%2C6442%0A/branches/qmmp-1.2:6799%2C6945%2C6975%2C7173%2C7382%2C7520%0A/branches/qmmp-1.3:8706%2C8913%0A/branches/qmmp-1.6:10666%2C10780%2C10800%0A/branches/qmmp-2.1:11357%0A/branches/qmmp-2.2:11906%2C11969%2C12010%2C12021%2C12141%2C12171%2C12180%2C12186%2C12213%2C12218%2C12247%2C12256%2C12296%2C12369%2C12380%2C12421%2C12430%2C12444%2C12449%2C12491%2C12502%2C12512-12513%2C12516%2C12571%2C12592%2C12596%2C12610%2C12623%0A/trunk/qmmp:9936%2C9953%2C9959%2C10009%2C10041%2C10049%2C10066%2C10070%2C10073%2C10076%2C10079%2C10084%2C10096%2C10108%2C10114%2C10145%2C10148%2C10151%2C10180%2C10186%2C10199%2C10204%2C10208%2C10216%2C10232%2C10235%2C10243%2C10247%2C10279%2C10283%2C10288-10289%2C10292%2C10294%2C10299%2C10306%2C10334%2C10369%2C10374%2C10379%2C10383%2C10388%2C10392%2C10398%2C10405%2C10411%2C10417%2C10459%2C10465%2C10474%2C10476%2C10478%2C10482-10483%2C10487-10489%2C10491%2C10494%2C10535%2C10561-10562%2C10565-10566%2C10578%2C10580-10581%2C10590%2C10600%2C10604%2C11664%2C11669%2C11681%2C11683%2C11698%2C11702-11703%2C11707%2C11740%2C11754%2C11757%2C11763%2C11776%2C11781%2C11783%2C11785%2C11787%2C11789%2C11791-11793%2C11810%2C11814%2C11816%2C11821%2C11823%2C11827-11828%2C11830%2C11856%2C11858%2C11868%2C11880%2C11922%2C11924%2C11955%2C11959%2C11963%2C11966%2C11974%2C11977%2C11986%2C11990%2C11992%2C11997-11998%2C12002%2C12043%2C12046%2C12049%2C12052%2C12056%2C12067-12069%2C12072%2C12082%2C12085%2C12087-12088%2C12100%2C12104%2C12150%2C12156%2C12168%2C12173%2C12176%2C12182%2C12189%2C12195%2C12215%2C12246%2C12249%2C12258%2C12282%2C12289%2C12315-12316%2C12376%2C12394%2C12401%2C12415-12416%2C12436%2C12440%2C12446%2C12455%2C12474%2C12477%2C12480%2C12487%2C12495-12497%2C12508%2C12527%2C12567-12568%2C12602%2C12679-12680
r12685
  +dir_prop: branches/qmmp-1.7 svn:mergeinfo /branches/qmmp-0.10:7522%0A/branches/qmmp-0.11:7919%0A/branches/qmmp-0.12:7828%2C7918%2C8045%2C8073-8075%2C8668%2C8705%0A/branches/qmmp-1.0:5596%0A/branches/qmmp-1.1:5819%2C5968%2C6043%2C6172%2C6233%2C6442%0A/branches/qmmp-1.2:6799%2C6945%2C6975%2C7173%2C7382%2C7520%0A/branches/qmmp-1.3:8706%2C8913%0A/branches/qmmp-1.6:10666%2C10780%2C10800%0A/branches/qmmp-2.1:11357%0A/branches/qmmp-2.2:11906%2C11969%2C12010%2C12021%2C12141%2C12171%2C12180%2C12186%2C12213%2C12218%2C12247%2C12256%2C12296%2C12369%2C12380%2C12421%2C12430%2C12444%2C12449%2C12491%2C12502%2C12512-12513%2C12516%2C12571%2C12592%2C12596%2C12610%2C12623%0A/trunk/qmmp:9936%2C9953%2C9959%2C10009%2C10041%2C10049%2C10066%2C10070%2C10073%2C10076%2C10079%2C10084%2C10096%2C10108%2C10114%2C10145%2C10148%2C10151%2C10180%2C10186%2C10199%2C10204%2C10208%2C10216%2C10232%2C10235%2C10243%2C10247%2C10279%2C10283%2C10288-10289%2C10292%2C10294%2C10299%2C10306%2C10334%2C10369%2C10374%2C10379%2C10383%2C10388%2C10392%2C10398%2C10405%2C10411%2C10417%2C10459%2C10465%2C10474%2C10476%2C10478%2C10482-10483%2C10487-10489%2C10491%2C10494%2C10535%2C10561-10562%2C10565-10566%2C10578%2C10580-10581%2C10590%2C10600%2C10604%2C11664%2C11669%2C11681%2C11683%2C11698%2C11702-11703%2C11707%2C11740%2C11754%2C11757%2C11763%2C11776%2C11781%2C11783%2C11785%2C11787%2C11789%2C11791-11793%2C11810%2C11814%2C11816%2C11821%2C11823%2C11827-11828%2C11830%2C11856%2C11858%2C11868%2C11880%2C11922%2C11924%2C11955%2C11959%2C11963%2C11966%2C11974%2C11977%2C11986%2C11990%2C11992%2C11997-11998%2C12002%2C12043%2C12046%2C12049%2C12052%2C12056%2C12067-12069%2C12072%2C12082%2C12085%2C12087-12088%2C12100%2C12104%2C12150%2C12156%2C12168%2C12173%2C12176%2C12182%2C12189%2C12195%2C12215%2C12246%2C12249%2C12258%2C12282%2C12289%2C12315-12316%2C12376%2C12394%2C12401%2C12415-12416%2C12436%2C12440%2C12446%2C12455%2C12474%2C12477%2C12480%2C12487%2C12495-12497%2C12508%2C12527%2C12567-12568%2C12602%2C12679-12680%2C12684
r12687
r12691
  +dir_prop: branches/qmmp-1.7 svn:mergeinfo /branches/qmmp-0.10:7522%0A/branches/qmmp-0.11:7919%0A/branches/qmmp-0.12:7828%2C7918%2C8045%2C8073-8075%2C8668%2C8705%0A/branches/qmmp-1.0:5596%0A/branches/qmmp-1.1:5819%2C5968%2C6043%2C6172%2C6233%2C6442%0A/branches/qmmp-1.2:6799%2C6945%2C6975%2C7173%2C7382%2C7520%0A/branches/qmmp-1.3:8706%2C8913%0A/branches/qmmp-1.6:10666%2C10780%2C10800%0A/branches/qmmp-2.1:11357%0A/branches/qmmp-2.2:11906%2C11969%2C12010%2C12021%2C12141%2C12171%2C12180%2C12186%2C12213%2C12218%2C12247%2C12256%2C12296%2C12369%2C12380%2C12421%2C12430%2C12444%2C12449%2C12491%2C12502%2C12512-12513%2C12516%2C12571%2C12592%2C12596%2C12610%2C12623%0A/trunk/qmmp:9936%2C9953%2C9959%2C10009%2C10041%2C10049%2C10066%2C10070%2C10073%2C10076%2C10079%2C10084%2C10096%2C10108%2C10114%2C10145%2C10148%2C10151%2C10180%2C10186%2C10199%2C10204%2C10208%2C10216%2C10232%2C10235%2C10243%2C10247%2C10279%2C10283%2C10288-10289%2C10292%2C10294%2C10299%2C10306%2C10334%2C10369%2C10374%2C10379%2C10383%2C10388%2C10392%2C10398%2C10405%2C10411%2C10417%2C10459%2C10465%2C10474%2C10476%2C10478%2C10482-10483%2C10487-10489%2C10491%2C10494%2C10535%2C10561-10562%2C10565-10566%2C10578%2C10580-10581%2C10590%2C10600%2C10604%2C11664%2C11669%2C11681%2C11683%2C11698%2C11702-11703%2C11707%2C11740%2C11754%2C11757%2C11763%2C11776%2C11781%2C11783%2C11785%2C11787%2C11789%2C11791-11793%2C11810%2C11814%2C11816%2C11821%2C11823%2C11827-11828%2C11830%2C11856%2C11858%2C11868%2C11880%2C11922%2C11924%2C11955%2C11959%2C11963%2C11966%2C11974%2C11977%2C11986%2C11990%2C11992%2C11997-11998%2C12002%2C12043%2C12046%2C12049%2C12052%2C12056%2C12067-12069%2C12072%2C12082%2C12085%2C12087-12088%2C12100%2C12104%2C12150%2C12156%2C12168%2C12173%2C12176%2C12182%2C12189%2C12195%2C12215%2C12246%2C12249%2C12258%2C12282%2C12289%2C12315-12316%2C12376%2C12394%2C12401%2C12415-12416%2C12436%2C12440%2C12446%2C12455%2C12474%2C12477%2C12480%2C12487%2C12495-12497%2C12508%2C12527%2C12567-12568%2C12602%2C12679-12680%2C12684%2C12690
r12697
r12702
  +dir_prop: branches/qmmp-1.7 svn:mergeinfo /branches/qmmp-0.10:7522%0A/branches/qmmp-0.11:7919%0A/branches/qmmp-0.12:7828%2C7918%2C8045%2C8073-8075%2C8668%2C8705%0A/branches/qmmp-1.0:5596%0A/branches/qmmp-1.1:5819%2C5968%2C6043%2C6172%2C6233%2C6442%0A/branches/qmmp-1.2:6799%2C6945%2C6975%2C7173%2C7382%2C7520%0A/branches/qmmp-1.3:8706%2C8913%0A/branches/qmmp-1.6:10666%2C10780%2C10800%0A/branches/qmmp-2.1:11357%0A/branches/qmmp-2.2:11906%2C11969%2C12010%2C12021%2C12141%2C12171%2C12180%2C12186%2C12213%2C12218%2C12247%2C12256%2C12296%2C12369%2C12380%2C12421%2C12430%2C12444%2C12449%2C12491%2C12502%2C12512-12513%2C12516%2C12571%2C12592%2C12596%2C12610%2C12623%0A/trunk/qmmp:9936%2C9953%2C9959%2C10009%2C10041%2C10049%2C10066%2C10070%2C10073%2C10076%2C10079%2C10084%2C10096%2C10108%2C10114%2C10145%2C10148%2C10151%2C10180%2C10186%2C10199%2C10204%2C10208%2C10216%2C10232%2C10235%2C10243%2C10247%2C10279%2C10283%2C10288-10289%2C10292%2C10294%2C10299%2C10306%2C10334%2C10369%2C10374%2C10379%2C10383%2C10388%2C10392%2C10398%2C10405%2C10411%2C10417%2C10459%2C10465%2C10474%2C10476%2C10478%2C10482-10483%2C10487-10489%2C10491%2C10494%2C10535%2C10561-10562%2C10565-10566%2C10578%2C10580-10581%2C10590%2C10600%2C10604%2C11664%2C11669%2C11681%2C11683%2C11698%2C11702-11703%2C11707%2C11740%2C11754%2C11757%2C11763%2C11776%2C11781%2C11783%2C11785%2C11787%2C11789%2C11791-11793%2C11810%2C11814%2C11816%2C11821%2C11823%2C11827-11828%2C11830%2C11856%2C11858%2C11868%2C11880%2C11922%2C11924%2C11955%2C11959%2C11963%2C11966%2C11974%2C11977%2C11986%2C11990%2C11992%2C11997-11998%2C12002%2C12043%2C12046%2C12049%2C12052%2C12056%2C12067-12069%2C12072%2C12082%2C12085%2C12087-12088%2C12100%2C12104%2C12150%2C12156%2C12168%2C12173%2C12176%2C12182%2C12189%2C12195%2C12215%2C12246%2C12249%2C12258%2C12282%2C12289%2C12315-12316%2C12376%2C12394%2C12401%2C12415-12416%2C12436%2C12440%2C12446%2C12455%2C12474%2C12477%2C12480%2C12487%2C12495-12497%2C12508%2C12527%2C12567-12568%2C12602%2C12679-12680%2C12684%2C12690%2C12701
r12704
r12718
  -empty_dir: branches/qmmp-1.7/utils/remove_svn_tags.cmd
  -empty_dir: branches/qmmp-1.7/utils/remove_svn_tags.sh
r12722
r12732
  +dir_prop: branches/qmmp-1.7 svn:mergeinfo /branches/qmmp-0.10:7522%0A/branches/qmmp-0.11:7919%0A/branches/qmmp-0.12:7828%2C7918%2C8045%2C8073-8075%2C8668%2C8705%0A/branches/qmmp-1.0:5596%0A/branches/qmmp-1.1:5819%2C5968%2C6043%2C6172%2C6233%2C6442%0A/branches/qmmp-1.2:6799%2C6945%2C6975%2C7173%2C7382%2C7520%0A/branches/qmmp-1.3:8706%2C8913%0A/branches/qmmp-1.6:10666%2C10780%2C10800%0A/branches/qmmp-2.1:11357%0A/branches/qmmp-2.2:11906%2C11969%2C12010%2C12021%2C12141%2C12171%2C12180%2C12186%2C12213%2C12218%2C12247%2C12256%2C12296%2C12369%2C12380%2C12421%2C12430%2C12444%2C12449%2C12491%2C12502%2C12512-12513%2C12516%2C12571%2C12592%2C12596%2C12610%2C12623%0A/trunk/qmmp:9936%2C9953%2C9959%2C10009%2C10041%2C10049%2C10066%2C10070%2C10073%2C10076%2C10079%2C10084%2C10096%2C10108%2C10114%2C10145%2C10148%2C10151%2C10180%2C10186%2C10199%2C10204%2C10208%2C10216%2C10232%2C10235%2C10243%2C10247%2C10279%2C10283%2C10288-10289%2C10292%2C10294%2C10299%2C10306%2C10334%2C10369%2C10374%2C10379%2C10383%2C10388%2C10392%2C10398%2C10405%2C10411%2C10417%2C10459%2C10465%2C10474%2C10476%2C10478%2C10482-10483%2C10487-10489%2C10491%2C10494%2C10535%2C10561-10562%2C10565-10566%2C10578%2C10580-10581%2C10590%2C10600%2C10604%2C11664%2C11669%2C11681%2C11683%2C11698%2C11702-11703%2C11707%2C11740%2C11754%2C11757%2C11763%2C11776%2C11781%2C11783%2C11785%2C11787%2C11789%2C11791-11793%2C11810%2C11814%2C11816%2C11821%2C11823%2C11827-11828%2C11830%2C11856%2C11858%2C11868%2C11880%2C11922%2C11924%2C11955%2C11959%2C11963%2C11966%2C11974%2C11977%2C11986%2C11990%2C11992%2C11997-11998%2C12002%2C12043%2C12046%2C12049%2C12052%2C12056%2C12067-12069%2C12072%2C12082%2C12085%2C12087-12088%2C12100%2C12104%2C12150%2C12156%2C12168%2C12173%2C12176%2C12182%2C12189%2C12195%2C12215%2C12246%2C12249%2C12258%2C12282%2C12289%2C12315-12316%2C12376%2C12394%2C12401%2C12415-12416%2C12436%2C12440%2C12446%2C12455%2C12474%2C12477%2C12480%2C12487%2C12495-12497%2C12508%2C12527%2C12567-12568%2C12602%2C12679-12680%2C12684%2C12690%2C12701%2C12731
r12757
r12759
r12760
r12764
r12768
r12778
  +dir_prop: branches/qmmp-1.7 svn:mergeinfo /branches/qmmp-0.10:7522%0A/branches/qmmp-0.11:7919%0A/branches/qmmp-0.12:7828%2C7918%2C8045%2C8073-8075%2C8668%2C8705%0A/branches/qmmp-1.0:5596%0A/branches/qmmp-1.1:5819%2C5968%2C6043%2C6172%2C6233%2C6442%0A/branches/qmmp-1.2:6799%2C6945%2C6975%2C7173%2C7382%2C7520%0A/branches/qmmp-1.3:8706%2C8913%0A/branches/qmmp-1.6:10666%2C10780%2C10800%0A/branches/qmmp-2.1:11357%0A/branches/qmmp-2.2:11906%2C11969%2C12010%2C12021%2C12141%2C12171%2C12180%2C12186%2C12213%2C12218%2C12247%2C12256%2C12296%2C12369%2C12380%2C12421%2C12430%2C12444%2C12449%2C12491%2C12502%2C12512-12513%2C12516%2C12571%2C12592%2C12596%2C12610%2C12623%0A/trunk/qmmp:9936%2C9953%2C9959%2C10009%2C10041%2C10049%2C10066%2C10070%2C10073%2C10076%2C10079%2C10084%2C10096%2C10108%2C10114%2C10145%2C10148%2C10151%2C10180%2C10186%2C10199%2C10204%2C10208%2C10216%2C10232%2C10235%2C10243%2C10247%2C10279%2C10283%2C10288-10289%2C10292%2C10294%2C10299%2C10306%2C10334%2C10369%2C10374%2C10379%2C10383%2C10388%2C10392%2C10398%2C10405%2C10411%2C10417%2C10459%2C10465%2C10474%2C10476%2C10478%2C10482-10483%2C10487-10489%2C10491%2C10494%2C10535%2C10561-10562%2C10565-10566%2C10578%2C10580-10581%2C10590%2C10600%2C10604%2C11664%2C11669%2C11681%2C11683%2C11698%2C11702-11703%2C11707%2C11740%2C11754%2C11757%2C11763%2C11776%2C11781%2C11783%2C11785%2C11787%2C11789%2C11791-11793%2C11810%2C11814%2C11816%2C11821%2C11823%2C11827-11828%2C11830%2C11856%2C11858%2C11868%2C11880%2C11922%2C11924%2C11955%2C11959%2C11963%2C11966%2C11974%2C11977%2C11986%2C11990%2C11992%2C11997-11998%2C12002%2C12043%2C12046%2C12049%2C12052%2C12056%2C12067-12069%2C12072%2C12082%2C12085%2C12087-12088%2C12100%2C12104%2C12150%2C12156%2C12168%2C12173%2C12176%2C12182%2C12189%2C12195%2C12215%2C12246%2C12249%2C12258%2C12282%2C12289%2C12315-12316%2C12376%2C12394%2C12401%2C12415-12416%2C12436%2C12440%2C12446%2C12455%2C12474%2C12477%2C12480%2C12487%2C12495-12497%2C12508%2C12527%2C12567-12568%2C12602%2C12679-12680%2C12684%2C12690%2C12701%2C12731%2C12775-12776
r12786
  +dir_prop: branches/qmmp-1.7 svn:mergeinfo /branches/qmmp-0.10:7522%0A/branches/qmmp-0.11:7919%0A/branches/qmmp-0.12:7828%2C7918%2C8045%2C8073-8075%2C8668%2C8705%0A/branches/qmmp-1.0:5596%0A/branches/qmmp-1.1:5819%2C5968%2C6043%2C6172%2C6233%2C6442%0A/branches/qmmp-1.2:6799%2C6945%2C6975%2C7173%2C7382%2C7520%0A/branches/qmmp-1.3:8706%2C8913%0A/branches/qmmp-1.6:10666%2C10780%2C10800%0A/branches/qmmp-2.1:11357%0A/branches/qmmp-2.2:11906%2C11969%2C12010%2C12021%2C12141%2C12171%2C12180%2C12186%2C12213%2C12218%2C12247%2C12256%2C12296%2C12369%2C12380%2C12421%2C12430%2C12444%2C12449%2C12491%2C12502%2C12512-12513%2C12516%2C12571%2C12592%2C12596%2C12610%2C12623%0A/trunk/qmmp:9936%2C9953%2C9959%2C10009%2C10041%2C10049%2C10066%2C10070%2C10073%2C10076%2C10079%2C10084%2C10096%2C10108%2C10114%2C10145%2C10148%2C10151%2C10180%2C10186%2C10199%2C10204%2C10208%2C10216%2C10232%2C10235%2C10243%2C10247%2C10279%2C10283%2C10288-10289%2C10292%2C10294%2C10299%2C10306%2C10334%2C10369%2C10374%2C10379%2C10383%2C10388%2C10392%2C10398%2C10405%2C10411%2C10417%2C10459%2C10465%2C10474%2C10476%2C10478%2C10482-10483%2C10487-10489%2C10491%2C10494%2C10535%2C10561-10562%2C10565-10566%2C10578%2C10580-10581%2C10590%2C10600%2C10604%2C11664%2C11669%2C11681%2C11683%2C11698%2C11702-11703%2C11707%2C11740%2C11754%2C11757%2C11763%2C11776%2C11781%2C11783%2C11785%2C11787%2C11789%2C11791-11793%2C11810%2C11814%2C11816%2C11821%2C11823%2C11827-11828%2C11830%2C11856%2C11858%2C11868%2C11880%2C11922%2C11924%2C11955%2C11959%2C11963%2C11966%2C11974%2C11977%2C11986%2C11990%2C11992%2C11997-11998%2C12002%2C12043%2C12046%2C12049%2C12052%2C12056%2C12067-12069%2C12072%2C12082%2C12085%2C12087-12088%2C12100%2C12104%2C12150%2C12156%2C12168%2C12173%2C12176%2C12182%2C12189%2C12195%2C12215%2C12246%2C12249%2C12258%2C12282%2C12289%2C12315-12316%2C12376%2C12394%2C12401%2C12415-12416%2C12436%2C12440%2C12446%2C12455%2C12474%2C12477%2C12480%2C12487%2C12495-12497%2C12508%2C12527%2C12567-12568%2C12602%2C12679-12680%2C12684%2C12690%2C12701%2C12731%2C12775-12776%2C12784
r12791
r12797
  +dir_prop: branches/qmmp-1.7 svn:mergeinfo /branches/qmmp-0.10:7522%0A/branches/qmmp-0.11:7919%0A/branches/qmmp-0.12:7828%2C7918%2C8045%2C8073-8075%2C8668%2C8705%0A/branches/qmmp-1.0:5596%0A/branches/qmmp-1.1:5819%2C5968%2C6043%2C6172%2C6233%2C6442%0A/branches/qmmp-1.2:6799%2C6945%2C6975%2C7173%2C7382%2C7520%0A/branches/qmmp-1.3:8706%2C8913%0A/branches/qmmp-1.6:10666%2C10780%2C10800%0A/branches/qmmp-2.1:11357%0A/branches/qmmp-2.2:11906%2C11969%2C12010%2C12021%2C12141%2C12171%2C12180%2C12186%2C12213%2C12218%2C12247%2C12256%2C12296%2C12369%2C12380%2C12421%2C12430%2C12444%2C12449%2C12491%2C12502%2C12512-12513%2C12516%2C12571%2C12592%2C12596%2C12610%2C12623%0A/trunk/qmmp:9936%2C9953%2C9959%2C10009%2C10041%2C10049%2C10066%2C10070%2C10073%2C10076%2C10079%2C10084%2C10096%2C10108%2C10114%2C10145%2C10148%2C10151%2C10180%2C10186%2C10199%2C10204%2C10208%2C10216%2C10232%2C10235%2C10243%2C10247%2C10279%2C10283%2C10288-10289%2C10292%2C10294%2C10299%2C10306%2C10334%2C10369%2C10374%2C10379%2C10383%2C10388%2C10392%2C10398%2C10405%2C10411%2C10417%2C10459%2C10465%2C10474%2C10476%2C10478%2C10482-10483%2C10487-10489%2C10491%2C10494%2C10535%2C10561-10562%2C10565-10566%2C10578%2C10580-10581%2C10590%2C10600%2C10604%2C11664%2C11669%2C11681%2C11683%2C11698%2C11702-11703%2C11707%2C11740%2C11754%2C11757%2C11763%2C11776%2C11781%2C11783%2C11785%2C11787%2C11789%2C11791-11793%2C11810%2C11814%2C11816%2C11821%2C11823%2C11827-11828%2C11830%2C11856%2C11858%2C11868%2C11880%2C11922%2C11924%2C11955%2C11959%2C11963%2C11966%2C11974%2C11977%2C11986%2C11990%2C11992%2C11997-11998%2C12002%2C12043%2C12046%2C12049%2C12052%2C12056%2C12067-12069%2C12072%2C12082%2C12085%2C12087-12088%2C12100%2C12104%2C12150%2C12156%2C12168%2C12173%2C12176%2C12182%2C12189%2C12195%2C12215%2C12246%2C12249%2C12258%2C12282%2C12289%2C12315-12316%2C12376%2C12394%2C12401%2C12415-12416%2C12436%2C12440%2C12446%2C12455%2C12474%2C12477%2C12480%2C12487%2C12495-12497%2C12508%2C12527%2C12567-12568%2C12602%2C12679-12680%2C12684%2C12690%2C12701%2C12731%2C12775-12776%2C12784%2C12795
  +dir_prop: branches/qmmp-1.7/src/plugins/Ui/qsui svn:mergeinfo /branches/qmmp-0.12/src/plugins/Ui/qsui:8073-8075%0A/branches/qmmp-1.1/src/plugins/Ui/qsui:6172%0A/branches/qmmp-1.2/src/plugins/Ui/qsui:7382%0A/branches/qmmp-2.2/src/plugins/Ui/qsui:12369%2C12512-12513%0A/trunk/qmmp/src/plugins/Ui/qsui:10148%2C10151%2C10180%2C10247%2C10279%2C10283%2C10288-10289%2C10292%2C10294%2C10411%2C10488-10489%2C10535%2C10561-10562%2C10565-10566%2C11681%2C11698%2C11789%2C11792%2C11823%2C11924%2C11955%2C12104%2C12315-12316%2C12401%2C12436%2C12455%2C12508%2C12510%2C12795%0A/trunk/qmmp/src/plugins/Ui/skinned:5223%2C6018-6019%2C6022
r12803
r12809
  +dir_prop: branches/qmmp-1.7 svn:mergeinfo /branches/qmmp-0.10:7522%0A/branches/qmmp-0.11:7919%0A/branches/qmmp-0.12:7828%2C7918%2C8045%2C8073-8075%2C8668%2C8705%0A/branches/qmmp-1.0:5596%0A/branches/qmmp-1.1:5819%2C5968%2C6043%2C6172%2C6233%2C6442%0A/branches/qmmp-1.2:6799%2C6945%2C6975%2C7173%2C7382%2C7520%0A/branches/qmmp-1.3:8706%2C8913%0A/branches/qmmp-1.6:10666%2C10780%2C10800%0A/branches/qmmp-2.1:11357%0A/branches/qmmp-2.2:11906%2C11969%2C12010%2C12021%2C12141%2C12171%2C12180%2C12186%2C12213%2C12218%2C12247%2C12256%2C12296%2C12369%2C12380%2C12421%2C12430%2C12444%2C12449%2C12491%2C12502%2C12512-12513%2C12516%2C12571%2C12592%2C12596%2C12610%2C12623%0A/trunk/qmmp:9936%2C9953%2C9959%2C10009%2C10041%2C10049%2C10066%2C10070%2C10073%2C10076%2C10079%2C10084%2C10096%2C10108%2C10114%2C10145%2C10148%2C10151%2C10180%2C10186%2C10199%2C10204%2C10208%2C10216%2C10232%2C10235%2C10243%2C10247%2C10279%2C10283%2C10288-10289%2C10292%2C10294%2C10299%2C10306%2C10334%2C10369%2C10374%2C10379%2C10383%2C10388%2C10392%2C10398%2C10405%2C10411%2C10417%2C10459%2C10465%2C10474%2C10476%2C10478%2C10482-10483%2C10487-10489%2C10491%2C10494%2C10535%2C10561-10562%2C10565-10566%2C10578%2C10580-10581%2C10590%2C10600%2C10604%2C11664%2C11669%2C11681%2C11683%2C11698%2C11702-11703%2C11707%2C11740%2C11754%2C11757%2C11763%2C11776%2C11781%2C11783%2C11785%2C11787%2C11789%2C11791-11793%2C11810%2C11814%2C11816%2C11821%2C11823%2C11827-11828%2C11830%2C11856%2C11858%2C11868%2C11880%2C11922%2C11924%2C11955%2C11959%2C11963%2C11966%2C11974%2C11977%2C11986%2C11990%2C11992%2C11997-11998%2C12002%2C12043%2C12046%2C12049%2C12052%2C12056%2C12067-12069%2C12072%2C12082%2C12085%2C12087-12088%2C12100%2C12104%2C12150%2C12156%2C12168%2C12173%2C12176%2C12182%2C12189%2C12195%2C12215%2C12246%2C12249%2C12258%2C12282%2C12289%2C12315-12316%2C12376%2C12394%2C12401%2C12415-12416%2C12436%2C12440%2C12446%2C12455%2C12474%2C12477%2C12480%2C12487%2C12495-12497%2C12508%2C12527%2C12567-12568%2C12602%2C12679-12680%2C12684%2C12690%2C12701%2C12731%2C12775-12776%2C12784%2C12795%2C12807
r12811
r12814
r12815
r12819
  +dir_prop: branches/qmmp-1.7 svn:mergeinfo /branches/qmmp-0.10:7522%0A/branches/qmmp-0.11:7919%0A/branches/qmmp-0.12:7828%2C7918%2C8045%2C8073-8075%2C8668%2C8705%0A/branches/qmmp-1.0:5596%0A/branches/qmmp-1.1:5819%2C5968%2C6043%2C6172%2C6233%2C6442%0A/branches/qmmp-1.2:6799%2C6945%2C6975%2C7173%2C7382%2C7520%0A/branches/qmmp-1.3:8706%2C8913%0A/branches/qmmp-1.6:10666%2C10780%2C10800%0A/branches/qmmp-2.1:11357%0A/branches/qmmp-2.2:11906%2C11969%2C12010%2C12021%2C12141%2C12171%2C12180%2C12186%2C12213%2C12218%2C12247%2C12256%2C12296%2C12369%2C12380%2C12421%2C12430%2C12444%2C12449%2C12491%2C12502%2C12512-12513%2C12516%2C12571%2C12592%2C12596%2C12610%2C12623%0A/trunk/qmmp:9936%2C9953%2C9959%2C10009%2C10041%2C10049%2C10066%2C10070%2C10073%2C10076%2C10079%2C10084%2C10096%2C10108%2C10114%2C10145%2C10148%2C10151%2C10180%2C10186%2C10199%2C10204%2C10208%2C10216%2C10232%2C10235%2C10243%2C10247%2C10279%2C10283%2C10288-10289%2C10292%2C10294%2C10299%2C10306%2C10334%2C10369%2C10374%2C10379%2C10383%2C10388%2C10392%2C10398%2C10405%2C10411%2C10417%2C10459%2C10465%2C10474%2C10476%2C10478%2C10482-10483%2C10487-10489%2C10491%2C10494%2C10535%2C10561-10562%2C10565-10566%2C10578%2C10580-10581%2C10590%2C10600%2C10604%2C11664%2C11669%2C11681%2C11683%2C11698%2C11702-11703%2C11707%2C11740%2C11754%2C11757%2C11763%2C11776%2C11781%2C11783%2C11785%2C11787%2C11789%2C11791-11793%2C11810%2C11814%2C11816%2C11821%2C11823%2C11827-11828%2C11830%2C11856%2C11858%2C11868%2C11880%2C11922%2C11924%2C11955%2C11959%2C11963%2C11966%2C11974%2C11977%2C11986%2C11990%2C11992%2C11997-11998%2C12002%2C12043%2C12046%2C12049%2C12052%2C12056%2C12067-12069%2C12072%2C12082%2C12085%2C12087-12088%2C12100%2C12104%2C12150%2C12156%2C12168%2C12173%2C12176%2C12182%2C12189%2C12195%2C12215%2C12246%2C12249%2C12258%2C12282%2C12289%2C12315-12316%2C12376%2C12394%2C12401%2C12415-12416%2C12436%2C12440%2C12446%2C12455%2C12474%2C12477%2C12480%2C12487%2C12495-12497%2C12508%2C12527%2C12567-12568%2C12602%2C12679-12680%2C12684%2C12690%2C12701%2C12731%2C12775-12776%2C12784%2C12795%2C12807%2C12817
r12823
r12831
r12836
  +dir_prop: branches/qmmp-1.7 svn:mergeinfo /branches/qmmp-0.10:7522%0A/branches/qmmp-0.11:7919%0A/branches/qmmp-0.12:7828%2C7918%2C8045%2C8073-8075%2C8668%2C8705%0A/branches/qmmp-1.0:5596%0A/branches/qmmp-1.1:5819%2C5968%2C6043%2C6172%2C6233%2C6442%0A/branches/qmmp-1.2:6799%2C6945%2C6975%2C7173%2C7382%2C7520%0A/branches/qmmp-1.3:8706%2C8913%0A/branches/qmmp-1.6:10666%2C10780%2C10800%0A/branches/qmmp-2.1:11357%0A/branches/qmmp-2.2:11906%2C11969%2C12010%2C12021%2C12141%2C12171%2C12180%2C12186%2C12213%2C12218%2C12247%2C12256%2C12296%2C12369%2C12380%2C12421%2C12430%2C12444%2C12449%2C12491%2C12502%2C12512-12513%2C12516%2C12571%2C12592%2C12596%2C12610%2C12623%0A/trunk/qmmp:9936%2C9953%2C9959%2C10009%2C10041%2C10049%2C10066%2C10070%2C10073%2C10076%2C10079%2C10084%2C10096%2C10108%2C10114%2C10145%2C10148%2C10151%2C10180%2C10186%2C10199%2C10204%2C10208%2C10216%2C10232%2C10235%2C10243%2C10247%2C10279%2C10283%2C10288-10289%2C10292%2C10294%2C10299%2C10306%2C10334%2C10369%2C10374%2C10379%2C10383%2C10388%2C10392%2C10398%2C10405%2C10411%2C10417%2C10459%2C10465%2C10474%2C10476%2C10478%2C10482-10483%2C10487-10489%2C10491%2C10494%2C10535%2C10561-10562%2C10565-10566%2C10578%2C10580-10581%2C10590%2C10600%2C10604%2C11664%2C11669%2C11681%2C11683%2C11698%2C11702-11703%2C11707%2C11740%2C11754%2C11757%2C11763%2C11776%2C11781%2C11783%2C11785%2C11787%2C11789%2C11791-11793%2C11810%2C11814%2C11816%2C11821%2C11823%2C11827-11828%2C11830%2C11856%2C11858%2C11868%2C11880%2C11922%2C11924%2C11955%2C11959%2C11963%2C11966%2C11974%2C11977%2C11986%2C11990%2C11992%2C11997-11998%2C12002%2C12043%2C12046%2C12049%2C12052%2C12056%2C12067-12069%2C12072%2C12082%2C12085%2C12087-12088%2C12100%2C12104%2C12150%2C12156%2C12168%2C12173%2C12176%2C12182%2C12189%2C12195%2C12215%2C12246%2C12249%2C12258%2C12282%2C12289%2C12315-12316%2C12376%2C12394%2C12401%2C12415-12416%2C12436%2C12440%2C12446%2C12455%2C12474%2C12477%2C12480%2C12487%2C12495-12497%2C12508%2C12527%2C12567-12568%2C12602%2C12679-12680%2C12684%2C12690%2C12701%2C12731%2C12775-12776%2C12784%2C12795%2C12807%2C12817%2C12834
r12856
  +dir_prop: branches/qmmp-1.7 svn:mergeinfo /branches/qmmp-0.10:7522%0A/branches/qmmp-0.11:7919%0A/branches/qmmp-0.12:7828%2C7918%2C8045%2C8073-8075%2C8668%2C8705%0A/branches/qmmp-1.0:5596%0A/branches/qmmp-1.1:5819%2C5968%2C6043%2C6172%2C6233%2C6442%0A/branches/qmmp-1.2:6799%2C6945%2C6975%2C7173%2C7382%2C7520%0A/branches/qmmp-1.3:8706%2C8913%0A/branches/qmmp-1.6:10666%2C10780%2C10800%0A/branches/qmmp-2.1:11357%0A/branches/qmmp-2.2:11906%2C11969%2C12010%2C12021%2C12141%2C12171%2C12180%2C12186%2C12213%2C12218%2C12247%2C12256%2C12296%2C12369%2C12380%2C12421%2C12430%2C12444%2C12449%2C12491%2C12502%2C12512-12513%2C12516%2C12571%2C12592%2C12596%2C12610%2C12623%0A/trunk/qmmp:9936%2C9953%2C9959%2C10009%2C10041%2C10049%2C10066%2C10070%2C10073%2C10076%2C10079%2C10084%2C10096%2C10108%2C10114%2C10145%2C10148%2C10151%2C10180%2C10186%2C10199%2C10204%2C10208%2C10216%2C10232%2C10235%2C10243%2C10247%2C10279%2C10283%2C10288-10289%2C10292%2C10294%2C10299%2C10306%2C10334%2C10369%2C10374%2C10379%2C10383%2C10388%2C10392%2C10398%2C10405%2C10411%2C10417%2C10459%2C10465%2C10474%2C10476%2C10478%2C10482-10483%2C10487-10489%2C10491%2C10494%2C10535%2C10561-10562%2C10565-10566%2C10578%2C10580-10581%2C10590%2C10600%2C10604%2C11664%2C11669%2C11681%2C11683%2C11698%2C11702-11703%2C11707%2C11740%2C11754%2C11757%2C11763%2C11776%2C11781%2C11783%2C11785%2C11787%2C11789%2C11791-11793%2C11810%2C11814%2C11816%2C11821%2C11823%2C11827-11828%2C11830%2C11856%2C11858%2C11868%2C11880%2C11922%2C11924%2C11955%2C11959%2C11963%2C11966%2C11974%2C11977%2C11986%2C11990%2C11992%2C11997-11998%2C12002%2C12043%2C12046%2C12049%2C12052%2C12056%2C12067-12069%2C12072%2C12082%2C12085%2C12087-12088%2C12100%2C12104%2C12150%2C12156%2C12168%2C12173%2C12176%2C12182%2C12189%2C12195%2C12215%2C12246%2C12249%2C12258%2C12282%2C12289%2C12315-12316%2C12376%2C12394%2C12401%2C12415-12416%2C12436%2C12440%2C12446%2C12455%2C12474%2C12477%2C12480%2C12487%2C12495-12497%2C12508%2C12527%2C12567-12568%2C12602%2C12679-12680%2C12684%2C12690%2C12701%2C12731%2C12775-12776%2C12784%2C12795%2C12807%2C12817%2C12834%2C12854
r12865
r12866
r12876
  +dir_prop: branches/qmmp-1.7 svn:mergeinfo /branches/qmmp-0.10:7522%0A/branches/qmmp-0.11:7919%0A/branches/qmmp-0.12:7828%2C7918%2C8045%2C8073-8075%2C8668%2C8705%0A/branches/qmmp-1.0:5596%0A/branches/qmmp-1.1:5819%2C5968%2C6043%2C6172%2C6233%2C6442%0A/branches/qmmp-1.2:6799%2C6945%2C6975%2C7173%2C7382%2C7520%0A/branches/qmmp-1.3:8706%2C8913%0A/branches/qmmp-1.6:10666%2C10780%2C10800%0A/branches/qmmp-2.1:11357%0A/branches/qmmp-2.2:11906%2C11969%2C12010%2C12021%2C12141%2C12171%2C12180%2C12186%2C12213%2C12218%2C12247%2C12256%2C12296%2C12369%2C12380%2C12421%2C12430%2C12444%2C12449%2C12491%2C12502%2C12512-12513%2C12516%2C12571%2C12592%2C12596%2C12610%2C12623%0A/trunk/qmmp:9936%2C9953%2C9959%2C10009%2C10041%2C10049%2C10066%2C10070%2C10073%2C10076%2C10079%2C10084%2C10096%2C10108%2C10114%2C10145%2C10148%2C10151%2C10180%2C10186%2C10199%2C10204%2C10208%2C10216%2C10232%2C10235%2C10243%2C10247%2C10279%2C10283%2C10288-10289%2C10292%2C10294%2C10299%2C10306%2C10334%2C10369%2C10374%2C10379%2C10383%2C10388%2C10392%2C10398%2C10405%2C10411%2C10417%2C10459%2C10465%2C10474%2C10476%2C10478%2C10482-10483%2C10487-10489%2C10491%2C10494%2C10535%2C10561-10562%2C10565-10566%2C10578%2C10580-10581%2C10590%2C10600%2C10604%2C11664%2C11669%2C11681%2C11683%2C11698%2C11702-11703%2C11707%2C11740%2C11754%2C11757%2C11763%2C11776%2C11781%2C11783%2C11785%2C11787%2C11789%2C11791-11793%2C11810%2C11814%2C11816%2C11821%2C11823%2C11827-11828%2C11830%2C11856%2C11858%2C11868%2C11880%2C11922%2C11924%2C11955%2C11959%2C11963%2C11966%2C11974%2C11977%2C11986%2C11990%2C11992%2C11997-11998%2C12002%2C12043%2C12046%2C12049%2C12052%2C12056%2C12067-12069%2C12072%2C12082%2C12085%2C12087-12088%2C12100%2C12104%2C12150%2C12156%2C12168%2C12173%2C12176%2C12182%2C12189%2C12195%2C12215%2C12246%2C12249%2C12258%2C12282%2C12289%2C12315-12316%2C12376%2C12394%2C12401%2C12415-12416%2C12436%2C12440%2C12446%2C12455%2C12474%2C12477%2C12480%2C12487%2C12495-12497%2C12508%2C12527%2C12567-12568%2C12602%2C12679-12680%2C12684%2C12690%2C12701%2C12731%2C12775-12776%2C12784%2C12795%2C12807%2C12817%2C12834%2C12854%2C12873-12874
r12880
  +dir_prop: branches/qmmp-1.7 svn:mergeinfo /branches/qmmp-0.10:7522%0A/branches/qmmp-0.11:7919%0A/branches/qmmp-0.12:7828%2C7918%2C8045%2C8073-8075%2C8668%2C8705%0A/branches/qmmp-1.0:5596%0A/branches/qmmp-1.1:5819%2C5968%2C6043%2C6172%2C6233%2C6442%0A/branches/qmmp-1.2:6799%2C6945%2C6975%2C7173%2C7382%2C7520%0A/branches/qmmp-1.3:8706%2C8913%0A/branches/qmmp-1.6:10666%2C10780%2C10800%0A/branches/qmmp-2.1:11357%0A/branches/qmmp-2.2:11906%2C11969%2C12010%2C12021%2C12141%2C12171%2C12180%2C12186%2C12213%2C12218%2C12247%2C12256%2C12296%2C12369%2C12380%2C12421%2C12430%2C12444%2C12449%2C12491%2C12502%2C12512-12513%2C12516%2C12571%2C12592%2C12596%2C12610%2C12623%0A/trunk/qmmp:9936%2C9953%2C9959%2C10009%2C10041%2C10049%2C10066%2C10070%2C10073%2C10076%2C10079%2C10084%2C10096%2C10108%2C10114%2C10145%2C10148%2C10151%2C10180%2C10186%2C10199%2C10204%2C10208%2C10216%2C10232%2C10235%2C10243%2C10247%2C10279%2C10283%2C10288-10289%2C10292%2C10294%2C10299%2C10306%2C10334%2C10369%2C10374%2C10379%2C10383%2C10388%2C10392%2C10398%2C10405%2C10411%2C10417%2C10459%2C10465%2C10474%2C10476%2C10478%2C10482-10483%2C10487-10489%2C10491%2C10494%2C10535%2C10561-10562%2C10565-10566%2C10578%2C10580-10581%2C10590%2C10600%2C10604%2C11664%2C11669%2C11681%2C11683%2C11698%2C11702-11703%2C11707%2C11740%2C11754%2C11757%2C11763%2C11776%2C11781%2C11783%2C11785%2C11787%2C11789%2C11791-11793%2C11810%2C11814%2C11816%2C11821%2C11823%2C11827-11828%2C11830%2C11856%2C11858%2C11868%2C11880%2C11922%2C11924%2C11955%2C11959%2C11963%2C11966%2C11974%2C11977%2C11986%2C11990%2C11992%2C11997-11998%2C12002%2C12043%2C12046%2C12049%2C12052%2C12056%2C12067-12069%2C12072%2C12082%2C12085%2C12087-12088%2C12100%2C12104%2C12150%2C12156%2C12168%2C12173%2C12176%2C12182%2C12189%2C12195%2C12215%2C12246%2C12249%2C12258%2C12282%2C12289%2C12315-12316%2C12376%2C12394%2C12401%2C12415-12416%2C12436%2C12440%2C12446%2C12455%2C12474%2C12477%2C12480%2C12487%2C12495-12497%2C12508%2C12527%2C12567-12568%2C12602%2C12679-12680%2C12684%2C12690%2C12701%2C12731%2C12775-12776%2C12784%2C12795%2C12807%2C12817%2C12834%2C12854%2C12873-12874%2C12878
r12890
  +dir_prop: branches/qmmp-1.7 svn:mergeinfo /branches/qmmp-0.10:7522%0A/branches/qmmp-0.11:7919%0A/branches/qmmp-0.12:7828%2C7918%2C8045%2C8073-8075%2C8668%2C8705%0A/branches/qmmp-1.0:5596%0A/branches/qmmp-1.1:5819%2C5968%2C6043%2C6172%2C6233%2C6442%0A/branches/qmmp-1.2:6799%2C6945%2C6975%2C7173%2C7382%2C7520%0A/branches/qmmp-1.3:8706%2C8913%0A/branches/qmmp-1.6:10666%2C10780%2C10800%0A/branches/qmmp-2.1:11357%0A/branches/qmmp-2.2:11906%2C11969%2C12010%2C12021%2C12141%2C12171%2C12180%2C12186%2C12213%2C12218%2C12247%2C12256%2C12296%2C12369%2C12380%2C12421%2C12430%2C12444%2C12449%2C12491%2C12502%2C12512-12513%2C12516%2C12571%2C12592%2C12596%2C12610%2C12623%0A/branches/qmmp-2.3:12889%0A/trunk/qmmp:9936%2C9953%2C9959%2C10009%2C10041%2C10049%2C10066%2C10070%2C10073%2C10076%2C10079%2C10084%2C10096%2C10108%2C10114%2C10145%2C10148%2C10151%2C10180%2C10186%2C10199%2C10204%2C10208%2C10216%2C10232%2C10235%2C10243%2C10247%2C10279%2C10283%2C10288-10289%2C10292%2C10294%2C10299%2C10306%2C10334%2C10369%2C10374%2C10379%2C10383%2C10388%2C10392%2C10398%2C10405%2C10411%2C10417%2C10459%2C10465%2C10474%2C10476%2C10478%2C10482-10483%2C10487-10489%2C10491%2C10494%2C10535%2C10561-10562%2C10565-10566%2C10578%2C10580-10581%2C10590%2C10600%2C10604%2C11664%2C11669%2C11681%2C11683%2C11698%2C11702-11703%2C11707%2C11740%2C11754%2C11757%2C11763%2C11776%2C11781%2C11783%2C11785%2C11787%2C11789%2C11791-11793%2C11810%2C11814%2C11816%2C11821%2C11823%2C11827-11828%2C11830%2C11856%2C11858%2C11868%2C11880%2C11922%2C11924%2C11955%2C11959%2C11963%2C11966%2C11974%2C11977%2C11986%2C11990%2C11992%2C11997-11998%2C12002%2C12043%2C12046%2C12049%2C12052%2C12056%2C12067-12069%2C12072%2C12082%2C12085%2C12087-12088%2C12100%2C12104%2C12150%2C12156%2C12168%2C12173%2C12176%2C12182%2C12189%2C12195%2C12215%2C12246%2C12249%2C12258%2C12282%2C12289%2C12315-12316%2C12376%2C12394%2C12401%2C12415-12416%2C12436%2C12440%2C12446%2C12455%2C12474%2C12477%2C12480%2C12487%2C12495-12497%2C12508%2C12527%2C12567-12568%2C12602%2C12679-12680%2C12684%2C12690%2C12701%2C12731%2C12775-12776%2C12784%2C12795%2C12807%2C12817%2C12834%2C12854%2C12873-12874%2C12878
r12899
  +dir_prop: branches/qmmp-1.7 svn:mergeinfo /branches/qmmp-0.10:7522%0A/branches/qmmp-0.11:7919%0A/branches/qmmp-0.12:7828%2C7918%2C8045%2C8073-8075%2C8668%2C8705%0A/branches/qmmp-1.0:5596%0A/branches/qmmp-1.1:5819%2C5968%2C6043%2C6172%2C6233%2C6442%0A/branches/qmmp-1.2:6799%2C6945%2C6975%2C7173%2C7382%2C7520%0A/branches/qmmp-1.3:8706%2C8913%0A/branches/qmmp-1.6:10666%2C10780%2C10800%0A/branches/qmmp-2.1:11357%0A/branches/qmmp-2.2:11906%2C11969%2C12010%2C12021%2C12141%2C12171%2C12180%2C12186%2C12213%2C12218%2C12247%2C12256%2C12296%2C12369%2C12380%2C12421%2C12430%2C12444%2C12449%2C12491%2C12502%2C12512-12513%2C12516%2C12571%2C12592%2C12596%2C12610%2C12623%0A/branches/qmmp-2.3:12889%0A/trunk/qmmp:9936%2C9953%2C9959%2C10009%2C10041%2C10049%2C10066%2C10070%2C10073%2C10076%2C10079%2C10084%2C10096%2C10108%2C10114%2C10145%2C10148%2C10151%2C10180%2C10186%2C10199%2C10204%2C10208%2C10216%2C10232%2C10235%2C10243%2C10247%2C10279%2C10283%2C10288-10289%2C10292%2C10294%2C10299%2C10306%2C10334%2C10369%2C10374%2C10379%2C10383%2C10388%2C10392%2C10398%2C10405%2C10411%2C10417%2C10459%2C10465%2C10474%2C10476%2C10478%2C10482-10483%2C10487-10489%2C10491%2C10494%2C10535%2C10561-10562%2C10565-10566%2C10578%2C10580-10581%2C10590%2C10600%2C10604%2C11664%2C11669%2C11681%2C11683%2C11698%2C11702-11703%2C11707%2C11740%2C11754%2C11757%2C11763%2C11776%2C11781%2C11783%2C11785%2C11787%2C11789%2C11791-11793%2C11810%2C11814%2C11816%2C11821%2C11823%2C11827-11828%2C11830%2C11856%2C11858%2C11868%2C11880%2C11922%2C11924%2C11955%2C11959%2C11963%2C11966%2C11974%2C11977%2C11986%2C11990%2C11992%2C11997-11998%2C12002%2C12043%2C12046%2C12049%2C12052%2C12056%2C12067-12069%2C12072%2C12082%2C12085%2C12087-12088%2C12100%2C12104%2C12150%2C12156%2C12168%2C12173%2C12176%2C12182%2C12189%2C12195%2C12215%2C12246%2C12249%2C12258%2C12282%2C12289%2C12315-12316%2C12376%2C12394%2C12401%2C12415-12416%2C12436%2C12440%2C12446%2C12455%2C12474%2C12477%2C12480%2C12487%2C12495-12497%2C12508%2C12527%2C12567-12568%2C12602%2C12679-12680%2C12684%2C12690%2C12701%2C12731%2C12775-12776%2C12784%2C12795%2C12807%2C12817%2C12834%2C12854%2C12873-12874%2C12878%2C12897
r12901
  +dir_prop: branches/qmmp-1.7 svn:mergeinfo /branches/qmmp-0.10:7522%0A/branches/qmmp-0.11:7919%0A/branches/qmmp-0.12:7828%2C7918%2C8045%2C8073-8075%2C8668%2C8705%0A/branches/qmmp-1.0:5596%0A/branches/qmmp-1.1:5819%2C5968%2C6043%2C6172%2C6233%2C6442%0A/branches/qmmp-1.2:6799%2C6945%2C6975%2C7173%2C7382%2C7520%0A/branches/qmmp-1.3:8706%2C8913%0A/branches/qmmp-1.6:10666%2C10780%2C10800%0A/branches/qmmp-2.1:11357%0A/branches/qmmp-2.2:11906%2C11969%2C12010%2C12021%2C12141%2C12171%2C12180%2C12186%2C12213%2C12218%2C12247%2C12256%2C12296%2C12369%2C12380%2C12421%2C12430%2C12444%2C12449%2C12491%2C12502%2C12512-12513%2C12516%2C12571%2C12592%2C12596%2C12610%2C12623%0A/branches/qmmp-2.3:12889%2C12900%0A/trunk/qmmp:9936%2C9953%2C9959%2C10009%2C10041%2C10049%2C10066%2C10070%2C10073%2C10076%2C10079%2C10084%2C10096%2C10108%2C10114%2C10145%2C10148%2C10151%2C10180%2C10186%2C10199%2C10204%2C10208%2C10216%2C10232%2C10235%2C10243%2C10247%2C10279%2C10283%2C10288-10289%2C10292%2C10294%2C10299%2C10306%2C10334%2C10369%2C10374%2C10379%2C10383%2C10388%2C10392%2C10398%2C10405%2C10411%2C10417%2C10459%2C10465%2C10474%2C10476%2C10478%2C10482-10483%2C10487-10489%2C10491%2C10494%2C10535%2C10561-10562%2C10565-10566%2C10578%2C10580-10581%2C10590%2C10600%2C10604%2C11664%2C11669%2C11681%2C11683%2C11698%2C11702-11703%2C11707%2C11740%2C11754%2C11757%2C11763%2C11776%2C11781%2C11783%2C11785%2C11787%2C11789%2C11791-11793%2C11810%2C11814%2C11816%2C11821%2C11823%2C11827-11828%2C11830%2C11856%2C11858%2C11868%2C11880%2C11922%2C11924%2C11955%2C11959%2C11963%2C11966%2C11974%2C11977%2C11986%2C11990%2C11992%2C11997-11998%2C12002%2C12043%2C12046%2C12049%2C12052%2C12056%2C12067-12069%2C12072%2C12082%2C12085%2C12087-12088%2C12100%2C12104%2C12150%2C12156%2C12168%2C12173%2C12176%2C12182%2C12189%2C12195%2C12215%2C12246%2C12249%2C12258%2C12282%2C12289%2C12315-12316%2C12376%2C12394%2C12401%2C12415-12416%2C12436%2C12440%2C12446%2C12455%2C12474%2C12477%2C12480%2C12487%2C12495-12497%2C12508%2C12527%2C12567-12568%2C12602%2C12679-12680%2C12684%2C12690%2C12701%2C12731%2C12775-12776%2C12784%2C12795%2C12807%2C12817%2C12834%2C12854%2C12873-12874%2C12878%2C12897
r12904
  +dir_prop: branches/qmmp-1.7 svn:mergeinfo /branches/qmmp-0.10:7522%0A/branches/qmmp-0.11:7919%0A/branches/qmmp-0.12:7828%2C7918%2C8045%2C8073-8075%2C8668%2C8705%0A/branches/qmmp-1.0:5596%0A/branches/qmmp-1.1:5819%2C5968%2C6043%2C6172%2C6233%2C6442%0A/branches/qmmp-1.2:6799%2C6945%2C6975%2C7173%2C7382%2C7520%0A/branches/qmmp-1.3:8706%2C8913%0A/branches/qmmp-1.6:10666%2C10780%2C10800%0A/branches/qmmp-2.1:11357%0A/branches/qmmp-2.2:11906%2C11969%2C12010%2C12021%2C12141%2C12171%2C12180%2C12186%2C12213%2C12218%2C12247%2C12256%2C12296%2C12369%2C12380%2C12421%2C12430%2C12444%2C12449%2C12491%2C12502%2C12512-12513%2C12516%2C12571%2C12592%2C12596%2C12610%2C12623%0A/branches/qmmp-2.3:12889%2C12900%0A/trunk/qmmp:9936%2C9953%2C9959%2C10009%2C10041%2C10049%2C10066%2C10070%2C10073%2C10076%2C10079%2C10084%2C10096%2C10108%2C10114%2C10145%2C10148%2C10151%2C10180%2C10186%2C10199%2C10204%2C10208%2C10216%2C10232%2C10235%2C10243%2C10247%2C10279%2C10283%2C10288-10289%2C10292%2C10294%2C10299%2C10306%2C10334%2C10369%2C10374%2C10379%2C10383%2C10388%2C10392%2C10398%2C10405%2C10411%2C10417%2C10459%2C10465%2C10474%2C10476%2C10478%2C10482-10483%2C10487-10489%2C10491%2C10494%2C10535%2C10561-10562%2C10565-10566%2C10578%2C10580-10581%2C10590%2C10600%2C10604%2C11664%2C11669%2C11681%2C11683%2C11698%2C11702-11703%2C11707%2C11740%2C11754%2C11757%2C11763%2C11776%2C11781%2C11783%2C11785%2C11787%2C11789%2C11791-11793%2C11810%2C11814%2C11816%2C11821%2C11823%2C11827-11828%2C11830%2C11856%2C11858%2C11868%2C11880%2C11922%2C11924%2C11955%2C11959%2C11963%2C11966%2C11974%2C11977%2C11986%2C11990%2C11992%2C11997-11998%2C12002%2C12043%2C12046%2C12049%2C12052%2C12056%2C12067-12069%2C12072%2C12082%2C12085%2C12087-12088%2C12100%2C12104%2C12150%2C12156%2C12168%2C12173%2C12176%2C12182%2C12189%2C12195%2C12215%2C12246%2C12249%2C12258%2C12282%2C12289%2C12315-12316%2C12376%2C12394%2C12401%2C12415-12416%2C12436%2C12440%2C12446%2C12455%2C12474%2C12477%2C12480%2C12487%2C12495-12497%2C12508%2C12527%2C12567-12568%2C12602%2C12679-12680%2C12684%2C12690%2C12701%2C12731%2C12775-12776%2C12784%2C12795%2C12807%2C12817%2C12834%2C12854%2C12873-12874%2C12878%2C12897%2C12902
r12910
  +dir_prop: branches/qmmp-1.7 svn:mergeinfo /branches/qmmp-0.10:7522%0A/branches/qmmp-0.11:7919%0A/branches/qmmp-0.12:7828%2C7918%2C8045%2C8073-8075%2C8668%2C8705%0A/branches/qmmp-1.0:5596%0A/branches/qmmp-1.1:5819%2C5968%2C6043%2C6172%2C6233%2C6442%0A/branches/qmmp-1.2:6799%2C6945%2C6975%2C7173%2C7382%2C7520%0A/branches/qmmp-1.3:8706%2C8913%0A/branches/qmmp-1.6:10666%2C10780%2C10800%0A/branches/qmmp-2.1:11357%0A/branches/qmmp-2.2:11906%2C11969%2C12010%2C12021%2C12141%2C12171%2C12180%2C12186%2C12213%2C12218%2C12247%2C12256%2C12296%2C12369%2C12380%2C12421%2C12430%2C12444%2C12449%2C12491%2C12502%2C12512-12513%2C12516%2C12571%2C12592%2C12596%2C12610%2C12623%0A/branches/qmmp-2.3:12889%2C12900%0A/trunk/qmmp:9936%2C9953%2C9959%2C10009%2C10041%2C10049%2C10066%2C10070%2C10073%2C10076%2C10079%2C10084%2C10096%2C10108%2C10114%2C10145%2C10148%2C10151%2C10180%2C10186%2C10199%2C10204%2C10208%2C10216%2C10232%2C10235%2C10243%2C10247%2C10279%2C10283%2C10288-10289%2C10292%2C10294%2C10299%2C10306%2C10334%2C10369%2C10374%2C10379%2C10383%2C10388%2C10392%2C10398%2C10405%2C10411%2C10417%2C10459%2C10465%2C10474%2C10476%2C10478%2C10482-10483%2C10487-10489%2C10491%2C10494%2C10535%2C10561-10562%2C10565-10566%2C10578%2C10580-10581%2C10590%2C10600%2C10604%2C11664%2C11669%2C11681%2C11683%2C11698%2C11702-11703%2C11707%2C11740%2C11754%2C11757%2C11763%2C11776%2C11781%2C11783%2C11785%2C11787%2C11789%2C11791-11793%2C11810%2C11814%2C11816%2C11821%2C11823%2C11827-11828%2C11830%2C11856%2C11858%2C11868%2C11880%2C11922%2C11924%2C11955%2C11959%2C11963%2C11966%2C11974%2C11977%2C11986%2C11990%2C11992%2C11997-11998%2C12002%2C12043%2C12046%2C12049%2C12052%2C12056%2C12067-12069%2C12072%2C12082%2C12085%2C12087-12088%2C12100%2C12104%2C12150%2C12156%2C12168%2C12173%2C12176%2C12182%2C12189%2C12195%2C12215%2C12246%2C12249%2C12258%2C12282%2C12289%2C12315-12316%2C12376%2C12394%2C12401%2C12415-12416%2C12436%2C12440%2C12446%2C12455%2C12474%2C12477%2C12480%2C12487%2C12495-12497%2C12508%2C12527%2C12567-12568%2C12602%2C12679-12680%2C12684%2C12690%2C12701%2C12731%2C12775-12776%2C12784%2C12795%2C12807%2C12817%2C12834%2C12854%2C12873-12874%2C12878%2C12897%2C12902%2C12908
r12913
r12916
r12921
  +dir_prop: branches/qmmp-1.7 svn:mergeinfo /branches/qmmp-0.10:7522%0A/branches/qmmp-0.11:7919%0A/branches/qmmp-0.12:7828%2C7918%2C8045%2C8073-8075%2C8668%2C8705%0A/branches/qmmp-1.0:5596%0A/branches/qmmp-1.1:5819%2C5968%2C6043%2C6172%2C6233%2C6442%0A/branches/qmmp-1.2:6799%2C6945%2C6975%2C7173%2C7382%2C7520%0A/branches/qmmp-1.3:8706%2C8913%0A/branches/qmmp-1.6:10666%2C10780%2C10800%0A/branches/qmmp-2.1:11357%0A/branches/qmmp-2.2:11906%2C11969%2C12010%2C12021%2C12141%2C12171%2C12180%2C12186%2C12213%2C12218%2C12247%2C12256%2C12296%2C12369%2C12380%2C12421%2C12430%2C12444%2C12449%2C12491%2C12502%2C12512-12513%2C12516%2C12571%2C12592%2C12596%2C12610%2C12623%0A/branches/qmmp-2.3:12889%2C12900%2C12920%0A/trunk/qmmp:9936%2C9953%2C9959%2C10009%2C10041%2C10049%2C10066%2C10070%2C10073%2C10076%2C10079%2C10084%2C10096%2C10108%2C10114%2C10145%2C10148%2C10151%2C10180%2C10186%2C10199%2C10204%2C10208%2C10216%2C10232%2C10235%2C10243%2C10247%2C10279%2C10283%2C10288-10289%2C10292%2C10294%2C10299%2C10306%2C10334%2C10369%2C10374%2C10379%2C10383%2C10388%2C10392%2C10398%2C10405%2C10411%2C10417%2C10459%2C10465%2C10474%2C10476%2C10478%2C10482-10483%2C10487-10489%2C10491%2C10494%2C10535%2C10561-10562%2C10565-10566%2C10578%2C10580-10581%2C10590%2C10600%2C10604%2C11664%2C11669%2C11681%2C11683%2C11698%2C11702-11703%2C11707%2C11740%2C11754%2C11757%2C11763%2C11776%2C11781%2C11783%2C11785%2C11787%2C11789%2C11791-11793%2C11810%2C11814%2C11816%2C11821%2C11823%2C11827-11828%2C11830%2C11856%2C11858%2C11868%2C11880%2C11922%2C11924%2C11955%2C11959%2C11963%2C11966%2C11974%2C11977%2C11986%2C11990%2C11992%2C11997-11998%2C12002%2C12043%2C12046%2C12049%2C12052%2C12056%2C12067-12069%2C12072%2C12082%2C12085%2C12087-12088%2C12100%2C12104%2C12150%2C12156%2C12168%2C12173%2C12176%2C12182%2C12189%2C12195%2C12215%2C12246%2C12249%2C12258%2C12282%2C12289%2C12315-12316%2C12376%2C12394%2C12401%2C12415-12416%2C12436%2C12440%2C12446%2C12455%2C12474%2C12477%2C12480%2C12487%2C12495-12497%2C12508%2C12527%2C12567-12568%2C12602%2C12679-12680%2C12684%2C12690%2C12701%2C12731%2C12775-12776%2C12784%2C12795%2C12807%2C12817%2C12834%2C12854%2C12873-12874%2C12878%2C12897%2C12902%2C12908
r12932
  +dir_prop: branches/qmmp-1.7 svn:mergeinfo /branches/qmmp-0.10:7522%0A/branches/qmmp-0.11:7919%0A/branches/qmmp-0.12:7828%2C7918%2C8045%2C8073-8075%2C8668%2C8705%0A/branches/qmmp-1.0:5596%0A/branches/qmmp-1.1:5819%2C5968%2C6043%2C6172%2C6233%2C6442%0A/branches/qmmp-1.2:6799%2C6945%2C6975%2C7173%2C7382%2C7520%0A/branches/qmmp-1.3:8706%2C8913%0A/branches/qmmp-1.6:10666%2C10780%2C10800%0A/branches/qmmp-2.1:11357%0A/branches/qmmp-2.2:11906%2C11969%2C12010%2C12021%2C12141%2C12171%2C12180%2C12186%2C12213%2C12218%2C12247%2C12256%2C12296%2C12369%2C12380%2C12421%2C12430%2C12444%2C12449%2C12491%2C12502%2C12512-12513%2C12516%2C12571%2C12592%2C12596%2C12610%2C12623%0A/branches/qmmp-2.3:12889%2C12900%2C12920%2C12931%0A/trunk/qmmp:9936%2C9953%2C9959%2C10009%2C10041%2C10049%2C10066%2C10070%2C10073%2C10076%2C10079%2C10084%2C10096%2C10108%2C10114%2C10145%2C10148%2C10151%2C10180%2C10186%2C10199%2C10204%2C10208%2C10216%2C10232%2C10235%2C10243%2C10247%2C10279%2C10283%2C10288-10289%2C10292%2C10294%2C10299%2C10306%2C10334%2C10369%2C10374%2C10379%2C10383%2C10388%2C10392%2C10398%2C10405%2C10411%2C10417%2C10459%2C10465%2C10474%2C10476%2C10478%2C10482-10483%2C10487-10489%2C10491%2C10494%2C10535%2C10561-10562%2C10565-10566%2C10578%2C10580-10581%2C10590%2C10600%2C10604%2C11664%2C11669%2C11681%2C11683%2C11698%2C11702-11703%2C11707%2C11740%2C11754%2C11757%2C11763%2C11776%2C11781%2C11783%2C11785%2C11787%2C11789%2C11791-11793%2C11810%2C11814%2C11816%2C11821%2C11823%2C11827-11828%2C11830%2C11856%2C11858%2C11868%2C11880%2C11922%2C11924%2C11955%2C11959%2C11963%2C11966%2C11974%2C11977%2C11986%2C11990%2C11992%2C11997-11998%2C12002%2C12043%2C12046%2C12049%2C12052%2C12056%2C12067-12069%2C12072%2C12082%2C12085%2C12087-12088%2C12100%2C12104%2C12150%2C12156%2C12168%2C12173%2C12176%2C12182%2C12189%2C12195%2C12215%2C12246%2C12249%2C12258%2C12282%2C12289%2C12315-12316%2C12376%2C12394%2C12401%2C12415-12416%2C12436%2C12440%2C12446%2C12455%2C12474%2C12477%2C12480%2C12487%2C12495-12497%2C12508%2C12527%2C12567-12568%2C12602%2C12679-12680%2C12684%2C12690%2C12701%2C12731%2C12775-12776%2C12784%2C12795%2C12807%2C12817%2C12834%2C12854%2C12873-12874%2C12878%2C12897%2C12902%2C12908
r12935
  +dir_prop: branches/qmmp-1.7 svn:mergeinfo /branches/qmmp-0.10:7522%0A/branches/qmmp-0.11:7919%0A/branches/qmmp-0.12:7828%2C7918%2C8045%2C8073-8075%2C8668%2C8705%0A/branches/qmmp-1.0:5596%0A/branches/qmmp-1.1:5819%2C5968%2C6043%2C6172%2C6233%2C6442%0A/branches/qmmp-1.2:6799%2C6945%2C6975%2C7173%2C7382%2C7520%0A/branches/qmmp-1.3:8706%2C8913%0A/branches/qmmp-1.6:10666%2C10780%2C10800%0A/branches/qmmp-2.1:11357%0A/branches/qmmp-2.2:11906%2C11969%2C12010%2C12021%2C12141%2C12171%2C12180%2C12186%2C12213%2C12218%2C12247%2C12256%2C12296%2C12369%2C12380%2C12421%2C12430%2C12444%2C12449%2C12491%2C12502%2C12512-12513%2C12516%2C12571%2C12592%2C12596%2C12610%2C12623%0A/branches/qmmp-2.3:12889%2C12900%2C12920%2C12931%2C12934%0A/trunk/qmmp:9936%2C9953%2C9959%2C10009%2C10041%2C10049%2C10066%2C10070%2C10073%2C10076%2C10079%2C10084%2C10096%2C10108%2C10114%2C10145%2C10148%2C10151%2C10180%2C10186%2C10199%2C10204%2C10208%2C10216%2C10232%2C10235%2C10243%2C10247%2C10279%2C10283%2C10288-10289%2C10292%2C10294%2C10299%2C10306%2C10334%2C10369%2C10374%2C10379%2C10383%2C10388%2C10392%2C10398%2C10405%2C10411%2C10417%2C10459%2C10465%2C10474%2C10476%2C10478%2C10482-10483%2C10487-10489%2C10491%2C10494%2C10535%2C10561-10562%2C10565-10566%2C10578%2C10580-10581%2C10590%2C10600%2C10604%2C11664%2C11669%2C11681%2C11683%2C11698%2C11702-11703%2C11707%2C11740%2C11754%2C11757%2C11763%2C11776%2C11781%2C11783%2C11785%2C11787%2C11789%2C11791-11793%2C11810%2C11814%2C11816%2C11821%2C11823%2C11827-11828%2C11830%2C11856%2C11858%2C11868%2C11880%2C11922%2C11924%2C11955%2C11959%2C11963%2C11966%2C11974%2C11977%2C11986%2C11990%2C11992%2C11997-11998%2C12002%2C12043%2C12046%2C12049%2C12052%2C12056%2C12067-12069%2C12072%2C12082%2C12085%2C12087-12088%2C12100%2C12104%2C12150%2C12156%2C12168%2C12173%2C12176%2C12182%2C12189%2C12195%2C12215%2C12246%2C12249%2C12258%2C12282%2C12289%2C12315-12316%2C12376%2C12394%2C12401%2C12415-12416%2C12436%2C12440%2C12446%2C12455%2C12474%2C12477%2C12480%2C12487%2C12495-12497%2C12508%2C12527%2C12567-12568%2C12602%2C12679-12680%2C12684%2C12690%2C12701%2C12731%2C12775-12776%2C12784%2C12795%2C12807%2C12817%2C12834%2C12854%2C12873-12874%2C12878%2C12897%2C12902%2C12908
r12953
  +dir_prop: branches/qmmp-1.7 svn:mergeinfo /branches/qmmp-0.10:7522%0A/branches/qmmp-0.11:7919%0A/branches/qmmp-0.12:7828%2C7918%2C8045%2C8073-8075%2C8668%2C8705%0A/branches/qmmp-1.0:5596%0A/branches/qmmp-1.1:5819%2C5968%2C6043%2C6172%2C6233%2C6442%0A/branches/qmmp-1.2:6799%2C6945%2C6975%2C7173%2C7382%2C7520%0A/branches/qmmp-1.3:8706%2C8913%0A/branches/qmmp-1.6:10666%2C10780%2C10800%0A/branches/qmmp-2.1:11357%0A/branches/qmmp-2.2:11906%2C11969%2C12010%2C12021%2C12141%2C12171%2C12180%2C12186%2C12213%2C12218%2C12247%2C12256%2C12296%2C12369%2C12380%2C12421%2C12430%2C12444%2C12449%2C12491%2C12502%2C12512-12513%2C12516%2C12571%2C12592%2C12596%2C12610%2C12623%0A/branches/qmmp-2.3:12889%2C12900%2C12920%2C12931%2C12934%0A/trunk/qmmp:9936%2C9953%2C9959%2C10009%2C10041%2C10049%2C10066%2C10070%2C10073%2C10076%2C10079%2C10084%2C10096%2C10108%2C10114%2C10145%2C10148%2C10151%2C10180%2C10186%2C10199%2C10204%2C10208%2C10216%2C10232%2C10235%2C10243%2C10247%2C10279%2C10283%2C10288-10289%2C10292%2C10294%2C10299%2C10306%2C10334%2C10369%2C10374%2C10379%2C10383%2C10388%2C10392%2C10398%2C10405%2C10411%2C10417%2C10459%2C10465%2C10474%2C10476%2C10478%2C10482-10483%2C10487-10489%2C10491%2C10494%2C10535%2C10561-10562%2C10565-10566%2C10578%2C10580-10581%2C10590%2C10600%2C10604%2C11664%2C11669%2C11681%2C11683%2C11698%2C11702-11703%2C11707%2C11740%2C11754%2C11757%2C11763%2C11776%2C11781%2C11783%2C11785%2C11787%2C11789%2C11791-11793%2C11810%2C11814%2C11816%2C11821%2C11823%2C11827-11828%2C11830%2C11856%2C11858%2C11868%2C11880%2C11922%2C11924%2C11955%2C11959%2C11963%2C11966%2C11974%2C11977%2C11986%2C11990%2C11992%2C11997-11998%2C12002%2C12043%2C12046%2C12049%2C12052%2C12056%2C12067-12069%2C12072%2C12082%2C12085%2C12087-12088%2C12100%2C12104%2C12150%2C12156%2C12168%2C12173%2C12176%2C12182%2C12189%2C12195%2C12215%2C12246%2C12249%2C12258%2C12282%2C12289%2C12315-12316%2C12376%2C12394%2C12401%2C12415-12416%2C12436%2C12440%2C12446%2C12455%2C12474%2C12477%2C12480%2C12487%2C12495-12497%2C12508%2C12527%2C12567-12568%2C12602%2C12679-12680%2C12684%2C12690%2C12701%2C12731%2C12775-12776%2C12784%2C12795%2C12807%2C12817%2C12834%2C12854%2C12873-12874%2C12878%2C12897%2C12902%2C12908%2C12950
r12958
  +dir_prop: branches/qmmp-1.7 svn:mergeinfo /branches/qmmp-0.10:7522%0A/branches/qmmp-0.11:7919%0A/branches/qmmp-0.12:7828%2C7918%2C8045%2C8073-8075%2C8668%2C8705%0A/branches/qmmp-1.0:5596%0A/branches/qmmp-1.1:5819%2C5968%2C6043%2C6172%2C6233%2C6442%0A/branches/qmmp-1.2:6799%2C6945%2C6975%2C7173%2C7382%2C7520%0A/branches/qmmp-1.3:8706%2C8913%0A/branches/qmmp-1.6:10666%2C10780%2C10800%0A/branches/qmmp-2.1:11357%0A/branches/qmmp-2.2:11906%2C11969%2C12010%2C12021%2C12141%2C12171%2C12180%2C12186%2C12213%2C12218%2C12247%2C12256%2C12296%2C12369%2C12380%2C12421%2C12430%2C12444%2C12449%2C12491%2C12502%2C12512-12513%2C12516%2C12571%2C12592%2C12596%2C12610%2C12623%0A/branches/qmmp-2.3:12889%2C12900%2C12920%2C12931%2C12934%2C12957%0A/trunk/qmmp:9936%2C9953%2C9959%2C10009%2C10041%2C10049%2C10066%2C10070%2C10073%2C10076%2C10079%2C10084%2C10096%2C10108%2C10114%2C10145%2C10148%2C10151%2C10180%2C10186%2C10199%2C10204%2C10208%2C10216%2C10232%2C10235%2C10243%2C10247%2C10279%2C10283%2C10288-10289%2C10292%2C10294%2C10299%2C10306%2C10334%2C10369%2C10374%2C10379%2C10383%2C10388%2C10392%2C10398%2C10405%2C10411%2C10417%2C10459%2C10465%2C10474%2C10476%2C10478%2C10482-10483%2C10487-10489%2C10491%2C10494%2C10535%2C10561-10562%2C10565-10566%2C10578%2C10580-10581%2C10590%2C10600%2C10604%2C11664%2C11669%2C11681%2C11683%2C11698%2C11702-11703%2C11707%2C11740%2C11754%2C11757%2C11763%2C11776%2C11781%2C11783%2C11785%2C11787%2C11789%2C11791-11793%2C11810%2C11814%2C11816%2C11821%2C11823%2C11827-11828%2C11830%2C11856%2C11858%2C11868%2C11880%2C11922%2C11924%2C11955%2C11959%2C11963%2C11966%2C11974%2C11977%2C11986%2C11990%2C11992%2C11997-11998%2C12002%2C12043%2C12046%2C12049%2C12052%2C12056%2C12067-12069%2C12072%2C12082%2C12085%2C12087-12088%2C12100%2C12104%2C12150%2C12156%2C12168%2C12173%2C12176%2C12182%2C12189%2C12195%2C12215%2C12246%2C12249%2C12258%2C12282%2C12289%2C12315-12316%2C12376%2C12394%2C12401%2C12415-12416%2C12436%2C12440%2C12446%2C12455%2C12474%2C12477%2C12480%2C12487%2C12495-12497%2C12508%2C12527%2C12567-12568%2C12602%2C12679-12680%2C12684%2C12690%2C12701%2C12731%2C12775-12776%2C12784%2C12795%2C12807%2C12817%2C12834%2C12854%2C12873-12874%2C12878%2C12897%2C12902%2C12908%2C12950
r12976
r12997
r13002
  +dir_prop: branches/qmmp-1.7 svn:mergeinfo /branches/qmmp-0.10:7522%0A/branches/qmmp-0.11:7919%0A/branches/qmmp-0.12:7828%2C7918%2C8045%2C8073-8075%2C8668%2C8705%0A/branches/qmmp-1.0:5596%0A/branches/qmmp-1.1:5819%2C5968%2C6043%2C6172%2C6233%2C6442%0A/branches/qmmp-1.2:6799%2C6945%2C6975%2C7173%2C7382%2C7520%0A/branches/qmmp-1.3:8706%2C8913%0A/branches/qmmp-1.6:10666%2C10780%2C10800%0A/branches/qmmp-2.1:11357%0A/branches/qmmp-2.2:11906%2C11969%2C12010%2C12021%2C12141%2C12171%2C12180%2C12186%2C12213%2C12218%2C12247%2C12256%2C12296%2C12369%2C12380%2C12421%2C12430%2C12444%2C12449%2C12491%2C12502%2C12512-12513%2C12516%2C12571%2C12592%2C12596%2C12610%2C12623%0A/branches/qmmp-2.3:12889%2C12900%2C12920%2C12931%2C12934%2C12957%0A/trunk/qmmp:9936%2C9953%2C9959%2C10009%2C10041%2C10049%2C10066%2C10070%2C10073%2C10076%2C10079%2C10084%2C10096%2C10108%2C10114%2C10145%2C10148%2C10151%2C10180%2C10186%2C10199%2C10204%2C10208%2C10216%2C10232%2C10235%2C10243%2C10247%2C10279%2C10283%2C10288-10289%2C10292%2C10294%2C10299%2C10306%2C10334%2C10369%2C10374%2C10379%2C10383%2C10388%2C10392%2C10398%2C10405%2C10411%2C10417%2C10459%2C10465%2C10474%2C10476%2C10478%2C10482-10483%2C10487-10489%2C10491%2C10494%2C10535%2C10561-10562%2C10565-10566%2C10578%2C10580-10581%2C10590%2C10600%2C10604%2C11664%2C11669%2C11681%2C11683%2C11698%2C11702-11703%2C11707%2C11740%2C11754%2C11757%2C11763%2C11776%2C11781%2C11783%2C11785%2C11787%2C11789%2C11791-11793%2C11810%2C11814%2C11816%2C11821%2C11823%2C11827-11828%2C11830%2C11856%2C11858%2C11868%2C11880%2C11922%2C11924%2C11955%2C11959%2C11963%2C11966%2C11974%2C11977%2C11986%2C11990%2C11992%2C11997-11998%2C12002%2C12043%2C12046%2C12049%2C12052%2C12056%2C12067-12069%2C12072%2C12082%2C12085%2C12087-12088%2C12100%2C12104%2C12150%2C12156%2C12168%2C12173%2C12176%2C12182%2C12189%2C12195%2C12215%2C12246%2C12249%2C12258%2C12282%2C12289%2C12315-12316%2C12376%2C12394%2C12401%2C12415-12416%2C12436%2C12440%2C12446%2C12455%2C12474%2C12477%2C12480%2C12487%2C12495-12497%2C12508%2C12527%2C12567-12568%2C12602%2C12679-12680%2C12684%2C12690%2C12701%2C12731%2C12775-12776%2C12784%2C12795%2C12807%2C12817%2C12834%2C12854%2C12873-12874%2C12878%2C12897%2C12902%2C12908%2C12950%2C13000
r13051
r13060
  +dir_prop: branches/qmmp-1.7 svn:mergeinfo /branches/qmmp-0.10:7522%0A/branches/qmmp-0.11:7919%0A/branches/qmmp-0.12:7828%2C7918%2C8045%2C8073-8075%2C8668%2C8705%0A/branches/qmmp-1.0:5596%0A/branches/qmmp-1.1:5819%2C5968%2C6043%2C6172%2C6233%2C6442%0A/branches/qmmp-1.2:6799%2C6945%2C6975%2C7173%2C7382%2C7520%0A/branches/qmmp-1.3:8706%2C8913%0A/branches/qmmp-1.6:10666%2C10780%2C10800%0A/branches/qmmp-2.1:11357%0A/branches/qmmp-2.2:11906%2C11969%2C12010%2C12021%2C12141%2C12171%2C12180%2C12186%2C12213%2C12218%2C12247%2C12256%2C12296%2C12369%2C12380%2C12421%2C12430%2C12444%2C12449%2C12491%2C12502%2C12512-12513%2C12516%2C12571%2C12592%2C12596%2C12610%2C12623%0A/branches/qmmp-2.3:12889%2C12900%2C12920%2C12931%2C12934%2C12957%0A/trunk/qmmp:9936%2C9953%2C9959%2C10009%2C10041%2C10049%2C10066%2C10070%2C10073%2C10076%2C10079%2C10084%2C10096%2C10108%2C10114%2C10145%2C10148%2C10151%2C10180%2C10186%2C10199%2C10204%2C10208%2C10216%2C10232%2C10235%2C10243%2C10247%2C10279%2C10283%2C10288-10289%2C10292%2C10294%2C10299%2C10306%2C10334%2C10369%2C10374%2C10379%2C10383%2C10388%2C10392%2C10398%2C10405%2C10411%2C10417%2C10459%2C10465%2C10474%2C10476%2C10478%2C10482-10483%2C10487-10489%2C10491%2C10494%2C10535%2C10561-10562%2C10565-10566%2C10578%2C10580-10581%2C10590%2C10600%2C10604%2C11664%2C11669%2C11681%2C11683%2C11698%2C11702-11703%2C11707%2C11740%2C11754%2C11757%2C11763%2C11776%2C11781%2C11783%2C11785%2C11787%2C11789%2C11791-11793%2C11810%2C11814%2C11816%2C11821%2C11823%2C11827-11828%2C11830%2C11856%2C11858%2C11868%2C11880%2C11922%2C11924%2C11955%2C11959%2C11963%2C11966%2C11974%2C11977%2C11986%2C11990%2C11992%2C11997-11998%2C12002%2C12043%2C12046%2C12049%2C12052%2C12056%2C12067-12069%2C12072%2C12082%2C12085%2C12087-12088%2C12100%2C12104%2C12150%2C12156%2C12168%2C12173%2C12176%2C12182%2C12189%2C12195%2C12215%2C12246%2C12249%2C12258%2C12282%2C12289%2C12315-12316%2C12376%2C12394%2C12401%2C12415-12416%2C12436%2C12440%2C12446%2C12455%2C12474%2C12477%2C12480%2C12487%2C12495-12497%2C12508%2C12527%2C12567-12568%2C12602%2C12679-12680%2C12684%2C12690%2C12701%2C12731%2C12775-12776%2C12784%2C12795%2C12807%2C12817%2C12834%2C12854%2C12873-12874%2C12878%2C12897%2C12902%2C12908%2C12950%2C13000%2C13057
r13096
r13098
  +dir_prop: branches/qmmp-1.7 svn:mergeinfo /branches/qmmp-0.10:7522%0A/branches/qmmp-0.11:7919%0A/branches/qmmp-0.12:7828%2C7918%2C8045%2C8073-8075%2C8668%2C8705%0A/branches/qmmp-1.0:5596%0A/branches/qmmp-1.1:5819%2C5968%2C6043%2C6172%2C6233%2C6442%0A/branches/qmmp-1.2:6799%2C6945%2C6975%2C7173%2C7382%2C7520%0A/branches/qmmp-1.3:8706%2C8913%0A/branches/qmmp-1.6:10666%2C10780%2C10800%0A/branches/qmmp-2.1:11357%0A/branches/qmmp-2.2:11906%2C11969%2C12010%2C12021%2C12141%2C12171%2C12180%2C12186%2C12213%2C12218%2C12247%2C12256%2C12296%2C12369%2C12380%2C12421%2C12430%2C12444%2C12449%2C12491%2C12502%2C12512-12513%2C12516%2C12571%2C12592%2C12596%2C12610%2C12623%0A/branches/qmmp-2.3:12889%2C12900%2C12920%2C12931%2C12934%2C12957%2C13097%0A/trunk/qmmp:9936%2C9953%2C9959%2C10009%2C10041%2C10049%2C10066%2C10070%2C10073%2C10076%2C10079%2C10084%2C10096%2C10108%2C10114%2C10145%2C10148%2C10151%2C10180%2C10186%2C10199%2C10204%2C10208%2C10216%2C10232%2C10235%2C10243%2C10247%2C10279%2C10283%2C10288-10289%2C10292%2C10294%2C10299%2C10306%2C10334%2C10369%2C10374%2C10379%2C10383%2C10388%2C10392%2C10398%2C10405%2C10411%2C10417%2C10459%2C10465%2C10474%2C10476%2C10478%2C10482-10483%2C10487-10489%2C10491%2C10494%2C10535%2C10561-10562%2C10565-10566%2C10578%2C10580-10581%2C10590%2C10600%2C10604%2C11664%2C11669%2C11681%2C11683%2C11698%2C11702-11703%2C11707%2C11740%2C11754%2C11757%2C11763%2C11776%2C11781%2C11783%2C11785%2C11787%2C11789%2C11791-11793%2C11810%2C11814%2C11816%2C11821%2C11823%2C11827-11828%2C11830%2C11856%2C11858%2C11868%2C11880%2C11922%2C11924%2C11955%2C11959%2C11963%2C11966%2C11974%2C11977%2C11986%2C11990%2C11992%2C11997-11998%2C12002%2C12043%2C12046%2C12049%2C12052%2C12056%2C12067-12069%2C12072%2C12082%2C12085%2C12087-12088%2C12100%2C12104%2C12150%2C12156%2C12168%2C12173%2C12176%2C12182%2C12189%2C12195%2C12215%2C12246%2C12249%2C12258%2C12282%2C12289%2C12315-12316%2C12376%2C12394%2C12401%2C12415-12416%2C12436%2C12440%2C12446%2C12455%2C12474%2C12477%2C12480%2C12487%2C12495-12497%2C12508%2C12527%2C12567-12568%2C12602%2C12679-12680%2C12684%2C12690%2C12701%2C12731%2C12775-12776%2C12784%2C12795%2C12807%2C12817%2C12834%2C12854%2C12873-12874%2C12878%2C12897%2C12902%2C12908%2C12950%2C13000%2C13057%2C13090-13091%2C13094
r13103
r13109
r13130
  +dir_prop: branches/qmmp-1.7 svn:mergeinfo /branches/qmmp-0.10:7522%0A/branches/qmmp-0.11:7919%0A/branches/qmmp-0.12:7828%2C7918%2C8045%2C8073-8075%2C8668%2C8705%0A/branches/qmmp-1.0:5596%0A/branches/qmmp-1.1:5819%2C5968%2C6043%2C6172%2C6233%2C6442%0A/branches/qmmp-1.2:6799%2C6945%2C6975%2C7173%2C7382%2C7520%0A/branches/qmmp-1.3:8706%2C8913%0A/branches/qmmp-1.6:10666%2C10780%2C10800%0A/branches/qmmp-2.1:11357%0A/branches/qmmp-2.2:11906%2C11969%2C12010%2C12021%2C12141%2C12171%2C12180%2C12186%2C12213%2C12218%2C12247%2C12256%2C12296%2C12369%2C12380%2C12421%2C12430%2C12444%2C12449%2C12491%2C12502%2C12512-12513%2C12516%2C12571%2C12592%2C12596%2C12610%2C12623%0A/branches/qmmp-2.3:12889%2C12900%2C12920%2C12931%2C12934%2C12957%2C13097%0A/trunk/qmmp:9936%2C9953%2C9959%2C10009%2C10041%2C10049%2C10066%2C10070%2C10073%2C10076%2C10079%2C10084%2C10096%2C10108%2C10114%2C10145%2C10148%2C10151%2C10180%2C10186%2C10199%2C10204%2C10208%2C10216%2C10232%2C10235%2C10243%2C10247%2C10279%2C10283%2C10288-10289%2C10292%2C10294%2C10299%2C10306%2C10334%2C10369%2C10374%2C10379%2C10383%2C10388%2C10392%2C10398%2C10405%2C10411%2C10417%2C10459%2C10465%2C10474%2C10476%2C10478%2C10482-10483%2C10487-10489%2C10491%2C10494%2C10535%2C10561-10562%2C10565-10566%2C10578%2C10580-10581%2C10590%2C10600%2C10604%2C11664%2C11669%2C11681%2C11683%2C11698%2C11702-11703%2C11707%2C11740%2C11754%2C11757%2C11763%2C11776%2C11781%2C11783%2C11785%2C11787%2C11789%2C11791-11793%2C11810%2C11814%2C11816%2C11821%2C11823%2C11827-11828%2C11830%2C11856%2C11858%2C11868%2C11880%2C11922%2C11924%2C11955%2C11959%2C11963%2C11966%2C11974%2C11977%2C11986%2C11990%2C11992%2C11997-11998%2C12002%2C12043%2C12046%2C12049%2C12052%2C12056%2C12067-12069%2C12072%2C12082%2C12085%2C12087-12088%2C12100%2C12104%2C12150%2C12156%2C12168%2C12173%2C12176%2C12182%2C12189%2C12195%2C12215%2C12246%2C12249%2C12258%2C12282%2C12289%2C12315-12316%2C12376%2C12394%2C12401%2C12415-12416%2C12436%2C12440%2C12446%2C12455%2C12474%2C12477%2C12480%2C12487%2C12495-12497%2C12508%2C12527%2C12567-12568%2C12602%2C12679-12680%2C12684%2C12690%2C12701%2C12731%2C12775-12776%2C12784%2C12795%2C12807%2C12817%2C12834%2C12854%2C12873-12874%2C12878%2C12897%2C12902%2C12908%2C12950%2C13000%2C13057%2C13090-13091%2C13094%2C13127
r13135
  +dir_prop: branches/qmmp-1.7 svn:mergeinfo /branches/qmmp-0.10:7522%0A/branches/qmmp-0.11:7919%0A/branches/qmmp-0.12:7828%2C7918%2C8045%2C8073-8075%2C8668%2C8705%0A/branches/qmmp-1.0:5596%0A/branches/qmmp-1.1:5819%2C5968%2C6043%2C6172%2C6233%2C6442%0A/branches/qmmp-1.2:6799%2C6945%2C6975%2C7173%2C7382%2C7520%0A/branches/qmmp-1.3:8706%2C8913%0A/branches/qmmp-1.6:10666%2C10780%2C10800%0A/branches/qmmp-2.1:11357%0A/branches/qmmp-2.2:11906%2C11969%2C12010%2C12021%2C12141%2C12171%2C12180%2C12186%2C12213%2C12218%2C12247%2C12256%2C12296%2C12369%2C12380%2C12421%2C12430%2C12444%2C12449%2C12491%2C12502%2C12512-12513%2C12516%2C12571%2C12592%2C12596%2C12610%2C12623%0A/branches/qmmp-2.3:12889%2C12900%2C12920%2C12931%2C12934%2C12957%2C13097%0A/trunk/qmmp:9936%2C9953%2C9959%2C10009%2C10041%2C10049%2C10066%2C10070%2C10073%2C10076%2C10079%2C10084%2C10096%2C10108%2C10114%2C10145%2C10148%2C10151%2C10180%2C10186%2C10199%2C10204%2C10208%2C10216%2C10232%2C10235%2C10243%2C10247%2C10279%2C10283%2C10288-10289%2C10292%2C10294%2C10299%2C10306%2C10334%2C10369%2C10374%2C10379%2C10383%2C10388%2C10392%2C10398%2C10405%2C10411%2C10417%2C10459%2C10465%2C10474%2C10476%2C10478%2C10482-10483%2C10487-10489%2C10491%2C10494%2C10535%2C10561-10562%2C10565-10566%2C10578%2C10580-10581%2C10590%2C10600%2C10604%2C11664%2C11669%2C11681%2C11683%2C11698%2C11702-11703%2C11707%2C11740%2C11754%2C11757%2C11763%2C11776%2C11781%2C11783%2C11785%2C11787%2C11789%2C11791-11793%2C11810%2C11814%2C11816%2C11821%2C11823%2C11827-11828%2C11830%2C11856%2C11858%2C11868%2C11880%2C11922%2C11924%2C11955%2C11959%2C11963%2C11966%2C11974%2C11977%2C11986%2C11990%2C11992%2C11997-11998%2C12002%2C12043%2C12046%2C12049%2C12052%2C12056%2C12067-12069%2C12072%2C12082%2C12085%2C12087-12088%2C12100%2C12104%2C12150%2C12156%2C12168%2C12173%2C12176%2C12182%2C12189%2C12195%2C12215%2C12246%2C12249%2C12258%2C12282%2C12289%2C12315-12316%2C12376%2C12394%2C12401%2C12415-12416%2C12436%2C12440%2C12446%2C12455%2C12474%2C12477%2C12480%2C12487%2C12495-12497%2C12508%2C12527%2C12567-12568%2C12602%2C12679-12680%2C12684%2C12690%2C12701%2C12731%2C12775-12776%2C12784%2C12795%2C12807%2C12817%2C12834%2C12854%2C12873-12874%2C12878%2C12897%2C12902%2C12908%2C12950%2C13000%2C13057%2C13090-13091%2C13094%2C13127-13128%2C13131-13133
r13138
  +dir_prop: branches/qmmp-1.7 svn:mergeinfo /branches/qmmp-0.10:7522%0A/branches/qmmp-0.11:7919%0A/branches/qmmp-0.12:7828%2C7918%2C8045%2C8073-8075%2C8668%2C8705%0A/branches/qmmp-1.0:5596%0A/branches/qmmp-1.1:5819%2C5968%2C6043%2C6172%2C6233%2C6442%0A/branches/qmmp-1.2:6799%2C6945%2C6975%2C7173%2C7382%2C7520%0A/branches/qmmp-1.3:8706%2C8913%0A/branches/qmmp-1.6:10666%2C10780%2C10800%0A/branches/qmmp-2.1:11357%0A/branches/qmmp-2.2:11906%2C11969%2C12010%2C12021%2C12141%2C12171%2C12180%2C12186%2C12213%2C12218%2C12247%2C12256%2C12296%2C12369%2C12380%2C12421%2C12430%2C12444%2C12449%2C12491%2C12502%2C12512-12513%2C12516%2C12571%2C12592%2C12596%2C12610%2C12623%0A/branches/qmmp-2.3:12889%2C12900%2C12920%2C12931%2C12934%2C12957%2C13097%0A/trunk/qmmp:9936%2C9953%2C9959%2C10009%2C10041%2C10049%2C10066%2C10070%2C10073%2C10076%2C10079%2C10084%2C10096%2C10108%2C10114%2C10145%2C10148%2C10151%2C10180%2C10186%2C10199%2C10204%2C10208%2C10216%2C10232%2C10235%2C10243%2C10247%2C10279%2C10283%2C10288-10289%2C10292%2C10294%2C10299%2C10306%2C10334%2C10369%2C10374%2C10379%2C10383%2C10388%2C10392%2C10398%2C10405%2C10411%2C10417%2C10459%2C10465%2C10474%2C10476%2C10478%2C10482-10483%2C10487-10489%2C10491%2C10494%2C10535%2C10561-10562%2C10565-10566%2C10578%2C10580-10581%2C10590%2C10600%2C10604%2C11664%2C11669%2C11681%2C11683%2C11698%2C11702-11703%2C11707%2C11740%2C11754%2C11757%2C11763%2C11776%2C11781%2C11783%2C11785%2C11787%2C11789%2C11791-11793%2C11810%2C11814%2C11816%2C11821%2C11823%2C11827-11828%2C11830%2C11856%2C11858%2C11868%2C11880%2C11922%2C11924%2C11955%2C11959%2C11963%2C11966%2C11974%2C11977%2C11986%2C11990%2C11992%2C11997-11998%2C12002%2C12043%2C12046%2C12049%2C12052%2C12056%2C12067-12069%2C12072%2C12082%2C12085%2C12087-12088%2C12100%2C12104%2C12150%2C12156%2C12168%2C12173%2C12176%2C12182%2C12189%2C12195%2C12215%2C12246%2C12249%2C12258%2C12282%2C12289%2C12315-12316%2C12376%2C12394%2C12401%2C12415-12416%2C12436%2C12440%2C12446%2C12455%2C12474%2C12477%2C12480%2C12487%2C12495-12497%2C12508%2C12527%2C12567-12568%2C12602%2C12679-12680%2C12684%2C12690%2C12701%2C12731%2C12775-12776%2C12784%2C12795%2C12807%2C12817%2C12834%2C12854%2C12873-12874%2C12878%2C12897%2C12902%2C12908%2C12950%2C13000%2C13057%2C13090-13091%2C13094%2C13127-13128%2C13131-13133%2C13136
r13141
  +dir_prop: branches/qmmp-1.7 svn:mergeinfo /branches/qmmp-0.10:7522%0A/branches/qmmp-0.11:7919%0A/branches/qmmp-0.12:7828%2C7918%2C8045%2C8073-8075%2C8668%2C8705%0A/branches/qmmp-1.0:5596%0A/branches/qmmp-1.1:5819%2C5968%2C6043%2C6172%2C6233%2C6442%0A/branches/qmmp-1.2:6799%2C6945%2C6975%2C7173%2C7382%2C7520%0A/branches/qmmp-1.3:8706%2C8913%0A/branches/qmmp-1.6:10666%2C10780%2C10800%0A/branches/qmmp-2.1:11357%0A/branches/qmmp-2.2:11906%2C11969%2C12010%2C12021%2C12141%2C12171%2C12180%2C12186%2C12213%2C12218%2C12247%2C12256%2C12296%2C12369%2C12380%2C12421%2C12430%2C12444%2C12449%2C12491%2C12502%2C12512-12513%2C12516%2C12571%2C12592%2C12596%2C12610%2C12623%0A/branches/qmmp-2.3:12889%2C12900%2C12920%2C12931%2C12934%2C12957%2C13097%0A/trunk/qmmp:9936%2C9953%2C9959%2C10009%2C10041%2C10049%2C10066%2C10070%2C10073%2C10076%2C10079%2C10084%2C10096%2C10108%2C10114%2C10145%2C10148%2C10151%2C10180%2C10186%2C10199%2C10204%2C10208%2C10216%2C10232%2C10235%2C10243%2C10247%2C10279%2C10283%2C10288-10289%2C10292%2C10294%2C10299%2C10306%2C10334%2C10369%2C10374%2C10379%2C10383%2C10388%2C10392%2C10398%2C10405%2C10411%2C10417%2C10459%2C10465%2C10474%2C10476%2C10478%2C10482-10483%2C10487-10489%2C10491%2C10494%2C10535%2C10561-10562%2C10565-10566%2C10578%2C10580-10581%2C10590%2C10600%2C10604%2C11664%2C11669%2C11681%2C11683%2C11698%2C11702-11703%2C11707%2C11740%2C11754%2C11757%2C11763%2C11776%2C11781%2C11783%2C11785%2C11787%2C11789%2C11791-11793%2C11810%2C11814%2C11816%2C11821%2C11823%2C11827-11828%2C11830%2C11856%2C11858%2C11868%2C11880%2C11922%2C11924%2C11955%2C11959%2C11963%2C11966%2C11974%2C11977%2C11986%2C11990%2C11992%2C11997-11998%2C12002%2C12043%2C12046%2C12049%2C12052%2C12056%2C12067-12069%2C12072%2C12082%2C12085%2C12087-12088%2C12100%2C12104%2C12150%2C12156%2C12168%2C12173%2C12176%2C12182%2C12189%2C12195%2C12215%2C12246%2C12249%2C12258%2C12282%2C12289%2C12315-12316%2C12376%2C12394%2C12401%2C12415-12416%2C12436%2C12440%2C12446%2C12455%2C12474%2C12477%2C12480%2C12487%2C12495-12497%2C12508%2C12527%2C12567-12568%2C12602%2C12679-12680%2C12684%2C12690%2C12701%2C12731%2C12775-12776%2C12784%2C12795%2C12807%2C12817%2C12834%2C12854%2C12873-12874%2C12878%2C12897%2C12902%2C12908%2C12950%2C13000%2C13057%2C13090-13091%2C13094%2C13127-13128%2C13131-13133%2C13136%2C13139
r13144
  +dir_prop: branches/qmmp-1.7 svn:mergeinfo /branches/qmmp-0.10:7522%0A/branches/qmmp-0.11:7919%0A/branches/qmmp-0.12:7828%2C7918%2C8045%2C8073-8075%2C8668%2C8705%0A/branches/qmmp-1.0:5596%0A/branches/qmmp-1.1:5819%2C5968%2C6043%2C6172%2C6233%2C6442%0A/branches/qmmp-1.2:6799%2C6945%2C6975%2C7173%2C7382%2C7520%0A/branches/qmmp-1.3:8706%2C8913%0A/branches/qmmp-1.6:10666%2C10780%2C10800%0A/branches/qmmp-2.1:11357%0A/branches/qmmp-2.2:11906%2C11969%2C12010%2C12021%2C12141%2C12171%2C12180%2C12186%2C12213%2C12218%2C12247%2C12256%2C12296%2C12369%2C12380%2C12421%2C12430%2C12444%2C12449%2C12491%2C12502%2C12512-12513%2C12516%2C12571%2C12592%2C12596%2C12610%2C12623%0A/branches/qmmp-2.3:12889%2C12900%2C12920%2C12931%2C12934%2C12957%2C13097%2C13142-13143%0A/trunk/qmmp:9936%2C9953%2C9959%2C10009%2C10041%2C10049%2C10066%2C10070%2C10073%2C10076%2C10079%2C10084%2C10096%2C10108%2C10114%2C10145%2C10148%2C10151%2C10180%2C10186%2C10199%2C10204%2C10208%2C10216%2C10232%2C10235%2C10243%2C10247%2C10279%2C10283%2C10288-10289%2C10292%2C10294%2C10299%2C10306%2C10334%2C10369%2C10374%2C10379%2C10383%2C10388%2C10392%2C10398%2C10405%2C10411%2C10417%2C10459%2C10465%2C10474%2C10476%2C10478%2C10482-10483%2C10487-10489%2C10491%2C10494%2C10535%2C10561-10562%2C10565-10566%2C10578%2C10580-10581%2C10590%2C10600%2C10604%2C11664%2C11669%2C11681%2C11683%2C11698%2C11702-11703%2C11707%2C11740%2C11754%2C11757%2C11763%2C11776%2C11781%2C11783%2C11785%2C11787%2C11789%2C11791-11793%2C11810%2C11814%2C11816%2C11821%2C11823%2C11827-11828%2C11830%2C11856%2C11858%2C11868%2C11880%2C11922%2C11924%2C11955%2C11959%2C11963%2C11966%2C11974%2C11977%2C11986%2C11990%2C11992%2C11997-11998%2C12002%2C12043%2C12046%2C12049%2C12052%2C12056%2C12067-12069%2C12072%2C12082%2C12085%2C12087-12088%2C12100%2C12104%2C12150%2C12156%2C12168%2C12173%2C12176%2C12182%2C12189%2C12195%2C12215%2C12246%2C12249%2C12258%2C12282%2C12289%2C12315-12316%2C12376%2C12394%2C12401%2C12415-12416%2C12436%2C12440%2C12446%2C12455%2C12474%2C12477%2C12480%2C12487%2C12495-12497%2C12508%2C12527%2C12567-12568%2C12602%2C12679-12680%2C12684%2C12690%2C12701%2C12731%2C12775-12776%2C12784%2C12795%2C12807%2C12817%2C12834%2C12854%2C12873-12874%2C12878%2C12897%2C12902%2C12908%2C12950%2C13000%2C13057%2C13090-13091%2C13094%2C13127-13128%2C13131-13133%2C13136%2C13139
r13146
r13158
r13165
  +dir_prop: branches/qmmp-1.7 svn:mergeinfo /branches/qmmp-0.10:7522%0A/branches/qmmp-0.11:7919%0A/branches/qmmp-0.12:7828%2C7918%2C8045%2C8073-8075%2C8668%2C8705%0A/branches/qmmp-1.0:5596%0A/branches/qmmp-1.1:5819%2C5968%2C6043%2C6172%2C6233%2C6442%0A/branches/qmmp-1.2:6799%2C6945%2C6975%2C7173%2C7382%2C7520%0A/branches/qmmp-1.3:8706%2C8913%0A/branches/qmmp-1.6:10666%2C10780%2C10800%0A/branches/qmmp-2.1:11357%0A/branches/qmmp-2.2:11906%2C11969%2C12010%2C12021%2C12141%2C12171%2C12180%2C12186%2C12213%2C12218%2C12247%2C12256%2C12296%2C12369%2C12380%2C12421%2C12430%2C12444%2C12449%2C12491%2C12502%2C12512-12513%2C12516%2C12571%2C12592%2C12596%2C12610%2C12623%0A/branches/qmmp-2.3:12889%2C12900%2C12920%2C12931%2C12934%2C12957%2C13097%2C13142-13143%2C13164%0A/trunk/qmmp:9936%2C9953%2C9959%2C10009%2C10041%2C10049%2C10066%2C10070%2C10073%2C10076%2C10079%2C10084%2C10096%2C10108%2C10114%2C10145%2C10148%2C10151%2C10180%2C10186%2C10199%2C10204%2C10208%2C10216%2C10232%2C10235%2C10243%2C10247%2C10279%2C10283%2C10288-10289%2C10292%2C10294%2C10299%2C10306%2C10334%2C10369%2C10374%2C10379%2C10383%2C10388%2C10392%2C10398%2C10405%2C10411%2C10417%2C10459%2C10465%2C10474%2C10476%2C10478%2C10482-10483%2C10487-10489%2C10491%2C10494%2C10535%2C10561-10562%2C10565-10566%2C10578%2C10580-10581%2C10590%2C10600%2C10604%2C11664%2C11669%2C11681%2C11683%2C11698%2C11702-11703%2C11707%2C11740%2C11754%2C11757%2C11763%2C11776%2C11781%2C11783%2C11785%2C11787%2C11789%2C11791-11793%2C11810%2C11814%2C11816%2C11821%2C11823%2C11827-11828%2C11830%2C11856%2C11858%2C11868%2C11880%2C11922%2C11924%2C11955%2C11959%2C11963%2C11966%2C11974%2C11977%2C11986%2C11990%2C11992%2C11997-11998%2C12002%2C12043%2C12046%2C12049%2C12052%2C12056%2C12067-12069%2C12072%2C12082%2C12085%2C12087-12088%2C12100%2C12104%2C12150%2C12156%2C12168%2C12173%2C12176%2C12182%2C12189%2C12195%2C12215%2C12246%2C12249%2C12258%2C12282%2C12289%2C12315-12316%2C12376%2C12394%2C12401%2C12415-12416%2C12436%2C12440%2C12446%2C12455%2C12474%2C12477%2C12480%2C12487%2C12495-12497%2C12508%2C12527%2C12567-12568%2C12602%2C12679-12680%2C12684%2C12690%2C12701%2C12731%2C12775-12776%2C12784%2C12795%2C12807%2C12817%2C12834%2C12854%2C12873-12874%2C12878%2C12897%2C12902%2C12908%2C12950%2C13000%2C13057%2C13090-13091%2C13094%2C13127-13128%2C13131-13133%2C13136%2C13139%2C13163
r13167
  +dir_prop: branches/qmmp-1.7 svn:mergeinfo /branches/qmmp-0.10:7522%0A/branches/qmmp-0.11:7919%0A/branches/qmmp-0.12:7828%2C7918%2C8045%2C8073-8075%2C8668%2C8705%0A/branches/qmmp-1.0:5596%0A/branches/qmmp-1.1:5819%2C5968%2C6043%2C6172%2C6233%2C6442%0A/branches/qmmp-1.2:6799%2C6945%2C6975%2C7173%2C7382%2C7520%0A/branches/qmmp-1.3:8706%2C8913%0A/branches/qmmp-1.6:10666%2C10780%2C10800%0A/branches/qmmp-2.1:11357%0A/branches/qmmp-2.2:11906%2C11969%2C12010%2C12021%2C12141%2C12171%2C12180%2C12186%2C12213%2C12218%2C12247%2C12256%2C12296%2C12369%2C12380%2C12421%2C12430%2C12444%2C12449%2C12491%2C12502%2C12512-12513%2C12516%2C12571%2C12592%2C12596%2C12610%2C12623%0A/branches/qmmp-2.3:12889%2C12900%2C12920%2C12931%2C12934%2C12957%2C13097%2C13142-13143%2C13164%2C13166%0A/trunk/qmmp:9936%2C9953%2C9959%2C10009%2C10041%2C10049%2C10066%2C10070%2C10073%2C10076%2C10079%2C10084%2C10096%2C10108%2C10114%2C10145%2C10148%2C10151%2C10180%2C10186%2C10199%2C10204%2C10208%2C10216%2C10232%2C10235%2C10243%2C10247%2C10279%2C10283%2C10288-10289%2C10292%2C10294%2C10299%2C10306%2C10334%2C10369%2C10374%2C10379%2C10383%2C10388%2C10392%2C10398%2C10405%2C10411%2C10417%2C10459%2C10465%2C10474%2C10476%2C10478%2C10482-10483%2C10487-10489%2C10491%2C10494%2C10535%2C10561-10562%2C10565-10566%2C10578%2C10580-10581%2C10590%2C10600%2C10604%2C11664%2C11669%2C11681%2C11683%2C11698%2C11702-11703%2C11707%2C11740%2C11754%2C11757%2C11763%2C11776%2C11781%2C11783%2C11785%2C11787%2C11789%2C11791-11793%2C11810%2C11814%2C11816%2C11821%2C11823%2C11827-11828%2C11830%2C11856%2C11858%2C11868%2C11880%2C11922%2C11924%2C11955%2C11959%2C11963%2C11966%2C11974%2C11977%2C11986%2C11990%2C11992%2C11997-11998%2C12002%2C12043%2C12046%2C12049%2C12052%2C12056%2C12067-12069%2C12072%2C12082%2C12085%2C12087-12088%2C12100%2C12104%2C12150%2C12156%2C12168%2C12173%2C12176%2C12182%2C12189%2C12195%2C12215%2C12246%2C12249%2C12258%2C12282%2C12289%2C12315-12316%2C12376%2C12394%2C12401%2C12415-12416%2C12436%2C12440%2C12446%2C12455%2C12474%2C12477%2C12480%2C12487%2C12495-12497%2C12508%2C12527%2C12567-12568%2C12602%2C12679-12680%2C12684%2C12690%2C12701%2C12731%2C12775-12776%2C12784%2C12795%2C12807%2C12817%2C12834%2C12854%2C12873-12874%2C12878%2C12897%2C12902%2C12908%2C12950%2C13000%2C13057%2C13090-13091%2C13094%2C13127-13128%2C13131-13133%2C13136%2C13139%2C13163
r13189
r13241
  +dir_prop: branches/qmmp-1.7 svn:mergeinfo /branches/qmmp-0.10:7522%0A/branches/qmmp-0.11:7919%0A/branches/qmmp-0.12:7828%2C7918%2C8045%2C8073-8075%2C8668%2C8705%0A/branches/qmmp-1.0:5596%0A/branches/qmmp-1.1:5819%2C5968%2C6043%2C6172%2C6233%2C6442%0A/branches/qmmp-1.2:6799%2C6945%2C6975%2C7173%2C7382%2C7520%0A/branches/qmmp-1.3:8706%2C8913%0A/branches/qmmp-1.6:10666%2C10780%2C10800%0A/branches/qmmp-2.1:11357%0A/branches/qmmp-2.2:11906%2C11969%2C12010%2C12021%2C12141%2C12171%2C12180%2C12186%2C12213%2C12218%2C12247%2C12256%2C12296%2C12369%2C12380%2C12421%2C12430%2C12444%2C12449%2C12491%2C12502%2C12512-12513%2C12516%2C12571%2C12592%2C12596%2C12610%2C12623%0A/branches/qmmp-2.3:12889%2C12900%2C12920%2C12931%2C12934%2C12957%2C13097%2C13142-13143%2C13164%2C13166%0A/trunk/qmmp:9936%2C9953%2C9959%2C10009%2C10041%2C10049%2C10066%2C10070%2C10073%2C10076%2C10079%2C10084%2C10096%2C10108%2C10114%2C10145%2C10148%2C10151%2C10180%2C10186%2C10199%2C10204%2C10208%2C10216%2C10232%2C10235%2C10243%2C10247%2C10279%2C10283%2C10288-10289%2C10292%2C10294%2C10299%2C10306%2C10334%2C10369%2C10374%2C10379%2C10383%2C10388%2C10392%2C10398%2C10405%2C10411%2C10417%2C10459%2C10465%2C10474%2C10476%2C10478%2C10482-10483%2C10487-10489%2C10491%2C10494%2C10535%2C10561-10562%2C10565-10566%2C10578%2C10580-10581%2C10590%2C10600%2C10604%2C11664%2C11669%2C11681%2C11683%2C11698%2C11702-11703%2C11707%2C11740%2C11754%2C11757%2C11763%2C11776%2C11781%2C11783%2C11785%2C11787%2C11789%2C11791-11793%2C11810%2C11814%2C11816%2C11821%2C11823%2C11827-11828%2C11830%2C11856%2C11858%2C11868%2C11880%2C11922%2C11924%2C11955%2C11959%2C11963%2C11966%2C11974%2C11977%2C11986%2C11990%2C11992%2C11997-11998%2C12002%2C12043%2C12046%2C12049%2C12052%2C12056%2C12067-12069%2C12072%2C12082%2C12085%2C12087-12088%2C12100%2C12104%2C12150%2C12156%2C12168%2C12173%2C12176%2C12182%2C12189%2C12195%2C12215%2C12246%2C12249%2C12258%2C12282%2C12289%2C12315-12316%2C12376%2C12394%2C12401%2C12415-12416%2C12436%2C12440%2C12446%2C12455%2C12474%2C12477%2C12480%2C12487%2C12495-12497%2C12508%2C12527%2C12567-12568%2C12602%2C12679-12680%2C12684%2C12690%2C12701%2C12731%2C12775-12776%2C12784%2C12795%2C12807%2C12817%2C12834%2C12854%2C12873-12874%2C12878%2C12897%2C12902%2C12908%2C12950%2C13000%2C13057%2C13090-13091%2C13094%2C13127-13128%2C13131-13133%2C13136%2C13139%2C13163%2C13239
r13244
  -empty_dir: branches/qmmp-1.7/src/plugins/Visual/projectm/projectm4widget.cpp
  -empty_dir: branches/qmmp-1.7/src/plugins/Visual/projectm/projectm4widget.h
r13245
r13246
