r10181
r10182
r10183
  +dir_prop: branches/qmmp-2.1 svn:mergeinfo /branches/qmmp-0.10:7522%0A/branches/qmmp-0.11:7919%0A/branches/qmmp-0.12:7828%2C7918%2C8045%2C8073-8075%2C8668%2C8705%0A/branches/qmmp-1.0:5596%0A/branches/qmmp-1.1:5819%2C5968%2C6043%2C6172%2C6233%2C6442%0A/branches/qmmp-1.2:6799%2C6945%2C6975%2C7173%2C7382%2C7520%0A/branches/qmmp-1.3:8706%2C8913%0A/trunk/qmmp:9936%2C9953%2C9959%2C10009%2C10041%2C10049%2C10066%2C10070%2C10073%2C10076%2C10079%2C10084%2C10096%2C10108%2C10114%2C10145%2C10148%2C10151%2C10180
  +dir_prop: branches/qmmp-2.1/src/plugins/Ui/qsui svn:mergeinfo /branches/qmmp-0.12/src/plugins/Ui/qsui:8073-8075%0A/branches/qmmp-1.1/src/plugins/Ui/qsui:6172%0A/branches/qmmp-1.2/src/plugins/Ui/qsui:7382%0A/trunk/qmmp/src/plugins/Ui/qsui:10148%2C10151%2C10180%0A/trunk/qmmp/src/plugins/Ui/skinned:5223%2C6018-6019%2C6022
r10187
  +dir_prop: branches/qmmp-2.1 svn:mergeinfo /branches/qmmp-0.10:7522%0A/branches/qmmp-0.11:7919%0A/branches/qmmp-0.12:7828%2C7918%2C8045%2C8073-8075%2C8668%2C8705%0A/branches/qmmp-1.0:5596%0A/branches/qmmp-1.1:5819%2C5968%2C6043%2C6172%2C6233%2C6442%0A/branches/qmmp-1.2:6799%2C6945%2C6975%2C7173%2C7382%2C7520%0A/branches/qmmp-1.3:8706%2C8913%0A/trunk/qmmp:9936%2C9953%2C9959%2C10009%2C10041%2C10049%2C10066%2C10070%2C10073%2C10076%2C10079%2C10084%2C10096%2C10108%2C10114%2C10145%2C10148%2C10151%2C10180%2C10186
r10190
r10191
r10195
r10200
  -empty_dir: branches/qmmp-2.1/src/plugins/General/udisks2
  +dir_prop: branches/qmmp-2.1 svn:mergeinfo /branches/qmmp-0.10:7522%0A/branches/qmmp-0.11:7919%0A/branches/qmmp-0.12:7828%2C7918%2C8045%2C8073-8075%2C8668%2C8705%0A/branches/qmmp-1.0:5596%0A/branches/qmmp-1.1:5819%2C5968%2C6043%2C6172%2C6233%2C6442%0A/branches/qmmp-1.2:6799%2C6945%2C6975%2C7173%2C7382%2C7520%0A/branches/qmmp-1.3:8706%2C8913%0A/trunk/qmmp:9936%2C9953%2C9959%2C10009%2C10041%2C10049%2C10066%2C10070%2C10073%2C10076%2C10079%2C10084%2C10096%2C10108%2C10114%2C10145%2C10148%2C10151%2C10180%2C10186%2C10199
r10203
r10205
  +dir_prop: branches/qmmp-2.1 svn:mergeinfo /branches/qmmp-0.10:7522%0A/branches/qmmp-0.11:7919%0A/branches/qmmp-0.12:7828%2C7918%2C8045%2C8073-8075%2C8668%2C8705%0A/branches/qmmp-1.0:5596%0A/branches/qmmp-1.1:5819%2C5968%2C6043%2C6172%2C6233%2C6442%0A/branches/qmmp-1.2:6799%2C6945%2C6975%2C7173%2C7382%2C7520%0A/branches/qmmp-1.3:8706%2C8913%0A/trunk/qmmp:9936%2C9953%2C9959%2C10009%2C10041%2C10049%2C10066%2C10070%2C10073%2C10076%2C10079%2C10084%2C10096%2C10108%2C10114%2C10145%2C10148%2C10151%2C10180%2C10186%2C10199%2C10204
r10209
  +dir_prop: branches/qmmp-2.1 svn:mergeinfo /branches/qmmp-0.10:7522%0A/branches/qmmp-0.11:7919%0A/branches/qmmp-0.12:7828%2C7918%2C8045%2C8073-8075%2C8668%2C8705%0A/branches/qmmp-1.0:5596%0A/branches/qmmp-1.1:5819%2C5968%2C6043%2C6172%2C6233%2C6442%0A/branches/qmmp-1.2:6799%2C6945%2C6975%2C7173%2C7382%2C7520%0A/branches/qmmp-1.3:8706%2C8913%0A/trunk/qmmp:9936%2C9953%2C9959%2C10009%2C10041%2C10049%2C10066%2C10070%2C10073%2C10076%2C10079%2C10084%2C10096%2C10108%2C10114%2C10145%2C10148%2C10151%2C10180%2C10186%2C10199%2C10204%2C10208
r10210
r10213
r10214
r10218
  +dir_prop: branches/qmmp-2.1 svn:mergeinfo /branches/qmmp-0.10:7522%0A/branches/qmmp-0.11:7919%0A/branches/qmmp-0.12:7828%2C7918%2C8045%2C8073-8075%2C8668%2C8705%0A/branches/qmmp-1.0:5596%0A/branches/qmmp-1.1:5819%2C5968%2C6043%2C6172%2C6233%2C6442%0A/branches/qmmp-1.2:6799%2C6945%2C6975%2C7173%2C7382%2C7520%0A/branches/qmmp-1.3:8706%2C8913%0A/trunk/qmmp:9936%2C9953%2C9959%2C10009%2C10041%2C10049%2C10066%2C10070%2C10073%2C10076%2C10079%2C10084%2C10096%2C10108%2C10114%2C10145%2C10148%2C10151%2C10180%2C10186%2C10199%2C10204%2C10208%2C10216
r10233
  +dir_prop: branches/qmmp-2.1 svn:mergeinfo /branches/qmmp-0.10:7522%0A/branches/qmmp-0.11:7919%0A/branches/qmmp-0.12:7828%2C7918%2C8045%2C8073-8075%2C8668%2C8705%0A/branches/qmmp-1.0:5596%0A/branches/qmmp-1.1:5819%2C5968%2C6043%2C6172%2C6233%2C6442%0A/branches/qmmp-1.2:6799%2C6945%2C6975%2C7173%2C7382%2C7520%0A/branches/qmmp-1.3:8706%2C8913%0A/trunk/qmmp:9936%2C9953%2C9959%2C10009%2C10041%2C10049%2C10066%2C10070%2C10073%2C10076%2C10079%2C10084%2C10096%2C10108%2C10114%2C10145%2C10148%2C10151%2C10180%2C10186%2C10199%2C10204%2C10208%2C10216%2C10232
r10236
  +dir_prop: branches/qmmp-2.1 svn:mergeinfo /branches/qmmp-0.10:7522%0A/branches/qmmp-0.11:7919%0A/branches/qmmp-0.12:7828%2C7918%2C8045%2C8073-8075%2C8668%2C8705%0A/branches/qmmp-1.0:5596%0A/branches/qmmp-1.1:5819%2C5968%2C6043%2C6172%2C6233%2C6442%0A/branches/qmmp-1.2:6799%2C6945%2C6975%2C7173%2C7382%2C7520%0A/branches/qmmp-1.3:8706%2C8913%0A/trunk/qmmp:9936%2C9953%2C9959%2C10009%2C10041%2C10049%2C10066%2C10070%2C10073%2C10076%2C10079%2C10084%2C10096%2C10108%2C10114%2C10145%2C10148%2C10151%2C10180%2C10186%2C10199%2C10204%2C10208%2C10216%2C10232%2C10235
r10238
r10244
  +dir_prop: branches/qmmp-2.1 svn:mergeinfo /branches/qmmp-0.10:7522%0A/branches/qmmp-0.11:7919%0A/branches/qmmp-0.12:7828%2C7918%2C8045%2C8073-8075%2C8668%2C8705%0A/branches/qmmp-1.0:5596%0A/branches/qmmp-1.1:5819%2C5968%2C6043%2C6172%2C6233%2C6442%0A/branches/qmmp-1.2:6799%2C6945%2C6975%2C7173%2C7382%2C7520%0A/branches/qmmp-1.3:8706%2C8913%0A/trunk/qmmp:9936%2C9953%2C9959%2C10009%2C10041%2C10049%2C10066%2C10070%2C10073%2C10076%2C10079%2C10084%2C10096%2C10108%2C10114%2C10145%2C10148%2C10151%2C10180%2C10186%2C10199%2C10204%2C10208%2C10216%2C10232%2C10235%2C10243
r10248
  +dir_prop: branches/qmmp-2.1 svn:mergeinfo /branches/qmmp-0.10:7522%0A/branches/qmmp-0.11:7919%0A/branches/qmmp-0.12:7828%2C7918%2C8045%2C8073-8075%2C8668%2C8705%0A/branches/qmmp-1.0:5596%0A/branches/qmmp-1.1:5819%2C5968%2C6043%2C6172%2C6233%2C6442%0A/branches/qmmp-1.2:6799%2C6945%2C6975%2C7173%2C7382%2C7520%0A/branches/qmmp-1.3:8706%2C8913%0A/trunk/qmmp:9936%2C9953%2C9959%2C10009%2C10041%2C10049%2C10066%2C10070%2C10073%2C10076%2C10079%2C10084%2C10096%2C10108%2C10114%2C10145%2C10148%2C10151%2C10180%2C10186%2C10199%2C10204%2C10208%2C10216%2C10232%2C10235%2C10243%2C10247
  +dir_prop: branches/qmmp-2.1/src/plugins/Ui/qsui svn:mergeinfo /branches/qmmp-0.12/src/plugins/Ui/qsui:8073-8075%0A/branches/qmmp-1.1/src/plugins/Ui/qsui:6172%0A/branches/qmmp-1.2/src/plugins/Ui/qsui:7382%0A/trunk/qmmp/src/plugins/Ui/qsui:10148%2C10151%2C10180%2C10247%0A/trunk/qmmp/src/plugins/Ui/skinned:5223%2C6018-6019%2C6022
r10249
r10250
r10251
r10280
  +dir_prop: branches/qmmp-2.1 svn:mergeinfo /branches/qmmp-0.10:7522%0A/branches/qmmp-0.11:7919%0A/branches/qmmp-0.12:7828%2C7918%2C8045%2C8073-8075%2C8668%2C8705%0A/branches/qmmp-1.0:5596%0A/branches/qmmp-1.1:5819%2C5968%2C6043%2C6172%2C6233%2C6442%0A/branches/qmmp-1.2:6799%2C6945%2C6975%2C7173%2C7382%2C7520%0A/branches/qmmp-1.3:8706%2C8913%0A/trunk/qmmp:9936%2C9953%2C9959%2C10009%2C10041%2C10049%2C10066%2C10070%2C10073%2C10076%2C10079%2C10084%2C10096%2C10108%2C10114%2C10145%2C10148%2C10151%2C10180%2C10186%2C10199%2C10204%2C10208%2C10216%2C10232%2C10235%2C10243%2C10247%2C10279
  +dir_prop: branches/qmmp-2.1/src/plugins/Ui/qsui svn:mergeinfo /branches/qmmp-0.12/src/plugins/Ui/qsui:8073-8075%0A/branches/qmmp-1.1/src/plugins/Ui/qsui:6172%0A/branches/qmmp-1.2/src/plugins/Ui/qsui:7382%0A/trunk/qmmp/src/plugins/Ui/qsui:10148%2C10151%2C10180%2C10247%2C10279%0A/trunk/qmmp/src/plugins/Ui/skinned:5223%2C6018-6019%2C6022
r10284
  +dir_prop: branches/qmmp-2.1 svn:mergeinfo /branches/qmmp-0.10:7522%0A/branches/qmmp-0.11:7919%0A/branches/qmmp-0.12:7828%2C7918%2C8045%2C8073-8075%2C8668%2C8705%0A/branches/qmmp-1.0:5596%0A/branches/qmmp-1.1:5819%2C5968%2C6043%2C6172%2C6233%2C6442%0A/branches/qmmp-1.2:6799%2C6945%2C6975%2C7173%2C7382%2C7520%0A/branches/qmmp-1.3:8706%2C8913%0A/trunk/qmmp:9936%2C9953%2C9959%2C10009%2C10041%2C10049%2C10066%2C10070%2C10073%2C10076%2C10079%2C10084%2C10096%2C10108%2C10114%2C10145%2C10148%2C10151%2C10180%2C10186%2C10199%2C10204%2C10208%2C10216%2C10232%2C10235%2C10243%2C10247%2C10279%2C10283
  +dir_prop: branches/qmmp-2.1/src/plugins/Ui/qsui svn:mergeinfo /branches/qmmp-0.12/src/plugins/Ui/qsui:8073-8075%0A/branches/qmmp-1.1/src/plugins/Ui/qsui:6172%0A/branches/qmmp-1.2/src/plugins/Ui/qsui:7382%0A/trunk/qmmp/src/plugins/Ui/qsui:10148%2C10151%2C10180%2C10247%2C10279%2C10283%0A/trunk/qmmp/src/plugins/Ui/skinned:5223%2C6018-6019%2C6022
r10290
  +dir_prop: branches/qmmp-2.1 svn:mergeinfo /branches/qmmp-0.10:7522%0A/branches/qmmp-0.11:7919%0A/branches/qmmp-0.12:7828%2C7918%2C8045%2C8073-8075%2C8668%2C8705%0A/branches/qmmp-1.0:5596%0A/branches/qmmp-1.1:5819%2C5968%2C6043%2C6172%2C6233%2C6442%0A/branches/qmmp-1.2:6799%2C6945%2C6975%2C7173%2C7382%2C7520%0A/branches/qmmp-1.3:8706%2C8913%0A/trunk/qmmp:9936%2C9953%2C9959%2C10009%2C10041%2C10049%2C10066%2C10070%2C10073%2C10076%2C10079%2C10084%2C10096%2C10108%2C10114%2C10145%2C10148%2C10151%2C10180%2C10186%2C10199%2C10204%2C10208%2C10216%2C10232%2C10235%2C10243%2C10247%2C10279%2C10283%2C10288
  +dir_prop: branches/qmmp-2.1/src/plugins/Ui/qsui svn:mergeinfo /branches/qmmp-0.12/src/plugins/Ui/qsui:8073-8075%0A/branches/qmmp-1.1/src/plugins/Ui/qsui:6172%0A/branches/qmmp-1.2/src/plugins/Ui/qsui:7382%0A/trunk/qmmp/src/plugins/Ui/qsui:10148%2C10151%2C10180%2C10247%2C10279%2C10283%2C10288%0A/trunk/qmmp/src/plugins/Ui/skinned:5223%2C6018-6019%2C6022
r10291
  +dir_prop: branches/qmmp-2.1 svn:mergeinfo /branches/qmmp-0.10:7522%0A/branches/qmmp-0.11:7919%0A/branches/qmmp-0.12:7828%2C7918%2C8045%2C8073-8075%2C8668%2C8705%0A/branches/qmmp-1.0:5596%0A/branches/qmmp-1.1:5819%2C5968%2C6043%2C6172%2C6233%2C6442%0A/branches/qmmp-1.2:6799%2C6945%2C6975%2C7173%2C7382%2C7520%0A/branches/qmmp-1.3:8706%2C8913%0A/trunk/qmmp:9936%2C9953%2C9959%2C10009%2C10041%2C10049%2C10066%2C10070%2C10073%2C10076%2C10079%2C10084%2C10096%2C10108%2C10114%2C10145%2C10148%2C10151%2C10180%2C10186%2C10199%2C10204%2C10208%2C10216%2C10232%2C10235%2C10243%2C10247%2C10279%2C10283%2C10288-10289
  +dir_prop: branches/qmmp-2.1/src/plugins/Ui/qsui svn:mergeinfo /branches/qmmp-0.12/src/plugins/Ui/qsui:8073-8075%0A/branches/qmmp-1.1/src/plugins/Ui/qsui:6172%0A/branches/qmmp-1.2/src/plugins/Ui/qsui:7382%0A/trunk/qmmp/src/plugins/Ui/qsui:10148%2C10151%2C10180%2C10247%2C10279%2C10283%2C10288-10289%0A/trunk/qmmp/src/plugins/Ui/skinned:5223%2C6018-6019%2C6022
r10293
  +dir_prop: branches/qmmp-2.1 svn:mergeinfo /branches/qmmp-0.10:7522%0A/branches/qmmp-0.11:7919%0A/branches/qmmp-0.12:7828%2C7918%2C8045%2C8073-8075%2C8668%2C8705%0A/branches/qmmp-1.0:5596%0A/branches/qmmp-1.1:5819%2C5968%2C6043%2C6172%2C6233%2C6442%0A/branches/qmmp-1.2:6799%2C6945%2C6975%2C7173%2C7382%2C7520%0A/branches/qmmp-1.3:8706%2C8913%0A/trunk/qmmp:9936%2C9953%2C9959%2C10009%2C10041%2C10049%2C10066%2C10070%2C10073%2C10076%2C10079%2C10084%2C10096%2C10108%2C10114%2C10145%2C10148%2C10151%2C10180%2C10186%2C10199%2C10204%2C10208%2C10216%2C10232%2C10235%2C10243%2C10247%2C10279%2C10283%2C10288-10289%2C10292
  +dir_prop: branches/qmmp-2.1/src/plugins/Ui/qsui svn:mergeinfo /branches/qmmp-0.12/src/plugins/Ui/qsui:8073-8075%0A/branches/qmmp-1.1/src/plugins/Ui/qsui:6172%0A/branches/qmmp-1.2/src/plugins/Ui/qsui:7382%0A/trunk/qmmp/src/plugins/Ui/qsui:10148%2C10151%2C10180%2C10247%2C10279%2C10283%2C10288-10289%2C10292%0A/trunk/qmmp/src/plugins/Ui/skinned:5223%2C6018-6019%2C6022
r10295
  +dir_prop: branches/qmmp-2.1 svn:mergeinfo /branches/qmmp-0.10:7522%0A/branches/qmmp-0.11:7919%0A/branches/qmmp-0.12:7828%2C7918%2C8045%2C8073-8075%2C8668%2C8705%0A/branches/qmmp-1.0:5596%0A/branches/qmmp-1.1:5819%2C5968%2C6043%2C6172%2C6233%2C6442%0A/branches/qmmp-1.2:6799%2C6945%2C6975%2C7173%2C7382%2C7520%0A/branches/qmmp-1.3:8706%2C8913%0A/trunk/qmmp:9936%2C9953%2C9959%2C10009%2C10041%2C10049%2C10066%2C10070%2C10073%2C10076%2C10079%2C10084%2C10096%2C10108%2C10114%2C10145%2C10148%2C10151%2C10180%2C10186%2C10199%2C10204%2C10208%2C10216%2C10232%2C10235%2C10243%2C10247%2C10279%2C10283%2C10288-10289%2C10292%2C10294
  +dir_prop: branches/qmmp-2.1/src/plugins/Ui/qsui svn:mergeinfo /branches/qmmp-0.12/src/plugins/Ui/qsui:8073-8075%0A/branches/qmmp-1.1/src/plugins/Ui/qsui:6172%0A/branches/qmmp-1.2/src/plugins/Ui/qsui:7382%0A/trunk/qmmp/src/plugins/Ui/qsui:10148%2C10151%2C10180%2C10247%2C10279%2C10283%2C10288-10289%2C10292%2C10294%0A/trunk/qmmp/src/plugins/Ui/skinned:5223%2C6018-6019%2C6022
r10297
r10298
r10300
  +dir_prop: branches/qmmp-2.1 svn:mergeinfo /branches/qmmp-0.10:7522%0A/branches/qmmp-0.11:7919%0A/branches/qmmp-0.12:7828%2C7918%2C8045%2C8073-8075%2C8668%2C8705%0A/branches/qmmp-1.0:5596%0A/branches/qmmp-1.1:5819%2C5968%2C6043%2C6172%2C6233%2C6442%0A/branches/qmmp-1.2:6799%2C6945%2C6975%2C7173%2C7382%2C7520%0A/branches/qmmp-1.3:8706%2C8913%0A/trunk/qmmp:9936%2C9953%2C9959%2C10009%2C10041%2C10049%2C10066%2C10070%2C10073%2C10076%2C10079%2C10084%2C10096%2C10108%2C10114%2C10145%2C10148%2C10151%2C10180%2C10186%2C10199%2C10204%2C10208%2C10216%2C10232%2C10235%2C10243%2C10247%2C10279%2C10283%2C10288-10289%2C10292%2C10294%2C10299
r10307
  -empty_dir: branches/qmmp-2.1/src/plugins/Input/modplug
r10309
r10311
  +dir_prop: branches/qmmp-2.1 svn:mergeinfo /branches/qmmp-0.10:7522%0A/branches/qmmp-0.11:7919%0A/branches/qmmp-0.12:7828%2C7918%2C8045%2C8073-8075%2C8668%2C8705%0A/branches/qmmp-1.0:5596%0A/branches/qmmp-1.1:5819%2C5968%2C6043%2C6172%2C6233%2C6442%0A/branches/qmmp-1.2:6799%2C6945%2C6975%2C7173%2C7382%2C7520%0A/branches/qmmp-1.3:8706%2C8913%0A/trunk/qmmp:9936%2C9953%2C9959%2C10009%2C10041%2C10049%2C10066%2C10070%2C10073%2C10076%2C10079%2C10084%2C10096%2C10108%2C10114%2C10145%2C10148%2C10151%2C10180%2C10186%2C10199%2C10204%2C10208%2C10216%2C10232%2C10235%2C10243%2C10247%2C10279%2C10283%2C10288-10289%2C10292%2C10294%2C10299%2C10306
r10313
r10335
  +dir_prop: branches/qmmp-2.1 svn:mergeinfo /branches/qmmp-0.10:7522%0A/branches/qmmp-0.11:7919%0A/branches/qmmp-0.12:7828%2C7918%2C8045%2C8073-8075%2C8668%2C8705%0A/branches/qmmp-1.0:5596%0A/branches/qmmp-1.1:5819%2C5968%2C6043%2C6172%2C6233%2C6442%0A/branches/qmmp-1.2:6799%2C6945%2C6975%2C7173%2C7382%2C7520%0A/branches/qmmp-1.3:8706%2C8913%0A/trunk/qmmp:9936%2C9953%2C9959%2C10009%2C10041%2C10049%2C10066%2C10070%2C10073%2C10076%2C10079%2C10084%2C10096%2C10108%2C10114%2C10145%2C10148%2C10151%2C10180%2C10186%2C10199%2C10204%2C10208%2C10216%2C10232%2C10235%2C10243%2C10247%2C10279%2C10283%2C10288-10289%2C10292%2C10294%2C10299%2C10306%2C10334
r10358
r10363
r10366
r10370
  +dir_prop: branches/qmmp-2.1 svn:mergeinfo /branches/qmmp-0.10:7522%0A/branches/qmmp-0.11:7919%0A/branches/qmmp-0.12:7828%2C7918%2C8045%2C8073-8075%2C8668%2C8705%0A/branches/qmmp-1.0:5596%0A/branches/qmmp-1.1:5819%2C5968%2C6043%2C6172%2C6233%2C6442%0A/branches/qmmp-1.2:6799%2C6945%2C6975%2C7173%2C7382%2C7520%0A/branches/qmmp-1.3:8706%2C8913%0A/trunk/qmmp:9936%2C9953%2C9959%2C10009%2C10041%2C10049%2C10066%2C10070%2C10073%2C10076%2C10079%2C10084%2C10096%2C10108%2C10114%2C10145%2C10148%2C10151%2C10180%2C10186%2C10199%2C10204%2C10208%2C10216%2C10232%2C10235%2C10243%2C10247%2C10279%2C10283%2C10288-10289%2C10292%2C10294%2C10299%2C10306%2C10334%2C10369
r10372
r10375
  +dir_prop: branches/qmmp-2.1 svn:mergeinfo /branches/qmmp-0.10:7522%0A/branches/qmmp-0.11:7919%0A/branches/qmmp-0.12:7828%2C7918%2C8045%2C8073-8075%2C8668%2C8705%0A/branches/qmmp-1.0:5596%0A/branches/qmmp-1.1:5819%2C5968%2C6043%2C6172%2C6233%2C6442%0A/branches/qmmp-1.2:6799%2C6945%2C6975%2C7173%2C7382%2C7520%0A/branches/qmmp-1.3:8706%2C8913%0A/trunk/qmmp:9936%2C9953%2C9959%2C10009%2C10041%2C10049%2C10066%2C10070%2C10073%2C10076%2C10079%2C10084%2C10096%2C10108%2C10114%2C10145%2C10148%2C10151%2C10180%2C10186%2C10199%2C10204%2C10208%2C10216%2C10232%2C10235%2C10243%2C10247%2C10279%2C10283%2C10288-10289%2C10292%2C10294%2C10299%2C10306%2C10334%2C10369%2C10374
r10380
  +dir_prop: branches/qmmp-2.1 svn:mergeinfo /branches/qmmp-0.10:7522%0A/branches/qmmp-0.11:7919%0A/branches/qmmp-0.12:7828%2C7918%2C8045%2C8073-8075%2C8668%2C8705%0A/branches/qmmp-1.0:5596%0A/branches/qmmp-1.1:5819%2C5968%2C6043%2C6172%2C6233%2C6442%0A/branches/qmmp-1.2:6799%2C6945%2C6975%2C7173%2C7382%2C7520%0A/branches/qmmp-1.3:8706%2C8913%0A/trunk/qmmp:9936%2C9953%2C9959%2C10009%2C10041%2C10049%2C10066%2C10070%2C10073%2C10076%2C10079%2C10084%2C10096%2C10108%2C10114%2C10145%2C10148%2C10151%2C10180%2C10186%2C10199%2C10204%2C10208%2C10216%2C10232%2C10235%2C10243%2C10247%2C10279%2C10283%2C10288-10289%2C10292%2C10294%2C10299%2C10306%2C10334%2C10369%2C10374%2C10379
r10382
r10384
  +dir_prop: branches/qmmp-2.1 svn:mergeinfo /branches/qmmp-0.10:7522%0A/branches/qmmp-0.11:7919%0A/branches/qmmp-0.12:7828%2C7918%2C8045%2C8073-8075%2C8668%2C8705%0A/branches/qmmp-1.0:5596%0A/branches/qmmp-1.1:5819%2C5968%2C6043%2C6172%2C6233%2C6442%0A/branches/qmmp-1.2:6799%2C6945%2C6975%2C7173%2C7382%2C7520%0A/branches/qmmp-1.3:8706%2C8913%0A/trunk/qmmp:9936%2C9953%2C9959%2C10009%2C10041%2C10049%2C10066%2C10070%2C10073%2C10076%2C10079%2C10084%2C10096%2C10108%2C10114%2C10145%2C10148%2C10151%2C10180%2C10186%2C10199%2C10204%2C10208%2C10216%2C10232%2C10235%2C10243%2C10247%2C10279%2C10283%2C10288-10289%2C10292%2C10294%2C10299%2C10306%2C10334%2C10369%2C10374%2C10379%2C10383
r10389
  +dir_prop: branches/qmmp-2.1 svn:mergeinfo /branches/qmmp-0.10:7522%0A/branches/qmmp-0.11:7919%0A/branches/qmmp-0.12:7828%2C7918%2C8045%2C8073-8075%2C8668%2C8705%0A/branches/qmmp-1.0:5596%0A/branches/qmmp-1.1:5819%2C5968%2C6043%2C6172%2C6233%2C6442%0A/branches/qmmp-1.2:6799%2C6945%2C6975%2C7173%2C7382%2C7520%0A/branches/qmmp-1.3:8706%2C8913%0A/trunk/qmmp:9936%2C9953%2C9959%2C10009%2C10041%2C10049%2C10066%2C10070%2C10073%2C10076%2C10079%2C10084%2C10096%2C10108%2C10114%2C10145%2C10148%2C10151%2C10180%2C10186%2C10199%2C10204%2C10208%2C10216%2C10232%2C10235%2C10243%2C10247%2C10279%2C10283%2C10288-10289%2C10292%2C10294%2C10299%2C10306%2C10334%2C10369%2C10374%2C10379%2C10383%2C10388
r10393
  +dir_prop: branches/qmmp-2.1 svn:mergeinfo /branches/qmmp-0.10:7522%0A/branches/qmmp-0.11:7919%0A/branches/qmmp-0.12:7828%2C7918%2C8045%2C8073-8075%2C8668%2C8705%0A/branches/qmmp-1.0:5596%0A/branches/qmmp-1.1:5819%2C5968%2C6043%2C6172%2C6233%2C6442%0A/branches/qmmp-1.2:6799%2C6945%2C6975%2C7173%2C7382%2C7520%0A/branches/qmmp-1.3:8706%2C8913%0A/trunk/qmmp:9936%2C9953%2C9959%2C10009%2C10041%2C10049%2C10066%2C10070%2C10073%2C10076%2C10079%2C10084%2C10096%2C10108%2C10114%2C10145%2C10148%2C10151%2C10180%2C10186%2C10199%2C10204%2C10208%2C10216%2C10232%2C10235%2C10243%2C10247%2C10279%2C10283%2C10288-10289%2C10292%2C10294%2C10299%2C10306%2C10334%2C10369%2C10374%2C10379%2C10383%2C10388%2C10392
r10395
r10397
r10399
  +dir_prop: branches/qmmp-2.1 svn:mergeinfo /branches/qmmp-0.10:7522%0A/branches/qmmp-0.11:7919%0A/branches/qmmp-0.12:7828%2C7918%2C8045%2C8073-8075%2C8668%2C8705%0A/branches/qmmp-1.0:5596%0A/branches/qmmp-1.1:5819%2C5968%2C6043%2C6172%2C6233%2C6442%0A/branches/qmmp-1.2:6799%2C6945%2C6975%2C7173%2C7382%2C7520%0A/branches/qmmp-1.3:8706%2C8913%0A/trunk/qmmp:9936%2C9953%2C9959%2C10009%2C10041%2C10049%2C10066%2C10070%2C10073%2C10076%2C10079%2C10084%2C10096%2C10108%2C10114%2C10145%2C10148%2C10151%2C10180%2C10186%2C10199%2C10204%2C10208%2C10216%2C10232%2C10235%2C10243%2C10247%2C10279%2C10283%2C10288-10289%2C10292%2C10294%2C10299%2C10306%2C10334%2C10369%2C10374%2C10379%2C10383%2C10388%2C10392%2C10398
r10406
  +dir_prop: branches/qmmp-2.1 svn:mergeinfo /branches/qmmp-0.10:7522%0A/branches/qmmp-0.11:7919%0A/branches/qmmp-0.12:7828%2C7918%2C8045%2C8073-8075%2C8668%2C8705%0A/branches/qmmp-1.0:5596%0A/branches/qmmp-1.1:5819%2C5968%2C6043%2C6172%2C6233%2C6442%0A/branches/qmmp-1.2:6799%2C6945%2C6975%2C7173%2C7382%2C7520%0A/branches/qmmp-1.3:8706%2C8913%0A/trunk/qmmp:9936%2C9953%2C9959%2C10009%2C10041%2C10049%2C10066%2C10070%2C10073%2C10076%2C10079%2C10084%2C10096%2C10108%2C10114%2C10145%2C10148%2C10151%2C10180%2C10186%2C10199%2C10204%2C10208%2C10216%2C10232%2C10235%2C10243%2C10247%2C10279%2C10283%2C10288-10289%2C10292%2C10294%2C10299%2C10306%2C10334%2C10369%2C10374%2C10379%2C10383%2C10388%2C10392%2C10398%2C10405
r10412
  +dir_prop: branches/qmmp-2.1 svn:mergeinfo /branches/qmmp-0.10:7522%0A/branches/qmmp-0.11:7919%0A/branches/qmmp-0.12:7828%2C7918%2C8045%2C8073-8075%2C8668%2C8705%0A/branches/qmmp-1.0:5596%0A/branches/qmmp-1.1:5819%2C5968%2C6043%2C6172%2C6233%2C6442%0A/branches/qmmp-1.2:6799%2C6945%2C6975%2C7173%2C7382%2C7520%0A/branches/qmmp-1.3:8706%2C8913%0A/trunk/qmmp:9936%2C9953%2C9959%2C10009%2C10041%2C10049%2C10066%2C10070%2C10073%2C10076%2C10079%2C10084%2C10096%2C10108%2C10114%2C10145%2C10148%2C10151%2C10180%2C10186%2C10199%2C10204%2C10208%2C10216%2C10232%2C10235%2C10243%2C10247%2C10279%2C10283%2C10288-10289%2C10292%2C10294%2C10299%2C10306%2C10334%2C10369%2C10374%2C10379%2C10383%2C10388%2C10392%2C10398%2C10405%2C10411
  +dir_prop: branches/qmmp-2.1/src/plugins/Ui/qsui svn:mergeinfo /branches/qmmp-0.12/src/plugins/Ui/qsui:8073-8075%0A/branches/qmmp-1.1/src/plugins/Ui/qsui:6172%0A/branches/qmmp-1.2/src/plugins/Ui/qsui:7382%0A/trunk/qmmp/src/plugins/Ui/qsui:10148%2C10151%2C10180%2C10247%2C10279%2C10283%2C10288-10289%2C10292%2C10294%2C10411%0A/trunk/qmmp/src/plugins/Ui/skinned:5223%2C6018-6019%2C6022
r10415
r10418
  +dir_prop: branches/qmmp-2.1 svn:mergeinfo /branches/qmmp-0.10:7522%0A/branches/qmmp-0.11:7919%0A/branches/qmmp-0.12:7828%2C7918%2C8045%2C8073-8075%2C8668%2C8705%0A/branches/qmmp-1.0:5596%0A/branches/qmmp-1.1:5819%2C5968%2C6043%2C6172%2C6233%2C6442%0A/branches/qmmp-1.2:6799%2C6945%2C6975%2C7173%2C7382%2C7520%0A/branches/qmmp-1.3:8706%2C8913%0A/trunk/qmmp:9936%2C9953%2C9959%2C10009%2C10041%2C10049%2C10066%2C10070%2C10073%2C10076%2C10079%2C10084%2C10096%2C10108%2C10114%2C10145%2C10148%2C10151%2C10180%2C10186%2C10199%2C10204%2C10208%2C10216%2C10232%2C10235%2C10243%2C10247%2C10279%2C10283%2C10288-10289%2C10292%2C10294%2C10299%2C10306%2C10334%2C10369%2C10374%2C10379%2C10383%2C10388%2C10392%2C10398%2C10405%2C10411%2C10417
r10429
r10430
r10460
  +dir_prop: branches/qmmp-2.1 svn:mergeinfo /branches/qmmp-0.10:7522%0A/branches/qmmp-0.11:7919%0A/branches/qmmp-0.12:7828%2C7918%2C8045%2C8073-8075%2C8668%2C8705%0A/branches/qmmp-1.0:5596%0A/branches/qmmp-1.1:5819%2C5968%2C6043%2C6172%2C6233%2C6442%0A/branches/qmmp-1.2:6799%2C6945%2C6975%2C7173%2C7382%2C7520%0A/branches/qmmp-1.3:8706%2C8913%0A/trunk/qmmp:9936%2C9953%2C9959%2C10009%2C10041%2C10049%2C10066%2C10070%2C10073%2C10076%2C10079%2C10084%2C10096%2C10108%2C10114%2C10145%2C10148%2C10151%2C10180%2C10186%2C10199%2C10204%2C10208%2C10216%2C10232%2C10235%2C10243%2C10247%2C10279%2C10283%2C10288-10289%2C10292%2C10294%2C10299%2C10306%2C10334%2C10369%2C10374%2C10379%2C10383%2C10388%2C10392%2C10398%2C10405%2C10411%2C10417%2C10459
r10467
  +dir_prop: branches/qmmp-2.1 svn:mergeinfo /branches/qmmp-0.10:7522%0A/branches/qmmp-0.11:7919%0A/branches/qmmp-0.12:7828%2C7918%2C8045%2C8073-8075%2C8668%2C8705%0A/branches/qmmp-1.0:5596%0A/branches/qmmp-1.1:5819%2C5968%2C6043%2C6172%2C6233%2C6442%0A/branches/qmmp-1.2:6799%2C6945%2C6975%2C7173%2C7382%2C7520%0A/branches/qmmp-1.3:8706%2C8913%0A/trunk/qmmp:9936%2C9953%2C9959%2C10009%2C10041%2C10049%2C10066%2C10070%2C10073%2C10076%2C10079%2C10084%2C10096%2C10108%2C10114%2C10145%2C10148%2C10151%2C10180%2C10186%2C10199%2C10204%2C10208%2C10216%2C10232%2C10235%2C10243%2C10247%2C10279%2C10283%2C10288-10289%2C10292%2C10294%2C10299%2C10306%2C10334%2C10369%2C10374%2C10379%2C10383%2C10388%2C10392%2C10398%2C10405%2C10411%2C10417%2C10459%2C10465
r10475
  +dir_prop: branches/qmmp-2.1 svn:mergeinfo /branches/qmmp-0.10:7522%0A/branches/qmmp-0.11:7919%0A/branches/qmmp-0.12:7828%2C7918%2C8045%2C8073-8075%2C8668%2C8705%0A/branches/qmmp-1.0:5596%0A/branches/qmmp-1.1:5819%2C5968%2C6043%2C6172%2C6233%2C6442%0A/branches/qmmp-1.2:6799%2C6945%2C6975%2C7173%2C7382%2C7520%0A/branches/qmmp-1.3:8706%2C8913%0A/trunk/qmmp:9936%2C9953%2C9959%2C10009%2C10041%2C10049%2C10066%2C10070%2C10073%2C10076%2C10079%2C10084%2C10096%2C10108%2C10114%2C10145%2C10148%2C10151%2C10180%2C10186%2C10199%2C10204%2C10208%2C10216%2C10232%2C10235%2C10243%2C10247%2C10279%2C10283%2C10288-10289%2C10292%2C10294%2C10299%2C10306%2C10334%2C10369%2C10374%2C10379%2C10383%2C10388%2C10392%2C10398%2C10405%2C10411%2C10417%2C10459%2C10465%2C10474
r10477
  +dir_prop: branches/qmmp-2.1 svn:mergeinfo /branches/qmmp-0.10:7522%0A/branches/qmmp-0.11:7919%0A/branches/qmmp-0.12:7828%2C7918%2C8045%2C8073-8075%2C8668%2C8705%0A/branches/qmmp-1.0:5596%0A/branches/qmmp-1.1:5819%2C5968%2C6043%2C6172%2C6233%2C6442%0A/branches/qmmp-1.2:6799%2C6945%2C6975%2C7173%2C7382%2C7520%0A/branches/qmmp-1.3:8706%2C8913%0A/trunk/qmmp:9936%2C9953%2C9959%2C10009%2C10041%2C10049%2C10066%2C10070%2C10073%2C10076%2C10079%2C10084%2C10096%2C10108%2C10114%2C10145%2C10148%2C10151%2C10180%2C10186%2C10199%2C10204%2C10208%2C10216%2C10232%2C10235%2C10243%2C10247%2C10279%2C10283%2C10288-10289%2C10292%2C10294%2C10299%2C10306%2C10334%2C10369%2C10374%2C10379%2C10383%2C10388%2C10392%2C10398%2C10405%2C10411%2C10417%2C10459%2C10465%2C10474%2C10476
r10479
  +dir_prop: branches/qmmp-2.1 svn:mergeinfo /branches/qmmp-0.10:7522%0A/branches/qmmp-0.11:7919%0A/branches/qmmp-0.12:7828%2C7918%2C8045%2C8073-8075%2C8668%2C8705%0A/branches/qmmp-1.0:5596%0A/branches/qmmp-1.1:5819%2C5968%2C6043%2C6172%2C6233%2C6442%0A/branches/qmmp-1.2:6799%2C6945%2C6975%2C7173%2C7382%2C7520%0A/branches/qmmp-1.3:8706%2C8913%0A/trunk/qmmp:9936%2C9953%2C9959%2C10009%2C10041%2C10049%2C10066%2C10070%2C10073%2C10076%2C10079%2C10084%2C10096%2C10108%2C10114%2C10145%2C10148%2C10151%2C10180%2C10186%2C10199%2C10204%2C10208%2C10216%2C10232%2C10235%2C10243%2C10247%2C10279%2C10283%2C10288-10289%2C10292%2C10294%2C10299%2C10306%2C10334%2C10369%2C10374%2C10379%2C10383%2C10388%2C10392%2C10398%2C10405%2C10411%2C10417%2C10459%2C10465%2C10474%2C10476%2C10478
r10484
  +dir_prop: branches/qmmp-2.1 svn:mergeinfo /branches/qmmp-0.10:7522%0A/branches/qmmp-0.11:7919%0A/branches/qmmp-0.12:7828%2C7918%2C8045%2C8073-8075%2C8668%2C8705%0A/branches/qmmp-1.0:5596%0A/branches/qmmp-1.1:5819%2C5968%2C6043%2C6172%2C6233%2C6442%0A/branches/qmmp-1.2:6799%2C6945%2C6975%2C7173%2C7382%2C7520%0A/branches/qmmp-1.3:8706%2C8913%0A/trunk/qmmp:9936%2C9953%2C9959%2C10009%2C10041%2C10049%2C10066%2C10070%2C10073%2C10076%2C10079%2C10084%2C10096%2C10108%2C10114%2C10145%2C10148%2C10151%2C10180%2C10186%2C10199%2C10204%2C10208%2C10216%2C10232%2C10235%2C10243%2C10247%2C10279%2C10283%2C10288-10289%2C10292%2C10294%2C10299%2C10306%2C10334%2C10369%2C10374%2C10379%2C10383%2C10388%2C10392%2C10398%2C10405%2C10411%2C10417%2C10459%2C10465%2C10474%2C10476%2C10478%2C10482
r10485
  +dir_prop: branches/qmmp-2.1 svn:mergeinfo /branches/qmmp-0.10:7522%0A/branches/qmmp-0.11:7919%0A/branches/qmmp-0.12:7828%2C7918%2C8045%2C8073-8075%2C8668%2C8705%0A/branches/qmmp-1.0:5596%0A/branches/qmmp-1.1:5819%2C5968%2C6043%2C6172%2C6233%2C6442%0A/branches/qmmp-1.2:6799%2C6945%2C6975%2C7173%2C7382%2C7520%0A/branches/qmmp-1.3:8706%2C8913%0A/trunk/qmmp:9936%2C9953%2C9959%2C10009%2C10041%2C10049%2C10066%2C10070%2C10073%2C10076%2C10079%2C10084%2C10096%2C10108%2C10114%2C10145%2C10148%2C10151%2C10180%2C10186%2C10199%2C10204%2C10208%2C10216%2C10232%2C10235%2C10243%2C10247%2C10279%2C10283%2C10288-10289%2C10292%2C10294%2C10299%2C10306%2C10334%2C10369%2C10374%2C10379%2C10383%2C10388%2C10392%2C10398%2C10405%2C10411%2C10417%2C10459%2C10465%2C10474%2C10476%2C10478%2C10482-10483
r10490
  +dir_prop: branches/qmmp-2.1 svn:mergeinfo /branches/qmmp-0.10:7522%0A/branches/qmmp-0.11:7919%0A/branches/qmmp-0.12:7828%2C7918%2C8045%2C8073-8075%2C8668%2C8705%0A/branches/qmmp-1.0:5596%0A/branches/qmmp-1.1:5819%2C5968%2C6043%2C6172%2C6233%2C6442%0A/branches/qmmp-1.2:6799%2C6945%2C6975%2C7173%2C7382%2C7520%0A/branches/qmmp-1.3:8706%2C8913%0A/trunk/qmmp:9936%2C9953%2C9959%2C10009%2C10041%2C10049%2C10066%2C10070%2C10073%2C10076%2C10079%2C10084%2C10096%2C10108%2C10114%2C10145%2C10148%2C10151%2C10180%2C10186%2C10199%2C10204%2C10208%2C10216%2C10232%2C10235%2C10243%2C10247%2C10279%2C10283%2C10288-10289%2C10292%2C10294%2C10299%2C10306%2C10334%2C10369%2C10374%2C10379%2C10383%2C10388%2C10392%2C10398%2C10405%2C10411%2C10417%2C10459%2C10465%2C10474%2C10476%2C10478%2C10482-10483%2C10487-10489
  +dir_prop: branches/qmmp-2.1/src/plugins/Ui/qsui svn:mergeinfo /branches/qmmp-0.12/src/plugins/Ui/qsui:8073-8075%0A/branches/qmmp-1.1/src/plugins/Ui/qsui:6172%0A/branches/qmmp-1.2/src/plugins/Ui/qsui:7382%0A/trunk/qmmp/src/plugins/Ui/qsui:10148%2C10151%2C10180%2C10247%2C10279%2C10283%2C10288-10289%2C10292%2C10294%2C10411%2C10488-10489%0A/trunk/qmmp/src/plugins/Ui/skinned:5223%2C6018-6019%2C6022
r10492
  +dir_prop: branches/qmmp-2.1 svn:mergeinfo /branches/qmmp-0.10:7522%0A/branches/qmmp-0.11:7919%0A/branches/qmmp-0.12:7828%2C7918%2C8045%2C8073-8075%2C8668%2C8705%0A/branches/qmmp-1.0:5596%0A/branches/qmmp-1.1:5819%2C5968%2C6043%2C6172%2C6233%2C6442%0A/branches/qmmp-1.2:6799%2C6945%2C6975%2C7173%2C7382%2C7520%0A/branches/qmmp-1.3:8706%2C8913%0A/trunk/qmmp:9936%2C9953%2C9959%2C10009%2C10041%2C10049%2C10066%2C10070%2C10073%2C10076%2C10079%2C10084%2C10096%2C10108%2C10114%2C10145%2C10148%2C10151%2C10180%2C10186%2C10199%2C10204%2C10208%2C10216%2C10232%2C10235%2C10243%2C10247%2C10279%2C10283%2C10288-10289%2C10292%2C10294%2C10299%2C10306%2C10334%2C10369%2C10374%2C10379%2C10383%2C10388%2C10392%2C10398%2C10405%2C10411%2C10417%2C10459%2C10465%2C10474%2C10476%2C10478%2C10482-10483%2C10487-10489%2C10491
r10494
r10495
  +dir_prop: branches/qmmp-2.1 svn:mergeinfo /branches/qmmp-0.10:7522%0A/branches/qmmp-0.11:7919%0A/branches/qmmp-0.12:7828%2C7918%2C8045%2C8073-8075%2C8668%2C8705%0A/branches/qmmp-1.0:5596%0A/branches/qmmp-1.1:5819%2C5968%2C6043%2C6172%2C6233%2C6442%0A/branches/qmmp-1.2:6799%2C6945%2C6975%2C7173%2C7382%2C7520%0A/branches/qmmp-1.3:8706%2C8913%0A/trunk/qmmp:9936%2C9953%2C9959%2C10009%2C10041%2C10049%2C10066%2C10070%2C10073%2C10076%2C10079%2C10084%2C10096%2C10108%2C10114%2C10145%2C10148%2C10151%2C10180%2C10186%2C10199%2C10204%2C10208%2C10216%2C10232%2C10235%2C10243%2C10247%2C10279%2C10283%2C10288-10289%2C10292%2C10294%2C10299%2C10306%2C10334%2C10369%2C10374%2C10379%2C10383%2C10388%2C10392%2C10398%2C10405%2C10411%2C10417%2C10459%2C10465%2C10474%2C10476%2C10478%2C10482-10483%2C10487-10489%2C10491%2C10494
r10503
r10518
r10520
r10521
r10522
r10528
r10530
r10531
r10532
r10534
r10536
  +dir_prop: branches/qmmp-2.1 svn:mergeinfo /branches/qmmp-0.10:7522%0A/branches/qmmp-0.11:7919%0A/branches/qmmp-0.12:7828%2C7918%2C8045%2C8073-8075%2C8668%2C8705%0A/branches/qmmp-1.0:5596%0A/branches/qmmp-1.1:5819%2C5968%2C6043%2C6172%2C6233%2C6442%0A/branches/qmmp-1.2:6799%2C6945%2C6975%2C7173%2C7382%2C7520%0A/branches/qmmp-1.3:8706%2C8913%0A/trunk/qmmp:9936%2C9953%2C9959%2C10009%2C10041%2C10049%2C10066%2C10070%2C10073%2C10076%2C10079%2C10084%2C10096%2C10108%2C10114%2C10145%2C10148%2C10151%2C10180%2C10186%2C10199%2C10204%2C10208%2C10216%2C10232%2C10235%2C10243%2C10247%2C10279%2C10283%2C10288-10289%2C10292%2C10294%2C10299%2C10306%2C10334%2C10369%2C10374%2C10379%2C10383%2C10388%2C10392%2C10398%2C10405%2C10411%2C10417%2C10459%2C10465%2C10474%2C10476%2C10478%2C10482-10483%2C10487-10489%2C10491%2C10494%2C10535
  +dir_prop: branches/qmmp-2.1/src/plugins/Ui/qsui svn:mergeinfo /branches/qmmp-0.12/src/plugins/Ui/qsui:8073-8075%0A/branches/qmmp-1.1/src/plugins/Ui/qsui:6172%0A/branches/qmmp-1.2/src/plugins/Ui/qsui:7382%0A/trunk/qmmp/src/plugins/Ui/qsui:10148%2C10151%2C10180%2C10247%2C10279%2C10283%2C10288-10289%2C10292%2C10294%2C10411%2C10488-10489%2C10535%0A/trunk/qmmp/src/plugins/Ui/skinned:5223%2C6018-6019%2C6022
r10546
r10547
r10563
  +dir_prop: branches/qmmp-2.1 svn:mergeinfo /branches/qmmp-0.10:7522%0A/branches/qmmp-0.11:7919%0A/branches/qmmp-0.12:7828%2C7918%2C8045%2C8073-8075%2C8668%2C8705%0A/branches/qmmp-1.0:5596%0A/branches/qmmp-1.1:5819%2C5968%2C6043%2C6172%2C6233%2C6442%0A/branches/qmmp-1.2:6799%2C6945%2C6975%2C7173%2C7382%2C7520%0A/branches/qmmp-1.3:8706%2C8913%0A/trunk/qmmp:9936%2C9953%2C9959%2C10009%2C10041%2C10049%2C10066%2C10070%2C10073%2C10076%2C10079%2C10084%2C10096%2C10108%2C10114%2C10145%2C10148%2C10151%2C10180%2C10186%2C10199%2C10204%2C10208%2C10216%2C10232%2C10235%2C10243%2C10247%2C10279%2C10283%2C10288-10289%2C10292%2C10294%2C10299%2C10306%2C10334%2C10369%2C10374%2C10379%2C10383%2C10388%2C10392%2C10398%2C10405%2C10411%2C10417%2C10459%2C10465%2C10474%2C10476%2C10478%2C10482-10483%2C10487-10489%2C10491%2C10494%2C10535%2C10561
  +dir_prop: branches/qmmp-2.1/src/plugins/Ui/qsui svn:mergeinfo /branches/qmmp-0.12/src/plugins/Ui/qsui:8073-8075%0A/branches/qmmp-1.1/src/plugins/Ui/qsui:6172%0A/branches/qmmp-1.2/src/plugins/Ui/qsui:7382%0A/trunk/qmmp/src/plugins/Ui/qsui:10148%2C10151%2C10180%2C10247%2C10279%2C10283%2C10288-10289%2C10292%2C10294%2C10411%2C10488-10489%2C10535%2C10561%0A/trunk/qmmp/src/plugins/Ui/skinned:5223%2C6018-6019%2C6022
r10564
  +dir_prop: branches/qmmp-2.1 svn:mergeinfo /branches/qmmp-0.10:7522%0A/branches/qmmp-0.11:7919%0A/branches/qmmp-0.12:7828%2C7918%2C8045%2C8073-8075%2C8668%2C8705%0A/branches/qmmp-1.0:5596%0A/branches/qmmp-1.1:5819%2C5968%2C6043%2C6172%2C6233%2C6442%0A/branches/qmmp-1.2:6799%2C6945%2C6975%2C7173%2C7382%2C7520%0A/branches/qmmp-1.3:8706%2C8913%0A/trunk/qmmp:9936%2C9953%2C9959%2C10009%2C10041%2C10049%2C10066%2C10070%2C10073%2C10076%2C10079%2C10084%2C10096%2C10108%2C10114%2C10145%2C10148%2C10151%2C10180%2C10186%2C10199%2C10204%2C10208%2C10216%2C10232%2C10235%2C10243%2C10247%2C10279%2C10283%2C10288-10289%2C10292%2C10294%2C10299%2C10306%2C10334%2C10369%2C10374%2C10379%2C10383%2C10388%2C10392%2C10398%2C10405%2C10411%2C10417%2C10459%2C10465%2C10474%2C10476%2C10478%2C10482-10483%2C10487-10489%2C10491%2C10494%2C10535%2C10561-10562
  +dir_prop: branches/qmmp-2.1/src/plugins/Ui/qsui svn:mergeinfo /branches/qmmp-0.12/src/plugins/Ui/qsui:8073-8075%0A/branches/qmmp-1.1/src/plugins/Ui/qsui:6172%0A/branches/qmmp-1.2/src/plugins/Ui/qsui:7382%0A/trunk/qmmp/src/plugins/Ui/qsui:10148%2C10151%2C10180%2C10247%2C10279%2C10283%2C10288-10289%2C10292%2C10294%2C10411%2C10488-10489%2C10535%2C10561-10562%0A/trunk/qmmp/src/plugins/Ui/skinned:5223%2C6018-6019%2C6022
r10567
  +dir_prop: branches/qmmp-2.1 svn:mergeinfo /branches/qmmp-0.10:7522%0A/branches/qmmp-0.11:7919%0A/branches/qmmp-0.12:7828%2C7918%2C8045%2C8073-8075%2C8668%2C8705%0A/branches/qmmp-1.0:5596%0A/branches/qmmp-1.1:5819%2C5968%2C6043%2C6172%2C6233%2C6442%0A/branches/qmmp-1.2:6799%2C6945%2C6975%2C7173%2C7382%2C7520%0A/branches/qmmp-1.3:8706%2C8913%0A/trunk/qmmp:9936%2C9953%2C9959%2C10009%2C10041%2C10049%2C10066%2C10070%2C10073%2C10076%2C10079%2C10084%2C10096%2C10108%2C10114%2C10145%2C10148%2C10151%2C10180%2C10186%2C10199%2C10204%2C10208%2C10216%2C10232%2C10235%2C10243%2C10247%2C10279%2C10283%2C10288-10289%2C10292%2C10294%2C10299%2C10306%2C10334%2C10369%2C10374%2C10379%2C10383%2C10388%2C10392%2C10398%2C10405%2C10411%2C10417%2C10459%2C10465%2C10474%2C10476%2C10478%2C10482-10483%2C10487-10489%2C10491%2C10494%2C10535%2C10561-10562%2C10565
  +dir_prop: branches/qmmp-2.1/src/plugins/Ui/qsui svn:mergeinfo /branches/qmmp-0.12/src/plugins/Ui/qsui:8073-8075%0A/branches/qmmp-1.1/src/plugins/Ui/qsui:6172%0A/branches/qmmp-1.2/src/plugins/Ui/qsui:7382%0A/trunk/qmmp/src/plugins/Ui/qsui:10148%2C10151%2C10180%2C10247%2C10279%2C10283%2C10288-10289%2C10292%2C10294%2C10411%2C10488-10489%2C10535%2C10561-10562%2C10565%0A/trunk/qmmp/src/plugins/Ui/skinned:5223%2C6018-6019%2C6022
r10568
  +dir_prop: branches/qmmp-2.1 svn:mergeinfo /branches/qmmp-0.10:7522%0A/branches/qmmp-0.11:7919%0A/branches/qmmp-0.12:7828%2C7918%2C8045%2C8073-8075%2C8668%2C8705%0A/branches/qmmp-1.0:5596%0A/branches/qmmp-1.1:5819%2C5968%2C6043%2C6172%2C6233%2C6442%0A/branches/qmmp-1.2:6799%2C6945%2C6975%2C7173%2C7382%2C7520%0A/branches/qmmp-1.3:8706%2C8913%0A/trunk/qmmp:9936%2C9953%2C9959%2C10009%2C10041%2C10049%2C10066%2C10070%2C10073%2C10076%2C10079%2C10084%2C10096%2C10108%2C10114%2C10145%2C10148%2C10151%2C10180%2C10186%2C10199%2C10204%2C10208%2C10216%2C10232%2C10235%2C10243%2C10247%2C10279%2C10283%2C10288-10289%2C10292%2C10294%2C10299%2C10306%2C10334%2C10369%2C10374%2C10379%2C10383%2C10388%2C10392%2C10398%2C10405%2C10411%2C10417%2C10459%2C10465%2C10474%2C10476%2C10478%2C10482-10483%2C10487-10489%2C10491%2C10494%2C10535%2C10561-10562%2C10565-10566
  +dir_prop: branches/qmmp-2.1/src/plugins/Ui/qsui svn:mergeinfo /branches/qmmp-0.12/src/plugins/Ui/qsui:8073-8075%0A/branches/qmmp-1.1/src/plugins/Ui/qsui:6172%0A/branches/qmmp-1.2/src/plugins/Ui/qsui:7382%0A/trunk/qmmp/src/plugins/Ui/qsui:10148%2C10151%2C10180%2C10247%2C10279%2C10283%2C10288-10289%2C10292%2C10294%2C10411%2C10488-10489%2C10535%2C10561-10562%2C10565-10566%0A/trunk/qmmp/src/plugins/Ui/skinned:5223%2C6018-6019%2C6022
r10572
r10583
  +dir_prop: branches/qmmp-2.1 svn:mergeinfo /branches/qmmp-0.10:7522%0A/branches/qmmp-0.11:7919%0A/branches/qmmp-0.12:7828%2C7918%2C8045%2C8073-8075%2C8668%2C8705%0A/branches/qmmp-1.0:5596%0A/branches/qmmp-1.1:5819%2C5968%2C6043%2C6172%2C6233%2C6442%0A/branches/qmmp-1.2:6799%2C6945%2C6975%2C7173%2C7382%2C7520%0A/branches/qmmp-1.3:8706%2C8913%0A/trunk/qmmp:9936%2C9953%2C9959%2C10009%2C10041%2C10049%2C10066%2C10070%2C10073%2C10076%2C10079%2C10084%2C10096%2C10108%2C10114%2C10145%2C10148%2C10151%2C10180%2C10186%2C10199%2C10204%2C10208%2C10216%2C10232%2C10235%2C10243%2C10247%2C10279%2C10283%2C10288-10289%2C10292%2C10294%2C10299%2C10306%2C10334%2C10369%2C10374%2C10379%2C10383%2C10388%2C10392%2C10398%2C10405%2C10411%2C10417%2C10459%2C10465%2C10474%2C10476%2C10478%2C10482-10483%2C10487-10489%2C10491%2C10494%2C10535%2C10561-10562%2C10565-10566%2C10578
r10584
  +dir_prop: branches/qmmp-2.1 svn:mergeinfo /branches/qmmp-0.10:7522%0A/branches/qmmp-0.11:7919%0A/branches/qmmp-0.12:7828%2C7918%2C8045%2C8073-8075%2C8668%2C8705%0A/branches/qmmp-1.0:5596%0A/branches/qmmp-1.1:5819%2C5968%2C6043%2C6172%2C6233%2C6442%0A/branches/qmmp-1.2:6799%2C6945%2C6975%2C7173%2C7382%2C7520%0A/branches/qmmp-1.3:8706%2C8913%0A/trunk/qmmp:9936%2C9953%2C9959%2C10009%2C10041%2C10049%2C10066%2C10070%2C10073%2C10076%2C10079%2C10084%2C10096%2C10108%2C10114%2C10145%2C10148%2C10151%2C10180%2C10186%2C10199%2C10204%2C10208%2C10216%2C10232%2C10235%2C10243%2C10247%2C10279%2C10283%2C10288-10289%2C10292%2C10294%2C10299%2C10306%2C10334%2C10369%2C10374%2C10379%2C10383%2C10388%2C10392%2C10398%2C10405%2C10411%2C10417%2C10459%2C10465%2C10474%2C10476%2C10478%2C10482-10483%2C10487-10489%2C10491%2C10494%2C10535%2C10561-10562%2C10565-10566%2C10578%2C10580
r10585
  +dir_prop: branches/qmmp-2.1 svn:mergeinfo /branches/qmmp-0.10:7522%0A/branches/qmmp-0.11:7919%0A/branches/qmmp-0.12:7828%2C7918%2C8045%2C8073-8075%2C8668%2C8705%0A/branches/qmmp-1.0:5596%0A/branches/qmmp-1.1:5819%2C5968%2C6043%2C6172%2C6233%2C6442%0A/branches/qmmp-1.2:6799%2C6945%2C6975%2C7173%2C7382%2C7520%0A/branches/qmmp-1.3:8706%2C8913%0A/trunk/qmmp:9936%2C9953%2C9959%2C10009%2C10041%2C10049%2C10066%2C10070%2C10073%2C10076%2C10079%2C10084%2C10096%2C10108%2C10114%2C10145%2C10148%2C10151%2C10180%2C10186%2C10199%2C10204%2C10208%2C10216%2C10232%2C10235%2C10243%2C10247%2C10279%2C10283%2C10288-10289%2C10292%2C10294%2C10299%2C10306%2C10334%2C10369%2C10374%2C10379%2C10383%2C10388%2C10392%2C10398%2C10405%2C10411%2C10417%2C10459%2C10465%2C10474%2C10476%2C10478%2C10482-10483%2C10487-10489%2C10491%2C10494%2C10535%2C10561-10562%2C10565-10566%2C10578%2C10580-10581
r10586
r10591
  +dir_prop: branches/qmmp-2.1 svn:mergeinfo /branches/qmmp-0.10:7522%0A/branches/qmmp-0.11:7919%0A/branches/qmmp-0.12:7828%2C7918%2C8045%2C8073-8075%2C8668%2C8705%0A/branches/qmmp-1.0:5596%0A/branches/qmmp-1.1:5819%2C5968%2C6043%2C6172%2C6233%2C6442%0A/branches/qmmp-1.2:6799%2C6945%2C6975%2C7173%2C7382%2C7520%0A/branches/qmmp-1.3:8706%2C8913%0A/trunk/qmmp:9936%2C9953%2C9959%2C10009%2C10041%2C10049%2C10066%2C10070%2C10073%2C10076%2C10079%2C10084%2C10096%2C10108%2C10114%2C10145%2C10148%2C10151%2C10180%2C10186%2C10199%2C10204%2C10208%2C10216%2C10232%2C10235%2C10243%2C10247%2C10279%2C10283%2C10288-10289%2C10292%2C10294%2C10299%2C10306%2C10334%2C10369%2C10374%2C10379%2C10383%2C10388%2C10392%2C10398%2C10405%2C10411%2C10417%2C10459%2C10465%2C10474%2C10476%2C10478%2C10482-10483%2C10487-10489%2C10491%2C10494%2C10535%2C10561-10562%2C10565-10566%2C10578%2C10580-10581%2C10590
r10595
r10597
r10601
  +dir_prop: branches/qmmp-2.1 svn:mergeinfo /branches/qmmp-0.10:7522%0A/branches/qmmp-0.11:7919%0A/branches/qmmp-0.12:7828%2C7918%2C8045%2C8073-8075%2C8668%2C8705%0A/branches/qmmp-1.0:5596%0A/branches/qmmp-1.1:5819%2C5968%2C6043%2C6172%2C6233%2C6442%0A/branches/qmmp-1.2:6799%2C6945%2C6975%2C7173%2C7382%2C7520%0A/branches/qmmp-1.3:8706%2C8913%0A/trunk/qmmp:9936%2C9953%2C9959%2C10009%2C10041%2C10049%2C10066%2C10070%2C10073%2C10076%2C10079%2C10084%2C10096%2C10108%2C10114%2C10145%2C10148%2C10151%2C10180%2C10186%2C10199%2C10204%2C10208%2C10216%2C10232%2C10235%2C10243%2C10247%2C10279%2C10283%2C10288-10289%2C10292%2C10294%2C10299%2C10306%2C10334%2C10369%2C10374%2C10379%2C10383%2C10388%2C10392%2C10398%2C10405%2C10411%2C10417%2C10459%2C10465%2C10474%2C10476%2C10478%2C10482-10483%2C10487-10489%2C10491%2C10494%2C10535%2C10561-10562%2C10565-10566%2C10578%2C10580-10581%2C10590%2C10600
r10602
r10606
  +dir_prop: branches/qmmp-2.1 svn:mergeinfo /branches/qmmp-0.10:7522%0A/branches/qmmp-0.11:7919%0A/branches/qmmp-0.12:7828%2C7918%2C8045%2C8073-8075%2C8668%2C8705%0A/branches/qmmp-1.0:5596%0A/branches/qmmp-1.1:5819%2C5968%2C6043%2C6172%2C6233%2C6442%0A/branches/qmmp-1.2:6799%2C6945%2C6975%2C7173%2C7382%2C7520%0A/branches/qmmp-1.3:8706%2C8913%0A/trunk/qmmp:9936%2C9953%2C9959%2C10009%2C10041%2C10049%2C10066%2C10070%2C10073%2C10076%2C10079%2C10084%2C10096%2C10108%2C10114%2C10145%2C10148%2C10151%2C10180%2C10186%2C10199%2C10204%2C10208%2C10216%2C10232%2C10235%2C10243%2C10247%2C10279%2C10283%2C10288-10289%2C10292%2C10294%2C10299%2C10306%2C10334%2C10369%2C10374%2C10379%2C10383%2C10388%2C10392%2C10398%2C10405%2C10411%2C10417%2C10459%2C10465%2C10474%2C10476%2C10478%2C10482-10483%2C10487-10489%2C10491%2C10494%2C10535%2C10561-10562%2C10565-10566%2C10578%2C10580-10581%2C10590%2C10600%2C10604
r10608
r10613
r10615
r10616
r10617
r10618
r10620
r10625
r10629
r10642
  +dir_prop: branches/qmmp-2.1 svn:mergeinfo /branches/qmmp-0.10:7522%0A/branches/qmmp-0.11:7919%0A/branches/qmmp-0.12:7828%2C7918%2C8045%2C8073-8075%2C8668%2C8705%0A/branches/qmmp-1.0:5596%0A/branches/qmmp-1.1:5819%2C5968%2C6043%2C6172%2C6233%2C6442%0A/branches/qmmp-1.2:6799%2C6945%2C6975%2C7173%2C7382%2C7520%0A/branches/qmmp-1.3:8706%2C8913%0A/trunk/qmmp:9936%2C9953%2C9959%2C10009%2C10041%2C10049%2C10066%2C10070%2C10073%2C10076%2C10079%2C10084%2C10096%2C10108%2C10114%2C10145%2C10148%2C10151%2C10180%2C10186%2C10199%2C10204%2C10208%2C10216%2C10232%2C10235%2C10243%2C10247%2C10279%2C10283%2C10288-10289%2C10292%2C10294%2C10299%2C10306%2C10334%2C10369%2C10374%2C10379%2C10383%2C10388%2C10392%2C10398%2C10405%2C10411%2C10417%2C10459%2C10465%2C10474%2C10476%2C10478%2C10482-10483%2C10487-10489%2C10491%2C10494%2C10535%2C10561-10562%2C10565-10566%2C10578%2C10580-10581%2C10590%2C10600%2C10604%2C10639%2C10641
r10643
  +dir_prop: branches/qmmp-2.1 svn:mergeinfo /branches/qmmp-0.10:7522%0A/branches/qmmp-0.11:7919%0A/branches/qmmp-0.12:7828%2C7918%2C8045%2C8073-8075%2C8668%2C8705%0A/branches/qmmp-1.0:5596%0A/branches/qmmp-1.1:5819%2C5968%2C6043%2C6172%2C6233%2C6442%0A/branches/qmmp-1.2:6799%2C6945%2C6975%2C7173%2C7382%2C7520%0A/branches/qmmp-1.3:8706%2C8913%0A/trunk/qmmp:9936%2C9953%2C9959%2C10009%2C10041%2C10049%2C10066%2C10070%2C10073%2C10076%2C10079%2C10084%2C10096%2C10108%2C10114%2C10145%2C10148%2C10151%2C10180%2C10186%2C10199%2C10204%2C10208%2C10216%2C10232%2C10235%2C10243%2C10247%2C10279%2C10283%2C10288-10289%2C10292%2C10294%2C10299%2C10306%2C10334%2C10369%2C10374%2C10379%2C10383%2C10388%2C10392%2C10398%2C10405%2C10411%2C10417%2C10459%2C10465%2C10474%2C10476%2C10478%2C10482-10483%2C10487-10489%2C10491%2C10494%2C10535%2C10561-10562%2C10565-10566%2C10578%2C10580-10581%2C10590%2C10600%2C10604%2C10639-10641
r10647
  +dir_prop: branches/qmmp-2.1 svn:mergeinfo /branches/qmmp-0.10:7522%0A/branches/qmmp-0.11:7919%0A/branches/qmmp-0.12:7828%2C7918%2C8045%2C8073-8075%2C8668%2C8705%0A/branches/qmmp-1.0:5596%0A/branches/qmmp-1.1:5819%2C5968%2C6043%2C6172%2C6233%2C6442%0A/branches/qmmp-1.2:6799%2C6945%2C6975%2C7173%2C7382%2C7520%0A/branches/qmmp-1.3:8706%2C8913%0A/branches/qmmp-1.6:10646%0A/trunk/qmmp:9936%2C9953%2C9959%2C10009%2C10041%2C10049%2C10066%2C10070%2C10073%2C10076%2C10079%2C10084%2C10096%2C10108%2C10114%2C10145%2C10148%2C10151%2C10180%2C10186%2C10199%2C10204%2C10208%2C10216%2C10232%2C10235%2C10243%2C10247%2C10279%2C10283%2C10288-10289%2C10292%2C10294%2C10299%2C10306%2C10334%2C10369%2C10374%2C10379%2C10383%2C10388%2C10392%2C10398%2C10405%2C10411%2C10417%2C10459%2C10465%2C10474%2C10476%2C10478%2C10482-10483%2C10487-10489%2C10491%2C10494%2C10535%2C10561-10562%2C10565-10566%2C10578%2C10580-10581%2C10590%2C10600%2C10604%2C10639-10641
r10650
r10658
  +dir_prop: branches/qmmp-2.1 svn:mergeinfo /branches/qmmp-0.10:7522%0A/branches/qmmp-0.11:7919%0A/branches/qmmp-0.12:7828%2C7918%2C8045%2C8073-8075%2C8668%2C8705%0A/branches/qmmp-1.0:5596%0A/branches/qmmp-1.1:5819%2C5968%2C6043%2C6172%2C6233%2C6442%0A/branches/qmmp-1.2:6799%2C6945%2C6975%2C7173%2C7382%2C7520%0A/branches/qmmp-1.3:8706%2C8913%0A/branches/qmmp-1.6:10646%0A/trunk/qmmp:9936%2C9953%2C9959%2C10009%2C10041%2C10049%2C10066%2C10070%2C10073%2C10076%2C10079%2C10084%2C10096%2C10108%2C10114%2C10145%2C10148%2C10151%2C10180%2C10186%2C10199%2C10204%2C10208%2C10216%2C10232%2C10235%2C10243%2C10247%2C10279%2C10283%2C10288-10289%2C10292%2C10294%2C10299%2C10306%2C10334%2C10369%2C10374%2C10379%2C10383%2C10388%2C10392%2C10398%2C10405%2C10411%2C10417%2C10459%2C10465%2C10474%2C10476%2C10478%2C10482-10483%2C10487-10489%2C10491%2C10494%2C10535%2C10561-10562%2C10565-10566%2C10578%2C10580-10581%2C10590%2C10600%2C10604%2C10639-10641%2C10657
r10663
r10667
  +dir_prop: branches/qmmp-2.1 svn:mergeinfo /branches/qmmp-0.10:7522%0A/branches/qmmp-0.11:7919%0A/branches/qmmp-0.12:7828%2C7918%2C8045%2C8073-8075%2C8668%2C8705%0A/branches/qmmp-1.0:5596%0A/branches/qmmp-1.1:5819%2C5968%2C6043%2C6172%2C6233%2C6442%0A/branches/qmmp-1.2:6799%2C6945%2C6975%2C7173%2C7382%2C7520%0A/branches/qmmp-1.3:8706%2C8913%0A/branches/qmmp-1.6:10646%2C10666%0A/trunk/qmmp:9936%2C9953%2C9959%2C10009%2C10041%2C10049%2C10066%2C10070%2C10073%2C10076%2C10079%2C10084%2C10096%2C10108%2C10114%2C10145%2C10148%2C10151%2C10180%2C10186%2C10199%2C10204%2C10208%2C10216%2C10232%2C10235%2C10243%2C10247%2C10279%2C10283%2C10288-10289%2C10292%2C10294%2C10299%2C10306%2C10334%2C10369%2C10374%2C10379%2C10383%2C10388%2C10392%2C10398%2C10405%2C10411%2C10417%2C10459%2C10465%2C10474%2C10476%2C10478%2C10482-10483%2C10487-10489%2C10491%2C10494%2C10535%2C10561-10562%2C10565-10566%2C10578%2C10580-10581%2C10590%2C10600%2C10604%2C10639-10641%2C10657
r10674
r10677
r10686
  +dir_prop: branches/qmmp-2.1 svn:mergeinfo /branches/qmmp-0.10:7522%0A/branches/qmmp-0.11:7919%0A/branches/qmmp-0.12:7828%2C7918%2C8045%2C8073-8075%2C8668%2C8705%0A/branches/qmmp-1.0:5596%0A/branches/qmmp-1.1:5819%2C5968%2C6043%2C6172%2C6233%2C6442%0A/branches/qmmp-1.2:6799%2C6945%2C6975%2C7173%2C7382%2C7520%0A/branches/qmmp-1.3:8706%2C8913%0A/branches/qmmp-1.6:10646%2C10666%0A/trunk/qmmp:9936%2C9953%2C9959%2C10009%2C10041%2C10049%2C10066%2C10070%2C10073%2C10076%2C10079%2C10084%2C10096%2C10108%2C10114%2C10145%2C10148%2C10151%2C10180%2C10186%2C10199%2C10204%2C10208%2C10216%2C10232%2C10235%2C10243%2C10247%2C10279%2C10283%2C10288-10289%2C10292%2C10294%2C10299%2C10306%2C10334%2C10369%2C10374%2C10379%2C10383%2C10388%2C10392%2C10398%2C10405%2C10411%2C10417%2C10459%2C10465%2C10474%2C10476%2C10478%2C10482-10483%2C10487-10489%2C10491%2C10494%2C10535%2C10561-10562%2C10565-10566%2C10578%2C10580-10581%2C10590%2C10600%2C10604%2C10639-10641%2C10657%2C10684
r10689
  +dir_prop: branches/qmmp-2.1 svn:mergeinfo /branches/qmmp-0.10:7522%0A/branches/qmmp-0.11:7919%0A/branches/qmmp-0.12:7828%2C7918%2C8045%2C8073-8075%2C8668%2C8705%0A/branches/qmmp-1.0:5596%0A/branches/qmmp-1.1:5819%2C5968%2C6043%2C6172%2C6233%2C6442%0A/branches/qmmp-1.2:6799%2C6945%2C6975%2C7173%2C7382%2C7520%0A/branches/qmmp-1.3:8706%2C8913%0A/branches/qmmp-1.6:10646%2C10666%0A/trunk/qmmp:9936%2C9953%2C9959%2C10009%2C10041%2C10049%2C10066%2C10070%2C10073%2C10076%2C10079%2C10084%2C10096%2C10108%2C10114%2C10145%2C10148%2C10151%2C10180%2C10186%2C10199%2C10204%2C10208%2C10216%2C10232%2C10235%2C10243%2C10247%2C10279%2C10283%2C10288-10289%2C10292%2C10294%2C10299%2C10306%2C10334%2C10369%2C10374%2C10379%2C10383%2C10388%2C10392%2C10398%2C10405%2C10411%2C10417%2C10459%2C10465%2C10474%2C10476%2C10478%2C10482-10483%2C10487-10489%2C10491%2C10494%2C10535%2C10561-10562%2C10565-10566%2C10578%2C10580-10581%2C10590%2C10600%2C10604%2C10639-10641%2C10657%2C10684%2C10687
r10691
r10704
  -empty_dir: branches/qmmp-2.1/src/qmmpui/images/associations.png
  -empty_dir: branches/qmmp-2.1/src/qmmpui/winfileassoc.cpp
  -empty_dir: branches/qmmp-2.1/src/qmmpui/winfileassoc.h
  -empty_dir: branches/qmmp-2.1/src/qmmpui/winfileassocpage.cpp
  -empty_dir: branches/qmmp-2.1/src/qmmpui/winfileassocpage_p.h
  +dir_prop: branches/qmmp-2.1 svn:mergeinfo /branches/qmmp-0.10:7522%0A/branches/qmmp-0.11:7919%0A/branches/qmmp-0.12:7828%2C7918%2C8045%2C8073-8075%2C8668%2C8705%0A/branches/qmmp-1.0:5596%0A/branches/qmmp-1.1:5819%2C5968%2C6043%2C6172%2C6233%2C6442%0A/branches/qmmp-1.2:6799%2C6945%2C6975%2C7173%2C7382%2C7520%0A/branches/qmmp-1.3:8706%2C8913%0A/branches/qmmp-1.6:10646%2C10666%0A/trunk/qmmp:9936%2C9953%2C9959%2C10009%2C10041%2C10049%2C10066%2C10070%2C10073%2C10076%2C10079%2C10084%2C10096%2C10108%2C10114%2C10145%2C10148%2C10151%2C10180%2C10186%2C10199%2C10204%2C10208%2C10216%2C10232%2C10235%2C10243%2C10247%2C10279%2C10283%2C10288-10289%2C10292%2C10294%2C10299%2C10306%2C10334%2C10369%2C10374%2C10379%2C10383%2C10388%2C10392%2C10398%2C10405%2C10411%2C10417%2C10459%2C10465%2C10474%2C10476%2C10478%2C10482-10483%2C10487-10489%2C10491%2C10494%2C10535%2C10561-10562%2C10565-10566%2C10578%2C10580-10581%2C10590%2C10600%2C10604%2C10639-10641%2C10657%2C10684%2C10687%2C10694-10696
r10708
  +dir_prop: branches/qmmp-2.1 svn:mergeinfo /branches/qmmp-0.10:7522%0A/branches/qmmp-0.11:7919%0A/branches/qmmp-0.12:7828%2C7918%2C8045%2C8073-8075%2C8668%2C8705%0A/branches/qmmp-1.0:5596%0A/branches/qmmp-1.1:5819%2C5968%2C6043%2C6172%2C6233%2C6442%0A/branches/qmmp-1.2:6799%2C6945%2C6975%2C7173%2C7382%2C7520%0A/branches/qmmp-1.3:8706%2C8913%0A/branches/qmmp-1.6:10646%2C10666%0A/trunk/qmmp:9936%2C9953%2C9959%2C10009%2C10041%2C10049%2C10066%2C10070%2C10073%2C10076%2C10079%2C10084%2C10096%2C10108%2C10114%2C10145%2C10148%2C10151%2C10180%2C10186%2C10199%2C10204%2C10208%2C10216%2C10232%2C10235%2C10243%2C10247%2C10279%2C10283%2C10288-10289%2C10292%2C10294%2C10299%2C10306%2C10334%2C10369%2C10374%2C10379%2C10383%2C10388%2C10392%2C10398%2C10405%2C10411%2C10417%2C10459%2C10465%2C10474%2C10476%2C10478%2C10482-10483%2C10487-10489%2C10491%2C10494%2C10535%2C10561-10562%2C10565-10566%2C10578%2C10580-10581%2C10590%2C10600%2C10604%2C10639-10641%2C10657%2C10684%2C10687%2C10694-10696%2C10706
r10709
  +dir_prop: branches/qmmp-2.1 svn:mergeinfo /branches/qmmp-0.10:7522%0A/branches/qmmp-0.11:7919%0A/branches/qmmp-0.12:7828%2C7918%2C8045%2C8073-8075%2C8668%2C8705%0A/branches/qmmp-1.0:5596%0A/branches/qmmp-1.1:5819%2C5968%2C6043%2C6172%2C6233%2C6442%0A/branches/qmmp-1.2:6799%2C6945%2C6975%2C7173%2C7382%2C7520%0A/branches/qmmp-1.3:8706%2C8913%0A/branches/qmmp-1.6:10646%2C10666%0A/trunk/qmmp:9936%2C9953%2C9959%2C10009%2C10041%2C10049%2C10066%2C10070%2C10073%2C10076%2C10079%2C10084%2C10096%2C10108%2C10114%2C10145%2C10148%2C10151%2C10180%2C10186%2C10199%2C10204%2C10208%2C10216%2C10232%2C10235%2C10243%2C10247%2C10279%2C10283%2C10288-10289%2C10292%2C10294%2C10299%2C10306%2C10334%2C10369%2C10374%2C10379%2C10383%2C10388%2C10392%2C10398%2C10405%2C10411%2C10417%2C10459%2C10465%2C10474%2C10476%2C10478%2C10482-10483%2C10487-10489%2C10491%2C10494%2C10535%2C10561-10562%2C10565-10566%2C10578%2C10580-10581%2C10590%2C10600%2C10604%2C10639-10641%2C10657%2C10684%2C10687%2C10694-10696%2C10706-10707
r10710
r10712
r10715
r10720
r10724
  -empty_dir: branches/qmmp-2.1/src/plugins/General/hal
  +dir_prop: branches/qmmp-2.1 svn:mergeinfo /branches/qmmp-0.10:7522%0A/branches/qmmp-0.11:7919%0A/branches/qmmp-0.12:7828%2C7918%2C8045%2C8073-8075%2C8668%2C8705%0A/branches/qmmp-1.0:5596%0A/branches/qmmp-1.1:5819%2C5968%2C6043%2C6172%2C6233%2C6442%0A/branches/qmmp-1.2:6799%2C6945%2C6975%2C7173%2C7382%2C7520%0A/branches/qmmp-1.3:8706%2C8913%0A/branches/qmmp-1.6:10646%2C10666%0A/trunk/qmmp:9936%2C9953%2C9959%2C10009%2C10041%2C10049%2C10066%2C10070%2C10073%2C10076%2C10079%2C10084%2C10096%2C10108%2C10114%2C10145%2C10148%2C10151%2C10180%2C10186%2C10199%2C10204%2C10208%2C10216%2C10232%2C10235%2C10243%2C10247%2C10279%2C10283%2C10288-10289%2C10292%2C10294%2C10299%2C10306%2C10334%2C10369%2C10374%2C10379%2C10383%2C10388%2C10392%2C10398%2C10405%2C10411%2C10417%2C10459%2C10465%2C10474%2C10476%2C10478%2C10482-10483%2C10487-10489%2C10491%2C10494%2C10535%2C10561-10562%2C10565-10566%2C10578%2C10580-10581%2C10590%2C10600%2C10604%2C10639-10641%2C10657%2C10684%2C10687%2C10694-10696%2C10706-10707%2C10721-10722
r10728
  +dir_prop: branches/qmmp-2.1 svn:mergeinfo /branches/qmmp-0.10:7522%0A/branches/qmmp-0.11:7919%0A/branches/qmmp-0.12:7828%2C7918%2C8045%2C8073-8075%2C8668%2C8705%0A/branches/qmmp-1.0:5596%0A/branches/qmmp-1.1:5819%2C5968%2C6043%2C6172%2C6233%2C6442%0A/branches/qmmp-1.2:6799%2C6945%2C6975%2C7173%2C7382%2C7520%0A/branches/qmmp-1.3:8706%2C8913%0A/branches/qmmp-1.6:10646%2C10666%2C10727%0A/trunk/qmmp:9936%2C9953%2C9959%2C10009%2C10041%2C10049%2C10066%2C10070%2C10073%2C10076%2C10079%2C10084%2C10096%2C10108%2C10114%2C10145%2C10148%2C10151%2C10180%2C10186%2C10199%2C10204%2C10208%2C10216%2C10232%2C10235%2C10243%2C10247%2C10279%2C10283%2C10288-10289%2C10292%2C10294%2C10299%2C10306%2C10334%2C10369%2C10374%2C10379%2C10383%2C10388%2C10392%2C10398%2C10405%2C10411%2C10417%2C10459%2C10465%2C10474%2C10476%2C10478%2C10482-10483%2C10487-10489%2C10491%2C10494%2C10535%2C10561-10562%2C10565-10566%2C10578%2C10580-10581%2C10590%2C10600%2C10604%2C10639-10641%2C10657%2C10684%2C10687%2C10694-10696%2C10706-10707%2C10721-10722
r10729
r10731
r10733
  +dir_prop: branches/qmmp-2.1 svn:mergeinfo /branches/qmmp-0.10:7522%0A/branches/qmmp-0.11:7919%0A/branches/qmmp-0.12:7828%2C7918%2C8045%2C8073-8075%2C8668%2C8705%0A/branches/qmmp-1.0:5596%0A/branches/qmmp-1.1:5819%2C5968%2C6043%2C6172%2C6233%2C6442%0A/branches/qmmp-1.2:6799%2C6945%2C6975%2C7173%2C7382%2C7520%0A/branches/qmmp-1.3:8706%2C8913%0A/branches/qmmp-1.6:10646%2C10666%2C10727%0A/trunk/qmmp:9936%2C9953%2C9959%2C10009%2C10041%2C10049%2C10066%2C10070%2C10073%2C10076%2C10079%2C10084%2C10096%2C10108%2C10114%2C10145%2C10148%2C10151%2C10180%2C10186%2C10199%2C10204%2C10208%2C10216%2C10232%2C10235%2C10243%2C10247%2C10279%2C10283%2C10288-10289%2C10292%2C10294%2C10299%2C10306%2C10334%2C10369%2C10374%2C10379%2C10383%2C10388%2C10392%2C10398%2C10405%2C10411%2C10417%2C10459%2C10465%2C10474%2C10476%2C10478%2C10482-10483%2C10487-10489%2C10491%2C10494%2C10535%2C10561-10562%2C10565-10566%2C10578%2C10580-10581%2C10590%2C10600%2C10604%2C10639-10641%2C10657%2C10684%2C10687%2C10694-10696%2C10706-10707%2C10721-10722%2C10732
r10735
r10736
r10738
r10740
r10742
r10744
r10746
r10751
r10758
  +dir_prop: branches/qmmp-2.1 svn:mergeinfo /branches/qmmp-0.10:7522%0A/branches/qmmp-0.11:7919%0A/branches/qmmp-0.12:7828%2C7918%2C8045%2C8073-8075%2C8668%2C8705%0A/branches/qmmp-1.0:5596%0A/branches/qmmp-1.1:5819%2C5968%2C6043%2C6172%2C6233%2C6442%0A/branches/qmmp-1.2:6799%2C6945%2C6975%2C7173%2C7382%2C7520%0A/branches/qmmp-1.3:8706%2C8913%0A/branches/qmmp-1.6:10646%2C10666%2C10727%0A/trunk/qmmp:9936%2C9953%2C9959%2C10009%2C10041%2C10049%2C10066%2C10070%2C10073%2C10076%2C10079%2C10084%2C10096%2C10108%2C10114%2C10145%2C10148%2C10151%2C10180%2C10186%2C10199%2C10204%2C10208%2C10216%2C10232%2C10235%2C10243%2C10247%2C10279%2C10283%2C10288-10289%2C10292%2C10294%2C10299%2C10306%2C10334%2C10369%2C10374%2C10379%2C10383%2C10388%2C10392%2C10398%2C10405%2C10411%2C10417%2C10459%2C10465%2C10474%2C10476%2C10478%2C10482-10483%2C10487-10489%2C10491%2C10494%2C10535%2C10561-10562%2C10565-10566%2C10578%2C10580-10581%2C10590%2C10600%2C10604%2C10639-10641%2C10657%2C10684%2C10687%2C10694-10696%2C10706-10707%2C10721-10722%2C10732%2C10756
r10773
  +dir_prop: branches/qmmp-2.1 svn:mergeinfo /branches/qmmp-0.10:7522%0A/branches/qmmp-0.11:7919%0A/branches/qmmp-0.12:7828%2C7918%2C8045%2C8073-8075%2C8668%2C8705%0A/branches/qmmp-1.0:5596%0A/branches/qmmp-1.1:5819%2C5968%2C6043%2C6172%2C6233%2C6442%0A/branches/qmmp-1.2:6799%2C6945%2C6975%2C7173%2C7382%2C7520%0A/branches/qmmp-1.3:8706%2C8913%0A/branches/qmmp-1.6:10646%2C10666%2C10727%0A/trunk/qmmp:9936%2C9953%2C9959%2C10009%2C10041%2C10049%2C10066%2C10070%2C10073%2C10076%2C10079%2C10084%2C10096%2C10108%2C10114%2C10145%2C10148%2C10151%2C10180%2C10186%2C10199%2C10204%2C10208%2C10216%2C10232%2C10235%2C10243%2C10247%2C10279%2C10283%2C10288-10289%2C10292%2C10294%2C10299%2C10306%2C10334%2C10369%2C10374%2C10379%2C10383%2C10388%2C10392%2C10398%2C10405%2C10411%2C10417%2C10459%2C10465%2C10474%2C10476%2C10478%2C10482-10483%2C10487-10489%2C10491%2C10494%2C10535%2C10561-10562%2C10565-10566%2C10578%2C10580-10581%2C10590%2C10600%2C10604%2C10639-10641%2C10657%2C10684%2C10687%2C10694-10696%2C10706-10707%2C10721-10722%2C10732%2C10756%2C10772
r10776
r10779
r10781
  +dir_prop: branches/qmmp-2.1 svn:mergeinfo /branches/qmmp-0.10:7522%0A/branches/qmmp-0.11:7919%0A/branches/qmmp-0.12:7828%2C7918%2C8045%2C8073-8075%2C8668%2C8705%0A/branches/qmmp-1.0:5596%0A/branches/qmmp-1.1:5819%2C5968%2C6043%2C6172%2C6233%2C6442%0A/branches/qmmp-1.2:6799%2C6945%2C6975%2C7173%2C7382%2C7520%0A/branches/qmmp-1.3:8706%2C8913%0A/branches/qmmp-1.6:10646%2C10666%2C10727%2C10780%0A/trunk/qmmp:9936%2C9953%2C9959%2C10009%2C10041%2C10049%2C10066%2C10070%2C10073%2C10076%2C10079%2C10084%2C10096%2C10108%2C10114%2C10145%2C10148%2C10151%2C10180%2C10186%2C10199%2C10204%2C10208%2C10216%2C10232%2C10235%2C10243%2C10247%2C10279%2C10283%2C10288-10289%2C10292%2C10294%2C10299%2C10306%2C10334%2C10369%2C10374%2C10379%2C10383%2C10388%2C10392%2C10398%2C10405%2C10411%2C10417%2C10459%2C10465%2C10474%2C10476%2C10478%2C10482-10483%2C10487-10489%2C10491%2C10494%2C10535%2C10561-10562%2C10565-10566%2C10578%2C10580-10581%2C10590%2C10600%2C10604%2C10639-10641%2C10657%2C10684%2C10687%2C10694-10696%2C10706-10707%2C10721-10722%2C10732%2C10756%2C10772
r10786
r10789
  +dir_prop: branches/qmmp-2.1 svn:mergeinfo /branches/qmmp-0.10:7522%0A/branches/qmmp-0.11:7919%0A/branches/qmmp-0.12:7828%2C7918%2C8045%2C8073-8075%2C8668%2C8705%0A/branches/qmmp-1.0:5596%0A/branches/qmmp-1.1:5819%2C5968%2C6043%2C6172%2C6233%2C6442%0A/branches/qmmp-1.2:6799%2C6945%2C6975%2C7173%2C7382%2C7520%0A/branches/qmmp-1.3:8706%2C8913%0A/branches/qmmp-1.6:10646%2C10666%2C10727%2C10780%0A/trunk/qmmp:9936%2C9953%2C9959%2C10009%2C10041%2C10049%2C10066%2C10070%2C10073%2C10076%2C10079%2C10084%2C10096%2C10108%2C10114%2C10145%2C10148%2C10151%2C10180%2C10186%2C10199%2C10204%2C10208%2C10216%2C10232%2C10235%2C10243%2C10247%2C10279%2C10283%2C10288-10289%2C10292%2C10294%2C10299%2C10306%2C10334%2C10369%2C10374%2C10379%2C10383%2C10388%2C10392%2C10398%2C10405%2C10411%2C10417%2C10459%2C10465%2C10474%2C10476%2C10478%2C10482-10483%2C10487-10489%2C10491%2C10494%2C10535%2C10561-10562%2C10565-10566%2C10578%2C10580-10581%2C10590%2C10600%2C10604%2C10639-10641%2C10657%2C10684%2C10687%2C10694-10696%2C10706-10707%2C10721-10722%2C10732%2C10756%2C10772%2C10787-10788
r10791
r10795
  +dir_prop: branches/qmmp-2.1 svn:mergeinfo /branches/qmmp-0.10:7522%0A/branches/qmmp-0.11:7919%0A/branches/qmmp-0.12:7828%2C7918%2C8045%2C8073-8075%2C8668%2C8705%0A/branches/qmmp-1.0:5596%0A/branches/qmmp-1.1:5819%2C5968%2C6043%2C6172%2C6233%2C6442%0A/branches/qmmp-1.2:6799%2C6945%2C6975%2C7173%2C7382%2C7520%0A/branches/qmmp-1.3:8706%2C8913%0A/branches/qmmp-1.6:10646%2C10666%2C10727%2C10780%0A/trunk/qmmp:9936%2C9953%2C9959%2C10009%2C10041%2C10049%2C10066%2C10070%2C10073%2C10076%2C10079%2C10084%2C10096%2C10108%2C10114%2C10145%2C10148%2C10151%2C10180%2C10186%2C10199%2C10204%2C10208%2C10216%2C10232%2C10235%2C10243%2C10247%2C10279%2C10283%2C10288-10289%2C10292%2C10294%2C10299%2C10306%2C10334%2C10369%2C10374%2C10379%2C10383%2C10388%2C10392%2C10398%2C10405%2C10411%2C10417%2C10459%2C10465%2C10474%2C10476%2C10478%2C10482-10483%2C10487-10489%2C10491%2C10494%2C10535%2C10561-10562%2C10565-10566%2C10578%2C10580-10581%2C10590%2C10600%2C10604%2C10639-10641%2C10657%2C10684%2C10687%2C10694-10696%2C10706-10707%2C10721-10722%2C10732%2C10756%2C10772%2C10787-10788%2C10794
r10798
  +dir_prop: branches/qmmp-2.1 svn:mergeinfo /branches/qmmp-0.10:7522%0A/branches/qmmp-0.11:7919%0A/branches/qmmp-0.12:7828%2C7918%2C8045%2C8073-8075%2C8668%2C8705%0A/branches/qmmp-1.0:5596%0A/branches/qmmp-1.1:5819%2C5968%2C6043%2C6172%2C6233%2C6442%0A/branches/qmmp-1.2:6799%2C6945%2C6975%2C7173%2C7382%2C7520%0A/branches/qmmp-1.3:8706%2C8913%0A/branches/qmmp-1.6:10646%2C10666%2C10727%2C10780%0A/trunk/qmmp:9936%2C9953%2C9959%2C10009%2C10041%2C10049%2C10066%2C10070%2C10073%2C10076%2C10079%2C10084%2C10096%2C10108%2C10114%2C10145%2C10148%2C10151%2C10180%2C10186%2C10199%2C10204%2C10208%2C10216%2C10232%2C10235%2C10243%2C10247%2C10279%2C10283%2C10288-10289%2C10292%2C10294%2C10299%2C10306%2C10334%2C10369%2C10374%2C10379%2C10383%2C10388%2C10392%2C10398%2C10405%2C10411%2C10417%2C10459%2C10465%2C10474%2C10476%2C10478%2C10482-10483%2C10487-10489%2C10491%2C10494%2C10535%2C10561-10562%2C10565-10566%2C10578%2C10580-10581%2C10590%2C10600%2C10604%2C10639-10641%2C10657%2C10684%2C10687%2C10694-10696%2C10706-10707%2C10721-10722%2C10732%2C10756%2C10772%2C10787-10788%2C10794%2C10797
r10801
  +dir_prop: branches/qmmp-2.1 svn:mergeinfo /branches/qmmp-0.10:7522%0A/branches/qmmp-0.11:7919%0A/branches/qmmp-0.12:7828%2C7918%2C8045%2C8073-8075%2C8668%2C8705%0A/branches/qmmp-1.0:5596%0A/branches/qmmp-1.1:5819%2C5968%2C6043%2C6172%2C6233%2C6442%0A/branches/qmmp-1.2:6799%2C6945%2C6975%2C7173%2C7382%2C7520%0A/branches/qmmp-1.3:8706%2C8913%0A/branches/qmmp-1.6:10646%2C10666%2C10727%2C10780%2C10800%0A/trunk/qmmp:9936%2C9953%2C9959%2C10009%2C10041%2C10049%2C10066%2C10070%2C10073%2C10076%2C10079%2C10084%2C10096%2C10108%2C10114%2C10145%2C10148%2C10151%2C10180%2C10186%2C10199%2C10204%2C10208%2C10216%2C10232%2C10235%2C10243%2C10247%2C10279%2C10283%2C10288-10289%2C10292%2C10294%2C10299%2C10306%2C10334%2C10369%2C10374%2C10379%2C10383%2C10388%2C10392%2C10398%2C10405%2C10411%2C10417%2C10459%2C10465%2C10474%2C10476%2C10478%2C10482-10483%2C10487-10489%2C10491%2C10494%2C10535%2C10561-10562%2C10565-10566%2C10578%2C10580-10581%2C10590%2C10600%2C10604%2C10639-10641%2C10657%2C10684%2C10687%2C10694-10696%2C10706-10707%2C10721-10722%2C10732%2C10756%2C10772%2C10787-10788%2C10794%2C10797
r10808
  +dir_prop: branches/qmmp-2.1 svn:mergeinfo /branches/qmmp-0.10:7522%0A/branches/qmmp-0.11:7919%0A/branches/qmmp-0.12:7828%2C7918%2C8045%2C8073-8075%2C8668%2C8705%0A/branches/qmmp-1.0:5596%0A/branches/qmmp-1.1:5819%2C5968%2C6043%2C6172%2C6233%2C6442%0A/branches/qmmp-1.2:6799%2C6945%2C6975%2C7173%2C7382%2C7520%0A/branches/qmmp-1.3:8706%2C8913%0A/branches/qmmp-1.6:10646%2C10666%2C10727%2C10780%2C10800%0A/trunk/qmmp:9936%2C9953%2C9959%2C10009%2C10041%2C10049%2C10066%2C10070%2C10073%2C10076%2C10079%2C10084%2C10096%2C10108%2C10114%2C10145%2C10148%2C10151%2C10180%2C10186%2C10199%2C10204%2C10208%2C10216%2C10232%2C10235%2C10243%2C10247%2C10279%2C10283%2C10288-10289%2C10292%2C10294%2C10299%2C10306%2C10334%2C10369%2C10374%2C10379%2C10383%2C10388%2C10392%2C10398%2C10405%2C10411%2C10417%2C10459%2C10465%2C10474%2C10476%2C10478%2C10482-10483%2C10487-10489%2C10491%2C10494%2C10535%2C10561-10562%2C10565-10566%2C10578%2C10580-10581%2C10590%2C10600%2C10604%2C10639-10641%2C10657%2C10684%2C10687%2C10694-10696%2C10706-10707%2C10721-10722%2C10732%2C10756%2C10772%2C10787-10788%2C10794%2C10797%2C10804
r10809
  +dir_prop: branches/qmmp-2.1 svn:mergeinfo /branches/qmmp-0.10:7522%0A/branches/qmmp-0.11:7919%0A/branches/qmmp-0.12:7828%2C7918%2C8045%2C8073-8075%2C8668%2C8705%0A/branches/qmmp-1.0:5596%0A/branches/qmmp-1.1:5819%2C5968%2C6043%2C6172%2C6233%2C6442%0A/branches/qmmp-1.2:6799%2C6945%2C6975%2C7173%2C7382%2C7520%0A/branches/qmmp-1.3:8706%2C8913%0A/branches/qmmp-1.6:10646%2C10666%2C10727%2C10780%2C10800%0A/trunk/qmmp:9936%2C9953%2C9959%2C10009%2C10041%2C10049%2C10066%2C10070%2C10073%2C10076%2C10079%2C10084%2C10096%2C10108%2C10114%2C10145%2C10148%2C10151%2C10180%2C10186%2C10199%2C10204%2C10208%2C10216%2C10232%2C10235%2C10243%2C10247%2C10279%2C10283%2C10288-10289%2C10292%2C10294%2C10299%2C10306%2C10334%2C10369%2C10374%2C10379%2C10383%2C10388%2C10392%2C10398%2C10405%2C10411%2C10417%2C10459%2C10465%2C10474%2C10476%2C10478%2C10482-10483%2C10487-10489%2C10491%2C10494%2C10535%2C10561-10562%2C10565-10566%2C10578%2C10580-10581%2C10590%2C10600%2C10604%2C10639-10641%2C10657%2C10684%2C10687%2C10694-10696%2C10706-10707%2C10721-10722%2C10732%2C10756%2C10772%2C10787-10788%2C10794%2C10797%2C10804-10805
r10812
r10825
  +dir_prop: branches/qmmp-2.1 svn:mergeinfo /branches/qmmp-0.10:7522%0A/branches/qmmp-0.11:7919%0A/branches/qmmp-0.12:7828%2C7918%2C8045%2C8073-8075%2C8668%2C8705%0A/branches/qmmp-1.0:5596%0A/branches/qmmp-1.1:5819%2C5968%2C6043%2C6172%2C6233%2C6442%0A/branches/qmmp-1.2:6799%2C6945%2C6975%2C7173%2C7382%2C7520%0A/branches/qmmp-1.3:8706%2C8913%0A/branches/qmmp-1.6:10646%2C10666%2C10727%2C10780%2C10800%0A/trunk/qmmp:9936%2C9953%2C9959%2C10009%2C10041%2C10049%2C10066%2C10070%2C10073%2C10076%2C10079%2C10084%2C10096%2C10108%2C10114%2C10145%2C10148%2C10151%2C10180%2C10186%2C10199%2C10204%2C10208%2C10216%2C10232%2C10235%2C10243%2C10247%2C10279%2C10283%2C10288-10289%2C10292%2C10294%2C10299%2C10306%2C10334%2C10369%2C10374%2C10379%2C10383%2C10388%2C10392%2C10398%2C10405%2C10411%2C10417%2C10459%2C10465%2C10474%2C10476%2C10478%2C10482-10483%2C10487-10489%2C10491%2C10494%2C10535%2C10561-10562%2C10565-10566%2C10578%2C10580-10581%2C10590%2C10600%2C10604%2C10639-10641%2C10657%2C10684%2C10687%2C10694-10696%2C10706-10707%2C10721-10722%2C10732%2C10756%2C10772%2C10787-10788%2C10794%2C10797%2C10804-10805%2C10821%2C10824
r10827
r10831
r10832
r10839
r10847
  +dir_prop: branches/qmmp-2.1 svn:mergeinfo /branches/qmmp-0.10:7522%0A/branches/qmmp-0.11:7919%0A/branches/qmmp-0.12:7828%2C7918%2C8045%2C8073-8075%2C8668%2C8705%0A/branches/qmmp-1.0:5596%0A/branches/qmmp-1.1:5819%2C5968%2C6043%2C6172%2C6233%2C6442%0A/branches/qmmp-1.2:6799%2C6945%2C6975%2C7173%2C7382%2C7520%0A/branches/qmmp-1.3:8706%2C8913%0A/branches/qmmp-1.6:10646%2C10666%2C10727%2C10780%2C10800%0A/trunk/qmmp:9936%2C9953%2C9959%2C10009%2C10041%2C10049%2C10066%2C10070%2C10073%2C10076%2C10079%2C10084%2C10096%2C10108%2C10114%2C10145%2C10148%2C10151%2C10180%2C10186%2C10199%2C10204%2C10208%2C10216%2C10232%2C10235%2C10243%2C10247%2C10279%2C10283%2C10288-10289%2C10292%2C10294%2C10299%2C10306%2C10334%2C10369%2C10374%2C10379%2C10383%2C10388%2C10392%2C10398%2C10405%2C10411%2C10417%2C10459%2C10465%2C10474%2C10476%2C10478%2C10482-10483%2C10487-10489%2C10491%2C10494%2C10535%2C10561-10562%2C10565-10566%2C10578%2C10580-10581%2C10590%2C10600%2C10604%2C10639-10641%2C10657%2C10684%2C10687%2C10694-10696%2C10706-10707%2C10721-10722%2C10732%2C10756%2C10772%2C10787-10788%2C10794%2C10797%2C10804-10805%2C10821%2C10824%2C10846
r10853
  +dir_prop: branches/qmmp-2.1 svn:mergeinfo /branches/qmmp-0.10:7522%0A/branches/qmmp-0.11:7919%0A/branches/qmmp-0.12:7828%2C7918%2C8045%2C8073-8075%2C8668%2C8705%0A/branches/qmmp-1.0:5596%0A/branches/qmmp-1.1:5819%2C5968%2C6043%2C6172%2C6233%2C6442%0A/branches/qmmp-1.2:6799%2C6945%2C6975%2C7173%2C7382%2C7520%0A/branches/qmmp-1.3:8706%2C8913%0A/branches/qmmp-1.6:10646%2C10666%2C10727%2C10780%2C10800%0A/trunk/qmmp:9936%2C9953%2C9959%2C10009%2C10041%2C10049%2C10066%2C10070%2C10073%2C10076%2C10079%2C10084%2C10096%2C10108%2C10114%2C10145%2C10148%2C10151%2C10180%2C10186%2C10199%2C10204%2C10208%2C10216%2C10232%2C10235%2C10243%2C10247%2C10279%2C10283%2C10288-10289%2C10292%2C10294%2C10299%2C10306%2C10334%2C10369%2C10374%2C10379%2C10383%2C10388%2C10392%2C10398%2C10405%2C10411%2C10417%2C10459%2C10465%2C10474%2C10476%2C10478%2C10482-10483%2C10487-10489%2C10491%2C10494%2C10535%2C10561-10562%2C10565-10566%2C10578%2C10580-10581%2C10590%2C10600%2C10604%2C10639-10641%2C10657%2C10684%2C10687%2C10694-10696%2C10706-10707%2C10721-10722%2C10732%2C10756%2C10772%2C10787-10788%2C10794%2C10797%2C10804-10805%2C10821%2C10824%2C10846%2C10852
r10877
  +dir_prop: branches/qmmp-2.1 svn:mergeinfo /branches/qmmp-0.10:7522%0A/branches/qmmp-0.11:7919%0A/branches/qmmp-0.12:7828%2C7918%2C8045%2C8073-8075%2C8668%2C8705%0A/branches/qmmp-1.0:5596%0A/branches/qmmp-1.1:5819%2C5968%2C6043%2C6172%2C6233%2C6442%0A/branches/qmmp-1.2:6799%2C6945%2C6975%2C7173%2C7382%2C7520%0A/branches/qmmp-1.3:8706%2C8913%0A/branches/qmmp-1.6:10646%2C10666%2C10727%2C10780%2C10800%0A/trunk/qmmp:9936%2C9953%2C9959%2C10009%2C10041%2C10049%2C10066%2C10070%2C10073%2C10076%2C10079%2C10084%2C10096%2C10108%2C10114%2C10145%2C10148%2C10151%2C10180%2C10186%2C10199%2C10204%2C10208%2C10216%2C10232%2C10235%2C10243%2C10247%2C10279%2C10283%2C10288-10289%2C10292%2C10294%2C10299%2C10306%2C10334%2C10369%2C10374%2C10379%2C10383%2C10388%2C10392%2C10398%2C10405%2C10411%2C10417%2C10459%2C10465%2C10474%2C10476%2C10478%2C10482-10483%2C10487-10489%2C10491%2C10494%2C10535%2C10561-10562%2C10565-10566%2C10578%2C10580-10581%2C10590%2C10600%2C10604%2C10639-10641%2C10657%2C10684%2C10687%2C10694-10696%2C10706-10707%2C10721-10722%2C10732%2C10756%2C10772%2C10787-10788%2C10794%2C10797%2C10804-10805%2C10821%2C10824%2C10846%2C10852%2C10876
r10879
r10882
  +dir_prop: branches/qmmp-2.1 svn:mergeinfo /branches/qmmp-0.10:7522%0A/branches/qmmp-0.11:7919%0A/branches/qmmp-0.12:7828%2C7918%2C8045%2C8073-8075%2C8668%2C8705%0A/branches/qmmp-1.0:5596%0A/branches/qmmp-1.1:5819%2C5968%2C6043%2C6172%2C6233%2C6442%0A/branches/qmmp-1.2:6799%2C6945%2C6975%2C7173%2C7382%2C7520%0A/branches/qmmp-1.3:8706%2C8913%0A/branches/qmmp-1.6:10646%2C10666%2C10727%2C10780%2C10800%0A/trunk/qmmp:9936%2C9953%2C9959%2C10009%2C10041%2C10049%2C10066%2C10070%2C10073%2C10076%2C10079%2C10084%2C10096%2C10108%2C10114%2C10145%2C10148%2C10151%2C10180%2C10186%2C10199%2C10204%2C10208%2C10216%2C10232%2C10235%2C10243%2C10247%2C10279%2C10283%2C10288-10289%2C10292%2C10294%2C10299%2C10306%2C10334%2C10369%2C10374%2C10379%2C10383%2C10388%2C10392%2C10398%2C10405%2C10411%2C10417%2C10459%2C10465%2C10474%2C10476%2C10478%2C10482-10483%2C10487-10489%2C10491%2C10494%2C10535%2C10561-10562%2C10565-10566%2C10578%2C10580-10581%2C10590%2C10600%2C10604%2C10639-10641%2C10657%2C10684%2C10687%2C10694-10696%2C10706-10707%2C10721-10722%2C10732%2C10756%2C10772%2C10787-10788%2C10794%2C10797%2C10804-10805%2C10821%2C10824%2C10846%2C10852%2C10876%2C10881
r10888
r10893
r10897
  -empty_dir: branches/qmmp-2.1/ChangeLog.svn
r10901
r10903
  +dir_prop: branches/qmmp-2.1 svn:mergeinfo /branches/qmmp-0.10:7522%0A/branches/qmmp-0.11:7919%0A/branches/qmmp-0.12:7828%2C7918%2C8045%2C8073-8075%2C8668%2C8705%0A/branches/qmmp-1.0:5596%0A/branches/qmmp-1.1:5819%2C5968%2C6043%2C6172%2C6233%2C6442%0A/branches/qmmp-1.2:6799%2C6945%2C6975%2C7173%2C7382%2C7520%0A/branches/qmmp-1.3:8706%2C8913%0A/branches/qmmp-1.6:10646%2C10666%2C10727%2C10780%2C10800%0A/trunk/qmmp:9936%2C9953%2C9959%2C10009%2C10041%2C10049%2C10066%2C10070%2C10073%2C10076%2C10079%2C10084%2C10096%2C10108%2C10114%2C10145%2C10148%2C10151%2C10180%2C10186%2C10199%2C10204%2C10208%2C10216%2C10232%2C10235%2C10243%2C10247%2C10279%2C10283%2C10288-10289%2C10292%2C10294%2C10299%2C10306%2C10334%2C10369%2C10374%2C10379%2C10383%2C10388%2C10392%2C10398%2C10405%2C10411%2C10417%2C10459%2C10465%2C10474%2C10476%2C10478%2C10482-10483%2C10487-10489%2C10491%2C10494%2C10535%2C10561-10562%2C10565-10566%2C10578%2C10580-10581%2C10590%2C10600%2C10604%2C10639-10641%2C10657%2C10684%2C10687%2C10694-10696%2C10706-10707%2C10721-10722%2C10732%2C10756%2C10772%2C10787-10788%2C10794%2C10797%2C10804-10805%2C10821%2C10824%2C10846%2C10852%2C10876%2C10881%2C10902
r10907
r10909
r10914
  +dir_prop: branches/qmmp-2.1 svn:mergeinfo /branches/qmmp-0.10:7522%0A/branches/qmmp-0.11:7919%0A/branches/qmmp-0.12:7828%2C7918%2C8045%2C8073-8075%2C8668%2C8705%0A/branches/qmmp-1.0:5596%0A/branches/qmmp-1.1:5819%2C5968%2C6043%2C6172%2C6233%2C6442%0A/branches/qmmp-1.2:6799%2C6945%2C6975%2C7173%2C7382%2C7520%0A/branches/qmmp-1.3:8706%2C8913%0A/branches/qmmp-1.6:10646%2C10666%2C10727%2C10780%2C10800%0A/trunk/qmmp:9936%2C9953%2C9959%2C10009%2C10041%2C10049%2C10066%2C10070%2C10073%2C10076%2C10079%2C10084%2C10096%2C10108%2C10114%2C10145%2C10148%2C10151%2C10180%2C10186%2C10199%2C10204%2C10208%2C10216%2C10232%2C10235%2C10243%2C10247%2C10279%2C10283%2C10288-10289%2C10292%2C10294%2C10299%2C10306%2C10334%2C10369%2C10374%2C10379%2C10383%2C10388%2C10392%2C10398%2C10405%2C10411%2C10417%2C10459%2C10465%2C10474%2C10476%2C10478%2C10482-10483%2C10487-10489%2C10491%2C10494%2C10535%2C10561-10562%2C10565-10566%2C10578%2C10580-10581%2C10590%2C10600%2C10604%2C10639-10641%2C10657%2C10684%2C10687%2C10694-10696%2C10706-10707%2C10721-10722%2C10732%2C10756%2C10772%2C10787-10788%2C10794%2C10797%2C10804-10805%2C10821%2C10824%2C10846%2C10852%2C10876%2C10881%2C10902%2C10911
r10919
  +dir_prop: branches/qmmp-2.1 svn:mergeinfo /branches/qmmp-0.10:7522%0A/branches/qmmp-0.11:7919%0A/branches/qmmp-0.12:7828%2C7918%2C8045%2C8073-8075%2C8668%2C8705%0A/branches/qmmp-1.0:5596%0A/branches/qmmp-1.1:5819%2C5968%2C6043%2C6172%2C6233%2C6442%0A/branches/qmmp-1.2:6799%2C6945%2C6975%2C7173%2C7382%2C7520%0A/branches/qmmp-1.3:8706%2C8913%0A/branches/qmmp-1.6:10646%2C10666%2C10727%2C10780%2C10800%0A/trunk/qmmp:9936%2C9953%2C9959%2C10009%2C10041%2C10049%2C10066%2C10070%2C10073%2C10076%2C10079%2C10084%2C10096%2C10108%2C10114%2C10145%2C10148%2C10151%2C10180%2C10186%2C10199%2C10204%2C10208%2C10216%2C10232%2C10235%2C10243%2C10247%2C10279%2C10283%2C10288-10289%2C10292%2C10294%2C10299%2C10306%2C10334%2C10369%2C10374%2C10379%2C10383%2C10388%2C10392%2C10398%2C10405%2C10411%2C10417%2C10459%2C10465%2C10474%2C10476%2C10478%2C10482-10483%2C10487-10489%2C10491%2C10494%2C10535%2C10561-10562%2C10565-10566%2C10578%2C10580-10581%2C10590%2C10600%2C10604%2C10639-10641%2C10657%2C10684%2C10687%2C10694-10696%2C10706-10707%2C10721-10722%2C10732%2C10756%2C10772%2C10787-10788%2C10794%2C10797%2C10804-10805%2C10821%2C10824%2C10846%2C10852%2C10876%2C10881%2C10902%2C10911%2C10918
r10923
  +dir_prop: branches/qmmp-2.1 svn:mergeinfo /branches/qmmp-0.10:7522%0A/branches/qmmp-0.11:7919%0A/branches/qmmp-0.12:7828%2C7918%2C8045%2C8073-8075%2C8668%2C8705%0A/branches/qmmp-1.0:5596%0A/branches/qmmp-1.1:5819%2C5968%2C6043%2C6172%2C6233%2C6442%0A/branches/qmmp-1.2:6799%2C6945%2C6975%2C7173%2C7382%2C7520%0A/branches/qmmp-1.3:8706%2C8913%0A/branches/qmmp-1.6:10646%2C10666%2C10727%2C10780%2C10800%0A/trunk/qmmp:9936%2C9953%2C9959%2C10009%2C10041%2C10049%2C10066%2C10070%2C10073%2C10076%2C10079%2C10084%2C10096%2C10108%2C10114%2C10145%2C10148%2C10151%2C10180%2C10186%2C10199%2C10204%2C10208%2C10216%2C10232%2C10235%2C10243%2C10247%2C10279%2C10283%2C10288-10289%2C10292%2C10294%2C10299%2C10306%2C10334%2C10369%2C10374%2C10379%2C10383%2C10388%2C10392%2C10398%2C10405%2C10411%2C10417%2C10459%2C10465%2C10474%2C10476%2C10478%2C10482-10483%2C10487-10489%2C10491%2C10494%2C10535%2C10561-10562%2C10565-10566%2C10578%2C10580-10581%2C10590%2C10600%2C10604%2C10639-10641%2C10657%2C10684%2C10687%2C10694-10696%2C10706-10707%2C10721-10722%2C10732%2C10756%2C10772%2C10787-10788%2C10794%2C10797%2C10804-10805%2C10821%2C10824%2C10846%2C10852%2C10876%2C10881%2C10902%2C10911%2C10918%2C10922
r10930
  +dir_prop: branches/qmmp-2.1 svn:mergeinfo /branches/qmmp-0.10:7522%0A/branches/qmmp-0.11:7919%0A/branches/qmmp-0.12:7828%2C7918%2C8045%2C8073-8075%2C8668%2C8705%0A/branches/qmmp-1.0:5596%0A/branches/qmmp-1.1:5819%2C5968%2C6043%2C6172%2C6233%2C6442%0A/branches/qmmp-1.2:6799%2C6945%2C6975%2C7173%2C7382%2C7520%0A/branches/qmmp-1.3:8706%2C8913%0A/branches/qmmp-1.6:10646%2C10666%2C10727%2C10780%2C10800%0A/trunk/qmmp:9936%2C9953%2C9959%2C10009%2C10041%2C10049%2C10066%2C10070%2C10073%2C10076%2C10079%2C10084%2C10096%2C10108%2C10114%2C10145%2C10148%2C10151%2C10180%2C10186%2C10199%2C10204%2C10208%2C10216%2C10232%2C10235%2C10243%2C10247%2C10279%2C10283%2C10288-10289%2C10292%2C10294%2C10299%2C10306%2C10334%2C10369%2C10374%2C10379%2C10383%2C10388%2C10392%2C10398%2C10405%2C10411%2C10417%2C10459%2C10465%2C10474%2C10476%2C10478%2C10482-10483%2C10487-10489%2C10491%2C10494%2C10535%2C10561-10562%2C10565-10566%2C10578%2C10580-10581%2C10590%2C10600%2C10604%2C10639-10641%2C10657%2C10684%2C10687%2C10694-10696%2C10706-10707%2C10721-10722%2C10732%2C10756%2C10772%2C10787-10788%2C10794%2C10797%2C10804-10805%2C10821%2C10824%2C10846%2C10852%2C10876%2C10881%2C10902%2C10911%2C10918%2C10922%2C10929
r10935
r10942
r10945
  +dir_prop: branches/qmmp-2.1 svn:mergeinfo /branches/qmmp-0.10:7522%0A/branches/qmmp-0.11:7919%0A/branches/qmmp-0.12:7828%2C7918%2C8045%2C8073-8075%2C8668%2C8705%0A/branches/qmmp-1.0:5596%0A/branches/qmmp-1.1:5819%2C5968%2C6043%2C6172%2C6233%2C6442%0A/branches/qmmp-1.2:6799%2C6945%2C6975%2C7173%2C7382%2C7520%0A/branches/qmmp-1.3:8706%2C8913%0A/branches/qmmp-1.6:10646%2C10666%2C10727%2C10780%2C10800%2C10944%0A/trunk/qmmp:9936%2C9953%2C9959%2C10009%2C10041%2C10049%2C10066%2C10070%2C10073%2C10076%2C10079%2C10084%2C10096%2C10108%2C10114%2C10145%2C10148%2C10151%2C10180%2C10186%2C10199%2C10204%2C10208%2C10216%2C10232%2C10235%2C10243%2C10247%2C10279%2C10283%2C10288-10289%2C10292%2C10294%2C10299%2C10306%2C10334%2C10369%2C10374%2C10379%2C10383%2C10388%2C10392%2C10398%2C10405%2C10411%2C10417%2C10459%2C10465%2C10474%2C10476%2C10478%2C10482-10483%2C10487-10489%2C10491%2C10494%2C10535%2C10561-10562%2C10565-10566%2C10578%2C10580-10581%2C10590%2C10600%2C10604%2C10639-10641%2C10657%2C10684%2C10687%2C10694-10696%2C10706-10707%2C10721-10722%2C10732%2C10756%2C10772%2C10787-10788%2C10794%2C10797%2C10804-10805%2C10821%2C10824%2C10846%2C10852%2C10876%2C10881%2C10902%2C10911%2C10918%2C10922%2C10929
r10952
  +dir_prop: branches/qmmp-2.1 svn:mergeinfo /branches/qmmp-0.10:7522%0A/branches/qmmp-0.11:7919%0A/branches/qmmp-0.12:7828%2C7918%2C8045%2C8073-8075%2C8668%2C8705%0A/branches/qmmp-1.0:5596%0A/branches/qmmp-1.1:5819%2C5968%2C6043%2C6172%2C6233%2C6442%0A/branches/qmmp-1.2:6799%2C6945%2C6975%2C7173%2C7382%2C7520%0A/branches/qmmp-1.3:8706%2C8913%0A/branches/qmmp-1.6:10646%2C10666%2C10727%2C10780%2C10800%2C10944%0A/trunk/qmmp:9936%2C9953%2C9959%2C10009%2C10041%2C10049%2C10066%2C10070%2C10073%2C10076%2C10079%2C10084%2C10096%2C10108%2C10114%2C10145%2C10148%2C10151%2C10180%2C10186%2C10199%2C10204%2C10208%2C10216%2C10232%2C10235%2C10243%2C10247%2C10279%2C10283%2C10288-10289%2C10292%2C10294%2C10299%2C10306%2C10334%2C10369%2C10374%2C10379%2C10383%2C10388%2C10392%2C10398%2C10405%2C10411%2C10417%2C10459%2C10465%2C10474%2C10476%2C10478%2C10482-10483%2C10487-10489%2C10491%2C10494%2C10535%2C10561-10562%2C10565-10566%2C10578%2C10580-10581%2C10590%2C10600%2C10604%2C10639-10641%2C10657%2C10684%2C10687%2C10694-10696%2C10706-10707%2C10721-10722%2C10732%2C10756%2C10772%2C10787-10788%2C10794%2C10797%2C10804-10805%2C10821%2C10824%2C10846%2C10852%2C10876%2C10881%2C10902%2C10911%2C10918%2C10922%2C10929%2C10951
r10957
r10958
r10965
r10994
  +dir_prop: branches/qmmp-2.1 svn:mergeinfo /branches/qmmp-0.10:7522%0A/branches/qmmp-0.11:7919%0A/branches/qmmp-0.12:7828%2C7918%2C8045%2C8073-8075%2C8668%2C8705%0A/branches/qmmp-1.0:5596%0A/branches/qmmp-1.1:5819%2C5968%2C6043%2C6172%2C6233%2C6442%0A/branches/qmmp-1.2:6799%2C6945%2C6975%2C7173%2C7382%2C7520%0A/branches/qmmp-1.3:8706%2C8913%0A/branches/qmmp-1.6:10646%2C10666%2C10727%2C10780%2C10800%2C10944%2C10970%0A/trunk/qmmp:9936%2C9953%2C9959%2C10009%2C10041%2C10049%2C10066%2C10070%2C10073%2C10076%2C10079%2C10084%2C10096%2C10108%2C10114%2C10145%2C10148%2C10151%2C10180%2C10186%2C10199%2C10204%2C10208%2C10216%2C10232%2C10235%2C10243%2C10247%2C10279%2C10283%2C10288-10289%2C10292%2C10294%2C10299%2C10306%2C10334%2C10369%2C10374%2C10379%2C10383%2C10388%2C10392%2C10398%2C10405%2C10411%2C10417%2C10459%2C10465%2C10474%2C10476%2C10478%2C10482-10483%2C10487-10489%2C10491%2C10494%2C10535%2C10561-10562%2C10565-10566%2C10578%2C10580-10581%2C10590%2C10600%2C10604%2C10639-10641%2C10657%2C10684%2C10687%2C10694-10696%2C10706-10707%2C10721-10722%2C10732%2C10756%2C10772%2C10787-10788%2C10794%2C10797%2C10804-10805%2C10821%2C10824%2C10846%2C10852%2C10876%2C10881%2C10902%2C10911%2C10918%2C10922%2C10929%2C10951
r10997
r11002
r11011
r11024
  +dir_prop: branches/qmmp-2.1 svn:mergeinfo /branches/qmmp-0.10:7522%0A/branches/qmmp-0.11:7919%0A/branches/qmmp-0.12:7828%2C7918%2C8045%2C8073-8075%2C8668%2C8705%0A/branches/qmmp-1.0:5596%0A/branches/qmmp-1.1:5819%2C5968%2C6043%2C6172%2C6233%2C6442%0A/branches/qmmp-1.2:6799%2C6945%2C6975%2C7173%2C7382%2C7520%0A/branches/qmmp-1.3:8706%2C8913%0A/branches/qmmp-1.6:10646%2C10666%2C10727%2C10780%2C10800%2C10944%2C10970%0A/trunk/qmmp:9936%2C9953%2C9959%2C10009%2C10041%2C10049%2C10066%2C10070%2C10073%2C10076%2C10079%2C10084%2C10096%2C10108%2C10114%2C10145%2C10148%2C10151%2C10180%2C10186%2C10199%2C10204%2C10208%2C10216%2C10232%2C10235%2C10243%2C10247%2C10279%2C10283%2C10288-10289%2C10292%2C10294%2C10299%2C10306%2C10334%2C10369%2C10374%2C10379%2C10383%2C10388%2C10392%2C10398%2C10405%2C10411%2C10417%2C10459%2C10465%2C10474%2C10476%2C10478%2C10482-10483%2C10487-10489%2C10491%2C10494%2C10535%2C10561-10562%2C10565-10566%2C10578%2C10580-10581%2C10590%2C10600%2C10604%2C10639-10641%2C10657%2C10684%2C10687%2C10694-10696%2C10706-10707%2C10721-10722%2C10732%2C10756%2C10772%2C10787-10788%2C10794%2C10797%2C10804-10805%2C10821%2C10824%2C10846%2C10852%2C10876%2C10881%2C10902%2C10911%2C10918%2C10922%2C10929%2C10951%2C11023
r11027
  +dir_prop: branches/qmmp-2.1 svn:mergeinfo /branches/qmmp-0.10:7522%0A/branches/qmmp-0.11:7919%0A/branches/qmmp-0.12:7828%2C7918%2C8045%2C8073-8075%2C8668%2C8705%0A/branches/qmmp-1.0:5596%0A/branches/qmmp-1.1:5819%2C5968%2C6043%2C6172%2C6233%2C6442%0A/branches/qmmp-1.2:6799%2C6945%2C6975%2C7173%2C7382%2C7520%0A/branches/qmmp-1.3:8706%2C8913%0A/branches/qmmp-1.6:10646%2C10666%2C10727%2C10780%2C10800%2C10944%2C10970%0A/trunk/qmmp:9936%2C9953%2C9959%2C10009%2C10041%2C10049%2C10066%2C10070%2C10073%2C10076%2C10079%2C10084%2C10096%2C10108%2C10114%2C10145%2C10148%2C10151%2C10180%2C10186%2C10199%2C10204%2C10208%2C10216%2C10232%2C10235%2C10243%2C10247%2C10279%2C10283%2C10288-10289%2C10292%2C10294%2C10299%2C10306%2C10334%2C10369%2C10374%2C10379%2C10383%2C10388%2C10392%2C10398%2C10405%2C10411%2C10417%2C10459%2C10465%2C10474%2C10476%2C10478%2C10482-10483%2C10487-10489%2C10491%2C10494%2C10535%2C10561-10562%2C10565-10566%2C10578%2C10580-10581%2C10590%2C10600%2C10604%2C10639-10641%2C10657%2C10684%2C10687%2C10694-10696%2C10706-10707%2C10721-10722%2C10732%2C10756%2C10772%2C10787-10788%2C10794%2C10797%2C10804-10805%2C10821%2C10824%2C10846%2C10852%2C10876%2C10881%2C10902%2C10911%2C10918%2C10922%2C10929%2C10951%2C11023%2C11026
r11030
  +dir_prop: branches/qmmp-2.1 svn:mergeinfo /branches/qmmp-0.10:7522%0A/branches/qmmp-0.11:7919%0A/branches/qmmp-0.12:7828%2C7918%2C8045%2C8073-8075%2C8668%2C8705%0A/branches/qmmp-1.0:5596%0A/branches/qmmp-1.1:5819%2C5968%2C6043%2C6172%2C6233%2C6442%0A/branches/qmmp-1.2:6799%2C6945%2C6975%2C7173%2C7382%2C7520%0A/branches/qmmp-1.3:8706%2C8913%0A/branches/qmmp-1.6:10646%2C10666%2C10727%2C10780%2C10800%2C10944%2C10970%0A/trunk/qmmp:9936%2C9953%2C9959%2C10009%2C10041%2C10049%2C10066%2C10070%2C10073%2C10076%2C10079%2C10084%2C10096%2C10108%2C10114%2C10145%2C10148%2C10151%2C10180%2C10186%2C10199%2C10204%2C10208%2C10216%2C10232%2C10235%2C10243%2C10247%2C10279%2C10283%2C10288-10289%2C10292%2C10294%2C10299%2C10306%2C10334%2C10369%2C10374%2C10379%2C10383%2C10388%2C10392%2C10398%2C10405%2C10411%2C10417%2C10459%2C10465%2C10474%2C10476%2C10478%2C10482-10483%2C10487-10489%2C10491%2C10494%2C10535%2C10561-10562%2C10565-10566%2C10578%2C10580-10581%2C10590%2C10600%2C10604%2C10639-10641%2C10657%2C10684%2C10687%2C10694-10696%2C10706-10707%2C10721-10722%2C10732%2C10756%2C10772%2C10787-10788%2C10794%2C10797%2C10804-10805%2C10821%2C10824%2C10846%2C10852%2C10876%2C10881%2C10902%2C10911%2C10918%2C10922%2C10929%2C10951%2C11023%2C11026%2C11029
r11038
  +dir_prop: branches/qmmp-2.1 svn:mergeinfo /branches/qmmp-0.10:7522%0A/branches/qmmp-0.11:7919%0A/branches/qmmp-0.12:7828%2C7918%2C8045%2C8073-8075%2C8668%2C8705%0A/branches/qmmp-1.0:5596%0A/branches/qmmp-1.1:5819%2C5968%2C6043%2C6172%2C6233%2C6442%0A/branches/qmmp-1.2:6799%2C6945%2C6975%2C7173%2C7382%2C7520%0A/branches/qmmp-1.3:8706%2C8913%0A/branches/qmmp-1.6:10646%2C10666%2C10727%2C10780%2C10800%2C10944%2C10970%0A/trunk/qmmp:9936%2C9953%2C9959%2C10009%2C10041%2C10049%2C10066%2C10070%2C10073%2C10076%2C10079%2C10084%2C10096%2C10108%2C10114%2C10145%2C10148%2C10151%2C10180%2C10186%2C10199%2C10204%2C10208%2C10216%2C10232%2C10235%2C10243%2C10247%2C10279%2C10283%2C10288-10289%2C10292%2C10294%2C10299%2C10306%2C10334%2C10369%2C10374%2C10379%2C10383%2C10388%2C10392%2C10398%2C10405%2C10411%2C10417%2C10459%2C10465%2C10474%2C10476%2C10478%2C10482-10483%2C10487-10489%2C10491%2C10494%2C10535%2C10561-10562%2C10565-10566%2C10578%2C10580-10581%2C10590%2C10600%2C10604%2C10639-10641%2C10657%2C10684%2C10687%2C10694-10696%2C10706-10707%2C10721-10722%2C10732%2C10756%2C10772%2C10787-10788%2C10794%2C10797%2C10804-10805%2C10821%2C10824%2C10846%2C10852%2C10876%2C10881%2C10902%2C10911%2C10918%2C10922%2C10929%2C10951%2C11023%2C11026%2C11029%2C11037
  +dir_prop: branches/qmmp-2.1/src/plugins/Ui/qsui svn:mergeinfo /branches/qmmp-0.12/src/plugins/Ui/qsui:8073-8075%0A/branches/qmmp-1.1/src/plugins/Ui/qsui:6172%0A/branches/qmmp-1.2/src/plugins/Ui/qsui:7382%0A/trunk/qmmp/src/plugins/Ui/qsui:10148%2C10151%2C10180%2C10247%2C10279%2C10283%2C10288-10289%2C10292%2C10294%2C10411%2C10488-10489%2C10535%2C10561-10562%2C10565-10566%2C11037%0A/trunk/qmmp/src/plugins/Ui/skinned:5223%2C6018-6019%2C6022
r11040
r11041
r11047
r11054
r11056
r11063
  +dir_prop: branches/qmmp-2.1 svn:mergeinfo /branches/qmmp-0.10:7522%0A/branches/qmmp-0.11:7919%0A/branches/qmmp-0.12:7828%2C7918%2C8045%2C8073-8075%2C8668%2C8705%0A/branches/qmmp-1.0:5596%0A/branches/qmmp-1.1:5819%2C5968%2C6043%2C6172%2C6233%2C6442%0A/branches/qmmp-1.2:6799%2C6945%2C6975%2C7173%2C7382%2C7520%0A/branches/qmmp-1.3:8706%2C8913%0A/branches/qmmp-1.6:10646%2C10666%2C10727%2C10780%2C10800%2C10944%2C10970%0A/trunk/qmmp:9936%2C9953%2C9959%2C10009%2C10041%2C10049%2C10066%2C10070%2C10073%2C10076%2C10079%2C10084%2C10096%2C10108%2C10114%2C10145%2C10148%2C10151%2C10180%2C10186%2C10199%2C10204%2C10208%2C10216%2C10232%2C10235%2C10243%2C10247%2C10279%2C10283%2C10288-10289%2C10292%2C10294%2C10299%2C10306%2C10334%2C10369%2C10374%2C10379%2C10383%2C10388%2C10392%2C10398%2C10405%2C10411%2C10417%2C10459%2C10465%2C10474%2C10476%2C10478%2C10482-10483%2C10487-10489%2C10491%2C10494%2C10535%2C10561-10562%2C10565-10566%2C10578%2C10580-10581%2C10590%2C10600%2C10604%2C10639-10641%2C10657%2C10684%2C10687%2C10694-10696%2C10706-10707%2C10721-10722%2C10732%2C10756%2C10772%2C10787-10788%2C10794%2C10797%2C10804-10805%2C10821%2C10824%2C10846%2C10852%2C10876%2C10881%2C10902%2C10911%2C10918%2C10922%2C10929%2C10951%2C11023%2C11026%2C11029%2C11037%2C11062
r11066
  +dir_prop: branches/qmmp-2.1 svn:mergeinfo /branches/qmmp-0.10:7522%0A/branches/qmmp-0.11:7919%0A/branches/qmmp-0.12:7828%2C7918%2C8045%2C8073-8075%2C8668%2C8705%0A/branches/qmmp-1.0:5596%0A/branches/qmmp-1.1:5819%2C5968%2C6043%2C6172%2C6233%2C6442%0A/branches/qmmp-1.2:6799%2C6945%2C6975%2C7173%2C7382%2C7520%0A/branches/qmmp-1.3:8706%2C8913%0A/branches/qmmp-1.6:10646%2C10666%2C10727%2C10780%2C10800%2C10944%2C10970%0A/trunk/qmmp:9936%2C9953%2C9959%2C10009%2C10041%2C10049%2C10066%2C10070%2C10073%2C10076%2C10079%2C10084%2C10096%2C10108%2C10114%2C10145%2C10148%2C10151%2C10180%2C10186%2C10199%2C10204%2C10208%2C10216%2C10232%2C10235%2C10243%2C10247%2C10279%2C10283%2C10288-10289%2C10292%2C10294%2C10299%2C10306%2C10334%2C10369%2C10374%2C10379%2C10383%2C10388%2C10392%2C10398%2C10405%2C10411%2C10417%2C10459%2C10465%2C10474%2C10476%2C10478%2C10482-10483%2C10487-10489%2C10491%2C10494%2C10535%2C10561-10562%2C10565-10566%2C10578%2C10580-10581%2C10590%2C10600%2C10604%2C10639-10641%2C10657%2C10684%2C10687%2C10694-10696%2C10706-10707%2C10721-10722%2C10732%2C10756%2C10772%2C10787-10788%2C10794%2C10797%2C10804-10805%2C10821%2C10824%2C10846%2C10852%2C10876%2C10881%2C10902%2C10911%2C10918%2C10922%2C10929%2C10951%2C11017%2C11023%2C11026%2C11029%2C11037%2C11062
r11068
  +dir_prop: branches/qmmp-2.1 svn:mergeinfo /branches/qmmp-0.10:7522%0A/branches/qmmp-0.11:7919%0A/branches/qmmp-0.12:7828%2C7918%2C8045%2C8073-8075%2C8668%2C8705%0A/branches/qmmp-1.0:5596%0A/branches/qmmp-1.1:5819%2C5968%2C6043%2C6172%2C6233%2C6442%0A/branches/qmmp-1.2:6799%2C6945%2C6975%2C7173%2C7382%2C7520%0A/branches/qmmp-1.3:8706%2C8913%0A/branches/qmmp-1.6:10646%2C10666%2C10727%2C10780%2C10800%2C10944%2C10970%0A/trunk/qmmp:9936%2C9953%2C9959%2C10009%2C10041%2C10049%2C10066%2C10070%2C10073%2C10076%2C10079%2C10084%2C10096%2C10108%2C10114%2C10145%2C10148%2C10151%2C10180%2C10186%2C10199%2C10204%2C10208%2C10216%2C10232%2C10235%2C10243%2C10247%2C10279%2C10283%2C10288-10289%2C10292%2C10294%2C10299%2C10306%2C10334%2C10369%2C10374%2C10379%2C10383%2C10388%2C10392%2C10398%2C10405%2C10411%2C10417%2C10459%2C10465%2C10474%2C10476%2C10478%2C10482-10483%2C10487-10489%2C10491%2C10494%2C10535%2C10561-10562%2C10565-10566%2C10578%2C10580-10581%2C10590%2C10600%2C10604%2C10639-10641%2C10657%2C10684%2C10687%2C10694-10696%2C10706-10707%2C10721-10722%2C10732%2C10756%2C10772%2C10787-10788%2C10794%2C10797%2C10804-10805%2C10821%2C10824%2C10846%2C10852%2C10876%2C10881%2C10902%2C10911%2C10918%2C10922%2C10929%2C10951%2C11017%2C11023%2C11026%2C11029%2C11037%2C11062%2C11067
r11070
  +dir_prop: branches/qmmp-2.1 svn:mergeinfo /branches/qmmp-0.10:7522%0A/branches/qmmp-0.11:7919%0A/branches/qmmp-0.12:7828%2C7918%2C8045%2C8073-8075%2C8668%2C8705%0A/branches/qmmp-1.0:5596%0A/branches/qmmp-1.1:5819%2C5968%2C6043%2C6172%2C6233%2C6442%0A/branches/qmmp-1.2:6799%2C6945%2C6975%2C7173%2C7382%2C7520%0A/branches/qmmp-1.3:8706%2C8913%0A/branches/qmmp-1.6:10646%2C10666%2C10727%2C10780%2C10800%2C10944%2C10970%0A/trunk/qmmp:9936%2C9953%2C9959%2C10009%2C10041%2C10049%2C10066%2C10070%2C10073%2C10076%2C10079%2C10084%2C10096%2C10108%2C10114%2C10145%2C10148%2C10151%2C10180%2C10186%2C10199%2C10204%2C10208%2C10216%2C10232%2C10235%2C10243%2C10247%2C10279%2C10283%2C10288-10289%2C10292%2C10294%2C10299%2C10306%2C10334%2C10369%2C10374%2C10379%2C10383%2C10388%2C10392%2C10398%2C10405%2C10411%2C10417%2C10459%2C10465%2C10474%2C10476%2C10478%2C10482-10483%2C10487-10489%2C10491%2C10494%2C10535%2C10561-10562%2C10565-10566%2C10578%2C10580-10581%2C10590%2C10600%2C10604%2C10639-10641%2C10657%2C10684%2C10687%2C10694-10696%2C10706-10707%2C10721-10722%2C10732%2C10756%2C10772%2C10787-10788%2C10794%2C10797%2C10804-10805%2C10821%2C10824%2C10846%2C10852%2C10876%2C10881%2C10902%2C10911%2C10918%2C10922%2C10929%2C10951%2C11017%2C11023%2C11026%2C11029%2C11037%2C11062%2C11067%2C11069
r11072
  +dir_prop: branches/qmmp-2.1 svn:mergeinfo /branches/qmmp-0.10:7522%0A/branches/qmmp-0.11:7919%0A/branches/qmmp-0.12:7828%2C7918%2C8045%2C8073-8075%2C8668%2C8705%0A/branches/qmmp-1.0:5596%0A/branches/qmmp-1.1:5819%2C5968%2C6043%2C6172%2C6233%2C6442%0A/branches/qmmp-1.2:6799%2C6945%2C6975%2C7173%2C7382%2C7520%0A/branches/qmmp-1.3:8706%2C8913%0A/branches/qmmp-1.6:10646%2C10666%2C10727%2C10780%2C10800%2C10944%2C10970%0A/trunk/qmmp:9936%2C9953%2C9959%2C10009%2C10041%2C10049%2C10066%2C10070%2C10073%2C10076%2C10079%2C10084%2C10096%2C10108%2C10114%2C10145%2C10148%2C10151%2C10180%2C10186%2C10199%2C10204%2C10208%2C10216%2C10232%2C10235%2C10243%2C10247%2C10279%2C10283%2C10288-10289%2C10292%2C10294%2C10299%2C10306%2C10334%2C10369%2C10374%2C10379%2C10383%2C10388%2C10392%2C10398%2C10405%2C10411%2C10417%2C10459%2C10465%2C10474%2C10476%2C10478%2C10482-10483%2C10487-10489%2C10491%2C10494%2C10535%2C10561-10562%2C10565-10566%2C10578%2C10580-10581%2C10590%2C10600%2C10604%2C10639-10641%2C10657%2C10684%2C10687%2C10694-10696%2C10706-10707%2C10721-10722%2C10732%2C10756%2C10772%2C10787-10788%2C10794%2C10797%2C10804-10805%2C10821%2C10824%2C10846%2C10852%2C10876%2C10881%2C10902%2C10911%2C10918%2C10922%2C10929%2C10951%2C11017%2C11023%2C11026%2C11029%2C11037%2C11062%2C11067%2C11069%2C11071
r11074
r11076
r11086
r11097
  +dir_prop: branches/qmmp-2.1 svn:mergeinfo /branches/qmmp-0.10:7522%0A/branches/qmmp-0.11:7919%0A/branches/qmmp-0.12:7828%2C7918%2C8045%2C8073-8075%2C8668%2C8705%0A/branches/qmmp-1.0:5596%0A/branches/qmmp-1.1:5819%2C5968%2C6043%2C6172%2C6233%2C6442%0A/branches/qmmp-1.2:6799%2C6945%2C6975%2C7173%2C7382%2C7520%0A/branches/qmmp-1.3:8706%2C8913%0A/branches/qmmp-1.6:10646%2C10666%2C10727%2C10780%2C10800%2C10944%2C10970%0A/trunk/qmmp:9936%2C9953%2C9959%2C10009%2C10041%2C10049%2C10066%2C10070%2C10073%2C10076%2C10079%2C10084%2C10096%2C10108%2C10114%2C10145%2C10148%2C10151%2C10180%2C10186%2C10199%2C10204%2C10208%2C10216%2C10232%2C10235%2C10243%2C10247%2C10279%2C10283%2C10288-10289%2C10292%2C10294%2C10299%2C10306%2C10334%2C10369%2C10374%2C10379%2C10383%2C10388%2C10392%2C10398%2C10405%2C10411%2C10417%2C10459%2C10465%2C10474%2C10476%2C10478%2C10482-10483%2C10487-10489%2C10491%2C10494%2C10535%2C10561-10562%2C10565-10566%2C10578%2C10580-10581%2C10590%2C10600%2C10604%2C10639-10641%2C10657%2C10684%2C10687%2C10694-10696%2C10706-10707%2C10721-10722%2C10732%2C10756%2C10772%2C10787-10788%2C10794%2C10797%2C10804-10805%2C10821%2C10824%2C10846%2C10852%2C10876%2C10881%2C10902%2C10911%2C10918%2C10922%2C10929%2C10951%2C11017%2C11023%2C11026%2C11029%2C11037%2C11062%2C11067%2C11069%2C11071%2C11096
  +dir_prop: branches/qmmp-2.1/src/plugins/Ui/qsui svn:mergeinfo /branches/qmmp-0.12/src/plugins/Ui/qsui:8073-8075%0A/branches/qmmp-1.1/src/plugins/Ui/qsui:6172%0A/branches/qmmp-1.2/src/plugins/Ui/qsui:7382%0A/trunk/qmmp/src/plugins/Ui/qsui:10148%2C10151%2C10180%2C10247%2C10279%2C10283%2C10288-10289%2C10292%2C10294%2C10411%2C10488-10489%2C10535%2C10561-10562%2C10565-10566%2C11037%2C11096%0A/trunk/qmmp/src/plugins/Ui/skinned:5223%2C6018-6019%2C6022
r11101
  +dir_prop: branches/qmmp-2.1 svn:mergeinfo /branches/qmmp-0.10:7522%0A/branches/qmmp-0.11:7919%0A/branches/qmmp-0.12:7828%2C7918%2C8045%2C8073-8075%2C8668%2C8705%0A/branches/qmmp-1.0:5596%0A/branches/qmmp-1.1:5819%2C5968%2C6043%2C6172%2C6233%2C6442%0A/branches/qmmp-1.2:6799%2C6945%2C6975%2C7173%2C7382%2C7520%0A/branches/qmmp-1.3:8706%2C8913%0A/branches/qmmp-1.6:10646%2C10666%2C10727%2C10780%2C10800%2C10944%2C10970%0A/trunk/qmmp:9936%2C9953%2C9959%2C10009%2C10041%2C10049%2C10066%2C10070%2C10073%2C10076%2C10079%2C10084%2C10096%2C10108%2C10114%2C10145%2C10148%2C10151%2C10180%2C10186%2C10199%2C10204%2C10208%2C10216%2C10232%2C10235%2C10243%2C10247%2C10279%2C10283%2C10288-10289%2C10292%2C10294%2C10299%2C10306%2C10334%2C10369%2C10374%2C10379%2C10383%2C10388%2C10392%2C10398%2C10405%2C10411%2C10417%2C10459%2C10465%2C10474%2C10476%2C10478%2C10482-10483%2C10487-10489%2C10491%2C10494%2C10535%2C10561-10562%2C10565-10566%2C10578%2C10580-10581%2C10590%2C10600%2C10604%2C10639-10641%2C10657%2C10684%2C10687%2C10694-10696%2C10706-10707%2C10721-10722%2C10732%2C10756%2C10772%2C10787-10788%2C10794%2C10797%2C10804-10805%2C10821%2C10824%2C10846%2C10852%2C10876%2C10881%2C10902%2C10911%2C10918%2C10922%2C10929%2C10951%2C11017%2C11023%2C11026%2C11029%2C11037%2C11062%2C11067%2C11069%2C11071%2C11096%2C11100
r11106
  +dir_prop: branches/qmmp-2.1 svn:mergeinfo /branches/qmmp-0.10:7522%0A/branches/qmmp-0.11:7919%0A/branches/qmmp-0.12:7828%2C7918%2C8045%2C8073-8075%2C8668%2C8705%0A/branches/qmmp-1.0:5596%0A/branches/qmmp-1.1:5819%2C5968%2C6043%2C6172%2C6233%2C6442%0A/branches/qmmp-1.2:6799%2C6945%2C6975%2C7173%2C7382%2C7520%0A/branches/qmmp-1.3:8706%2C8913%0A/branches/qmmp-1.6:10646%2C10666%2C10727%2C10780%2C10800%2C10944%2C10970%0A/trunk/qmmp:9936%2C9953%2C9959%2C10009%2C10041%2C10049%2C10066%2C10070%2C10073%2C10076%2C10079%2C10084%2C10096%2C10108%2C10114%2C10145%2C10148%2C10151%2C10180%2C10186%2C10199%2C10204%2C10208%2C10216%2C10232%2C10235%2C10243%2C10247%2C10279%2C10283%2C10288-10289%2C10292%2C10294%2C10299%2C10306%2C10334%2C10369%2C10374%2C10379%2C10383%2C10388%2C10392%2C10398%2C10405%2C10411%2C10417%2C10459%2C10465%2C10474%2C10476%2C10478%2C10482-10483%2C10487-10489%2C10491%2C10494%2C10535%2C10561-10562%2C10565-10566%2C10578%2C10580-10581%2C10590%2C10600%2C10604%2C10639-10641%2C10657%2C10684%2C10687%2C10694-10696%2C10706-10707%2C10721-10722%2C10732%2C10756%2C10772%2C10787-10788%2C10794%2C10797%2C10804-10805%2C10821%2C10824%2C10846%2C10852%2C10876%2C10881%2C10902%2C10911%2C10918%2C10922%2C10929%2C10951%2C11017%2C11023%2C11026%2C11029%2C11037%2C11062%2C11067%2C11069%2C11071%2C11096%2C11100%2C11105
r11110
  +dir_prop: branches/qmmp-2.1 svn:mergeinfo /branches/qmmp-0.10:7522%0A/branches/qmmp-0.11:7919%0A/branches/qmmp-0.12:7828%2C7918%2C8045%2C8073-8075%2C8668%2C8705%0A/branches/qmmp-1.0:5596%0A/branches/qmmp-1.1:5819%2C5968%2C6043%2C6172%2C6233%2C6442%0A/branches/qmmp-1.2:6799%2C6945%2C6975%2C7173%2C7382%2C7520%0A/branches/qmmp-1.3:8706%2C8913%0A/branches/qmmp-1.6:10646%2C10666%2C10727%2C10780%2C10800%2C10944%2C10970%0A/trunk/qmmp:9936%2C9953%2C9959%2C10009%2C10041%2C10049%2C10066%2C10070%2C10073%2C10076%2C10079%2C10084%2C10096%2C10108%2C10114%2C10145%2C10148%2C10151%2C10180%2C10186%2C10199%2C10204%2C10208%2C10216%2C10232%2C10235%2C10243%2C10247%2C10279%2C10283%2C10288-10289%2C10292%2C10294%2C10299%2C10306%2C10334%2C10369%2C10374%2C10379%2C10383%2C10388%2C10392%2C10398%2C10405%2C10411%2C10417%2C10459%2C10465%2C10474%2C10476%2C10478%2C10482-10483%2C10487-10489%2C10491%2C10494%2C10535%2C10561-10562%2C10565-10566%2C10578%2C10580-10581%2C10590%2C10600%2C10604%2C10639-10641%2C10657%2C10684%2C10687%2C10694-10696%2C10706-10707%2C10721-10722%2C10732%2C10756%2C10772%2C10787-10788%2C10794%2C10797%2C10804-10805%2C10821%2C10824%2C10846%2C10852%2C10876%2C10881%2C10902%2C10911%2C10918%2C10922%2C10929%2C10951%2C11017%2C11023%2C11026%2C11029%2C11037%2C11062%2C11067%2C11069%2C11071%2C11096%2C11100%2C11105%2C11108
r11115
  +dir_prop: branches/qmmp-2.1 svn:mergeinfo /branches/qmmp-0.10:7522%0A/branches/qmmp-0.11:7919%0A/branches/qmmp-0.12:7828%2C7918%2C8045%2C8073-8075%2C8668%2C8705%0A/branches/qmmp-1.0:5596%0A/branches/qmmp-1.1:5819%2C5968%2C6043%2C6172%2C6233%2C6442%0A/branches/qmmp-1.2:6799%2C6945%2C6975%2C7173%2C7382%2C7520%0A/branches/qmmp-1.3:8706%2C8913%0A/branches/qmmp-1.6:10646%2C10666%2C10727%2C10780%2C10800%2C10944%2C10970%0A/trunk/qmmp:9936%2C9953%2C9959%2C10009%2C10041%2C10049%2C10066%2C10070%2C10073%2C10076%2C10079%2C10084%2C10096%2C10108%2C10114%2C10145%2C10148%2C10151%2C10180%2C10186%2C10199%2C10204%2C10208%2C10216%2C10232%2C10235%2C10243%2C10247%2C10279%2C10283%2C10288-10289%2C10292%2C10294%2C10299%2C10306%2C10334%2C10369%2C10374%2C10379%2C10383%2C10388%2C10392%2C10398%2C10405%2C10411%2C10417%2C10459%2C10465%2C10474%2C10476%2C10478%2C10482-10483%2C10487-10489%2C10491%2C10494%2C10535%2C10561-10562%2C10565-10566%2C10578%2C10580-10581%2C10590%2C10600%2C10604%2C10639-10641%2C10657%2C10684%2C10687%2C10694-10696%2C10706-10707%2C10721-10722%2C10732%2C10756%2C10772%2C10787-10788%2C10794%2C10797%2C10804-10805%2C10821%2C10824%2C10846%2C10852%2C10876%2C10881%2C10902%2C10911%2C10918%2C10922%2C10929%2C10951%2C11017%2C11023%2C11026%2C11029%2C11037%2C11062%2C11067%2C11069%2C11071%2C11096%2C11100%2C11105%2C11108%2C11114
  +dir_prop: branches/qmmp-2.1/src/plugins/Ui/qsui svn:mergeinfo /branches/qmmp-0.12/src/plugins/Ui/qsui:8073-8075%0A/branches/qmmp-1.1/src/plugins/Ui/qsui:6172%0A/branches/qmmp-1.2/src/plugins/Ui/qsui:7382%0A/trunk/qmmp/src/plugins/Ui/qsui:10148%2C10151%2C10180%2C10247%2C10279%2C10283%2C10288-10289%2C10292%2C10294%2C10411%2C10488-10489%2C10535%2C10561-10562%2C10565-10566%2C11037%2C11096%2C11114%0A/trunk/qmmp/src/plugins/Ui/skinned:5223%2C6018-6019%2C6022
r11118
  +dir_prop: branches/qmmp-2.1 svn:mergeinfo /branches/qmmp-0.10:7522%0A/branches/qmmp-0.11:7919%0A/branches/qmmp-0.12:7828%2C7918%2C8045%2C8073-8075%2C8668%2C8705%0A/branches/qmmp-1.0:5596%0A/branches/qmmp-1.1:5819%2C5968%2C6043%2C6172%2C6233%2C6442%0A/branches/qmmp-1.2:6799%2C6945%2C6975%2C7173%2C7382%2C7520%0A/branches/qmmp-1.3:8706%2C8913%0A/branches/qmmp-1.6:10646%2C10666%2C10727%2C10780%2C10800%2C10944%2C10970%2C11117%0A/trunk/qmmp:9936%2C9953%2C9959%2C10009%2C10041%2C10049%2C10066%2C10070%2C10073%2C10076%2C10079%2C10084%2C10096%2C10108%2C10114%2C10145%2C10148%2C10151%2C10180%2C10186%2C10199%2C10204%2C10208%2C10216%2C10232%2C10235%2C10243%2C10247%2C10279%2C10283%2C10288-10289%2C10292%2C10294%2C10299%2C10306%2C10334%2C10369%2C10374%2C10379%2C10383%2C10388%2C10392%2C10398%2C10405%2C10411%2C10417%2C10459%2C10465%2C10474%2C10476%2C10478%2C10482-10483%2C10487-10489%2C10491%2C10494%2C10535%2C10561-10562%2C10565-10566%2C10578%2C10580-10581%2C10590%2C10600%2C10604%2C10639-10641%2C10657%2C10684%2C10687%2C10694-10696%2C10706-10707%2C10721-10722%2C10732%2C10756%2C10772%2C10787-10788%2C10794%2C10797%2C10804-10805%2C10821%2C10824%2C10846%2C10852%2C10876%2C10881%2C10902%2C10911%2C10918%2C10922%2C10929%2C10951%2C11017%2C11023%2C11026%2C11029%2C11037%2C11062%2C11067%2C11069%2C11071%2C11096%2C11100%2C11105%2C11108%2C11114
r11136
  +dir_prop: branches/qmmp-2.1 svn:mergeinfo /branches/qmmp-0.10:7522%0A/branches/qmmp-0.11:7919%0A/branches/qmmp-0.12:7828%2C7918%2C8045%2C8073-8075%2C8668%2C8705%0A/branches/qmmp-1.0:5596%0A/branches/qmmp-1.1:5819%2C5968%2C6043%2C6172%2C6233%2C6442%0A/branches/qmmp-1.2:6799%2C6945%2C6975%2C7173%2C7382%2C7520%0A/branches/qmmp-1.3:8706%2C8913%0A/branches/qmmp-1.6:10646%2C10666%2C10727%2C10780%2C10800%2C10944%2C10970%2C11117%0A/trunk/qmmp:9936%2C9953%2C9959%2C10009%2C10041%2C10049%2C10066%2C10070%2C10073%2C10076%2C10079%2C10084%2C10096%2C10108%2C10114%2C10145%2C10148%2C10151%2C10180%2C10186%2C10199%2C10204%2C10208%2C10216%2C10232%2C10235%2C10243%2C10247%2C10279%2C10283%2C10288-10289%2C10292%2C10294%2C10299%2C10306%2C10334%2C10369%2C10374%2C10379%2C10383%2C10388%2C10392%2C10398%2C10405%2C10411%2C10417%2C10459%2C10465%2C10474%2C10476%2C10478%2C10482-10483%2C10487-10489%2C10491%2C10494%2C10535%2C10561-10562%2C10565-10566%2C10578%2C10580-10581%2C10590%2C10600%2C10604%2C10639-10641%2C10657%2C10684%2C10687%2C10694-10696%2C10706-10707%2C10721-10722%2C10732%2C10756%2C10772%2C10787-10788%2C10794%2C10797%2C10804-10805%2C10821%2C10824%2C10846%2C10852%2C10876%2C10881%2C10902%2C10911%2C10918%2C10922%2C10929%2C10951%2C11017%2C11023%2C11026%2C11029%2C11037%2C11062%2C11067%2C11069%2C11071%2C11096%2C11100%2C11105%2C11108%2C11114%2C11135
  +dir_prop: branches/qmmp-2.1/src/plugins/Ui/qsui svn:mergeinfo /branches/qmmp-0.12/src/plugins/Ui/qsui:8073-8075%0A/branches/qmmp-1.1/src/plugins/Ui/qsui:6172%0A/branches/qmmp-1.2/src/plugins/Ui/qsui:7382%0A/trunk/qmmp/src/plugins/Ui/qsui:10148%2C10151%2C10180%2C10247%2C10279%2C10283%2C10288-10289%2C10292%2C10294%2C10411%2C10488-10489%2C10535%2C10561-10562%2C10565-10566%2C11037%2C11096%2C11114%2C11135%0A/trunk/qmmp/src/plugins/Ui/skinned:5223%2C6018-6019%2C6022
r11146
  +dir_prop: branches/qmmp-2.1 svn:mergeinfo /branches/qmmp-0.10:7522%0A/branches/qmmp-0.11:7919%0A/branches/qmmp-0.12:7828%2C7918%2C8045%2C8073-8075%2C8668%2C8705%0A/branches/qmmp-1.0:5596%0A/branches/qmmp-1.1:5819%2C5968%2C6043%2C6172%2C6233%2C6442%0A/branches/qmmp-1.2:6799%2C6945%2C6975%2C7173%2C7382%2C7520%0A/branches/qmmp-1.3:8706%2C8913%0A/branches/qmmp-1.6:10646%2C10666%2C10727%2C10780%2C10800%2C10944%2C10970%2C11117%0A/trunk/qmmp:9936%2C9953%2C9959%2C10009%2C10041%2C10049%2C10066%2C10070%2C10073%2C10076%2C10079%2C10084%2C10096%2C10108%2C10114%2C10145%2C10148%2C10151%2C10180%2C10186%2C10199%2C10204%2C10208%2C10216%2C10232%2C10235%2C10243%2C10247%2C10279%2C10283%2C10288-10289%2C10292%2C10294%2C10299%2C10306%2C10334%2C10369%2C10374%2C10379%2C10383%2C10388%2C10392%2C10398%2C10405%2C10411%2C10417%2C10459%2C10465%2C10474%2C10476%2C10478%2C10482-10483%2C10487-10489%2C10491%2C10494%2C10535%2C10561-10562%2C10565-10566%2C10578%2C10580-10581%2C10590%2C10600%2C10604%2C10639-10641%2C10657%2C10684%2C10687%2C10694-10696%2C10706-10707%2C10721-10722%2C10732%2C10756%2C10772%2C10787-10788%2C10794%2C10797%2C10804-10805%2C10821%2C10824%2C10846%2C10852%2C10876%2C10881%2C10902%2C10911%2C10918%2C10922%2C10929%2C10951%2C11017%2C11023%2C11026%2C11029%2C11037%2C11062%2C11067%2C11069%2C11071%2C11096%2C11100%2C11105%2C11108%2C11114%2C11135%2C11144-11145
r11148
  +dir_prop: branches/qmmp-2.1 svn:mergeinfo /branches/qmmp-0.10:7522%0A/branches/qmmp-0.11:7919%0A/branches/qmmp-0.12:7828%2C7918%2C8045%2C8073-8075%2C8668%2C8705%0A/branches/qmmp-1.0:5596%0A/branches/qmmp-1.1:5819%2C5968%2C6043%2C6172%2C6233%2C6442%0A/branches/qmmp-1.2:6799%2C6945%2C6975%2C7173%2C7382%2C7520%0A/branches/qmmp-1.3:8706%2C8913%0A/branches/qmmp-1.6:10646%2C10666%2C10727%2C10780%2C10800%2C10944%2C10970%2C11117%0A/trunk/qmmp:9936%2C9953%2C9959%2C10009%2C10041%2C10049%2C10066%2C10070%2C10073%2C10076%2C10079%2C10084%2C10096%2C10108%2C10114%2C10145%2C10148%2C10151%2C10180%2C10186%2C10199%2C10204%2C10208%2C10216%2C10232%2C10235%2C10243%2C10247%2C10279%2C10283%2C10288-10289%2C10292%2C10294%2C10299%2C10306%2C10334%2C10369%2C10374%2C10379%2C10383%2C10388%2C10392%2C10398%2C10405%2C10411%2C10417%2C10459%2C10465%2C10474%2C10476%2C10478%2C10482-10483%2C10487-10489%2C10491%2C10494%2C10535%2C10561-10562%2C10565-10566%2C10578%2C10580-10581%2C10590%2C10600%2C10604%2C10639-10641%2C10657%2C10684%2C10687%2C10694-10696%2C10706-10707%2C10721-10722%2C10732%2C10756%2C10772%2C10787-10788%2C10794%2C10797%2C10804-10805%2C10821%2C10824%2C10846%2C10852%2C10876%2C10881%2C10902%2C10911%2C10918%2C10922%2C10929%2C10951%2C11017%2C11023%2C11026%2C11029%2C11037%2C11062%2C11067%2C11069%2C11071%2C11096%2C11100%2C11105%2C11108%2C11114%2C11135%2C11144-11145%2C11147
r11163
  +dir_prop: branches/qmmp-2.1 svn:mergeinfo /branches/qmmp-0.10:7522%0A/branches/qmmp-0.11:7919%0A/branches/qmmp-0.12:7828%2C7918%2C8045%2C8073-8075%2C8668%2C8705%0A/branches/qmmp-1.0:5596%0A/branches/qmmp-1.1:5819%2C5968%2C6043%2C6172%2C6233%2C6442%0A/branches/qmmp-1.2:6799%2C6945%2C6975%2C7173%2C7382%2C7520%0A/branches/qmmp-1.3:8706%2C8913%0A/branches/qmmp-1.6:10646%2C10666%2C10727%2C10780%2C10800%2C10944%2C10970%2C11117%0A/trunk/qmmp:9936%2C9953%2C9959%2C10009%2C10041%2C10049%2C10066%2C10070%2C10073%2C10076%2C10079%2C10084%2C10096%2C10108%2C10114%2C10145%2C10148%2C10151%2C10180%2C10186%2C10199%2C10204%2C10208%2C10216%2C10232%2C10235%2C10243%2C10247%2C10279%2C10283%2C10288-10289%2C10292%2C10294%2C10299%2C10306%2C10334%2C10369%2C10374%2C10379%2C10383%2C10388%2C10392%2C10398%2C10405%2C10411%2C10417%2C10459%2C10465%2C10474%2C10476%2C10478%2C10482-10483%2C10487-10489%2C10491%2C10494%2C10535%2C10561-10562%2C10565-10566%2C10578%2C10580-10581%2C10590%2C10600%2C10604%2C10639-10641%2C10657%2C10684%2C10687%2C10694-10696%2C10706-10707%2C10721-10722%2C10732%2C10756%2C10772%2C10787-10788%2C10794%2C10797%2C10804-10805%2C10821%2C10824%2C10846%2C10852%2C10876%2C10881%2C10902%2C10911%2C10918%2C10922%2C10929%2C10951%2C11017%2C11023%2C11026%2C11029%2C11037%2C11062%2C11067%2C11069%2C11071%2C11096%2C11100%2C11105%2C11108%2C11114%2C11135%2C11144-11145%2C11147%2C11160
r11164
r11167
r11171
r11173
r11176
  +dir_prop: branches/qmmp-2.1 svn:mergeinfo /branches/qmmp-0.10:7522%0A/branches/qmmp-0.11:7919%0A/branches/qmmp-0.12:7828%2C7918%2C8045%2C8073-8075%2C8668%2C8705%0A/branches/qmmp-1.0:5596%0A/branches/qmmp-1.1:5819%2C5968%2C6043%2C6172%2C6233%2C6442%0A/branches/qmmp-1.2:6799%2C6945%2C6975%2C7173%2C7382%2C7520%0A/branches/qmmp-1.3:8706%2C8913%0A/branches/qmmp-1.6:10646%2C10666%2C10727%2C10780%2C10800%2C10944%2C10970%2C11117%0A/trunk/qmmp:9936%2C9953%2C9959%2C10009%2C10041%2C10049%2C10066%2C10070%2C10073%2C10076%2C10079%2C10084%2C10096%2C10108%2C10114%2C10145%2C10148%2C10151%2C10180%2C10186%2C10199%2C10204%2C10208%2C10216%2C10232%2C10235%2C10243%2C10247%2C10279%2C10283%2C10288-10289%2C10292%2C10294%2C10299%2C10306%2C10334%2C10369%2C10374%2C10379%2C10383%2C10388%2C10392%2C10398%2C10405%2C10411%2C10417%2C10459%2C10465%2C10474%2C10476%2C10478%2C10482-10483%2C10487-10489%2C10491%2C10494%2C10535%2C10561-10562%2C10565-10566%2C10578%2C10580-10581%2C10590%2C10600%2C10604%2C10639-10641%2C10657%2C10684%2C10687%2C10694-10696%2C10706-10707%2C10721-10722%2C10732%2C10756%2C10772%2C10787-10788%2C10794%2C10797%2C10804-10805%2C10821%2C10824%2C10846%2C10852%2C10876%2C10881%2C10902%2C10911%2C10918%2C10922%2C10929%2C10951%2C11017%2C11023%2C11026%2C11029%2C11037%2C11062%2C11067%2C11069%2C11071%2C11096%2C11100%2C11105%2C11108%2C11114%2C11135%2C11144-11145%2C11147%2C11160%2C11175
  +dir_prop: branches/qmmp-2.1/src/plugins/Ui/qsui svn:mergeinfo /branches/qmmp-0.12/src/plugins/Ui/qsui:8073-8075%0A/branches/qmmp-1.1/src/plugins/Ui/qsui:6172%0A/branches/qmmp-1.2/src/plugins/Ui/qsui:7382%0A/trunk/qmmp/src/plugins/Ui/qsui:10148%2C10151%2C10180%2C10247%2C10279%2C10283%2C10288-10289%2C10292%2C10294%2C10411%2C10488-10489%2C10535%2C10561-10562%2C10565-10566%2C11037%2C11096%2C11114%2C11135%2C11175%0A/trunk/qmmp/src/plugins/Ui/skinned:5223%2C6018-6019%2C6022
r11179
  +dir_prop: branches/qmmp-2.1 svn:mergeinfo /branches/qmmp-0.10:7522%0A/branches/qmmp-0.11:7919%0A/branches/qmmp-0.12:7828%2C7918%2C8045%2C8073-8075%2C8668%2C8705%0A/branches/qmmp-1.0:5596%0A/branches/qmmp-1.1:5819%2C5968%2C6043%2C6172%2C6233%2C6442%0A/branches/qmmp-1.2:6799%2C6945%2C6975%2C7173%2C7382%2C7520%0A/branches/qmmp-1.3:8706%2C8913%0A/branches/qmmp-1.6:10646%2C10666%2C10727%2C10780%2C10800%2C10944%2C10970%2C11117%0A/trunk/qmmp:9936%2C9953%2C9959%2C10009%2C10041%2C10049%2C10066%2C10070%2C10073%2C10076%2C10079%2C10084%2C10096%2C10108%2C10114%2C10145%2C10148%2C10151%2C10180%2C10186%2C10199%2C10204%2C10208%2C10216%2C10232%2C10235%2C10243%2C10247%2C10279%2C10283%2C10288-10289%2C10292%2C10294%2C10299%2C10306%2C10334%2C10369%2C10374%2C10379%2C10383%2C10388%2C10392%2C10398%2C10405%2C10411%2C10417%2C10459%2C10465%2C10474%2C10476%2C10478%2C10482-10483%2C10487-10489%2C10491%2C10494%2C10535%2C10561-10562%2C10565-10566%2C10578%2C10580-10581%2C10590%2C10600%2C10604%2C10639-10641%2C10657%2C10684%2C10687%2C10694-10696%2C10706-10707%2C10721-10722%2C10732%2C10756%2C10772%2C10787-10788%2C10794%2C10797%2C10804-10805%2C10821%2C10824%2C10846%2C10852%2C10876%2C10881%2C10902%2C10911%2C10918%2C10922%2C10929%2C10951%2C11017%2C11023%2C11026%2C11029%2C11037%2C11062%2C11067%2C11069%2C11071%2C11096%2C11100%2C11105%2C11108%2C11114%2C11135%2C11144-11145%2C11147%2C11160%2C11175%2C11178
  +dir_prop: branches/qmmp-2.1/src/plugins/Ui/qsui svn:mergeinfo /branches/qmmp-0.12/src/plugins/Ui/qsui:8073-8075%0A/branches/qmmp-1.1/src/plugins/Ui/qsui:6172%0A/branches/qmmp-1.2/src/plugins/Ui/qsui:7382%0A/trunk/qmmp/src/plugins/Ui/qsui:10148%2C10151%2C10180%2C10247%2C10279%2C10283%2C10288-10289%2C10292%2C10294%2C10411%2C10488-10489%2C10535%2C10561-10562%2C10565-10566%2C11037%2C11096%2C11114%2C11135%2C11175%2C11178%0A/trunk/qmmp/src/plugins/Ui/skinned:5223%2C6018-6019%2C6022
r11181
r11188
r11214
  +dir_prop: branches/qmmp-2.1 svn:mergeinfo /branches/qmmp-0.10:7522%0A/branches/qmmp-0.11:7919%0A/branches/qmmp-0.12:7828%2C7918%2C8045%2C8073-8075%2C8668%2C8705%0A/branches/qmmp-1.0:5596%0A/branches/qmmp-1.1:5819%2C5968%2C6043%2C6172%2C6233%2C6442%0A/branches/qmmp-1.2:6799%2C6945%2C6975%2C7173%2C7382%2C7520%0A/branches/qmmp-1.3:8706%2C8913%0A/branches/qmmp-1.6:10646%2C10666%2C10727%2C10780%2C10800%2C10944%2C10970%2C11117%0A/trunk/qmmp:9936%2C9953%2C9959%2C10009%2C10041%2C10049%2C10066%2C10070%2C10073%2C10076%2C10079%2C10084%2C10096%2C10108%2C10114%2C10145%2C10148%2C10151%2C10180%2C10186%2C10199%2C10204%2C10208%2C10216%2C10232%2C10235%2C10243%2C10247%2C10279%2C10283%2C10288-10289%2C10292%2C10294%2C10299%2C10306%2C10334%2C10369%2C10374%2C10379%2C10383%2C10388%2C10392%2C10398%2C10405%2C10411%2C10417%2C10459%2C10465%2C10474%2C10476%2C10478%2C10482-10483%2C10487-10489%2C10491%2C10494%2C10535%2C10561-10562%2C10565-10566%2C10578%2C10580-10581%2C10590%2C10600%2C10604%2C10639-10641%2C10657%2C10684%2C10687%2C10694-10696%2C10706-10707%2C10721-10722%2C10732%2C10756%2C10772%2C10787-10788%2C10794%2C10797%2C10804-10805%2C10821%2C10824%2C10846%2C10852%2C10876%2C10881%2C10902%2C10911%2C10918%2C10922%2C10929%2C10951%2C11017%2C11023%2C11026%2C11029%2C11037%2C11062%2C11067%2C11069%2C11071%2C11096%2C11100%2C11105%2C11108%2C11114%2C11135%2C11144-11145%2C11147%2C11160%2C11175%2C11178%2C11212
r11227
  +dir_prop: branches/qmmp-2.1 svn:mergeinfo /branches/qmmp-0.10:7522%0A/branches/qmmp-0.11:7919%0A/branches/qmmp-0.12:7828%2C7918%2C8045%2C8073-8075%2C8668%2C8705%0A/branches/qmmp-1.0:5596%0A/branches/qmmp-1.1:5819%2C5968%2C6043%2C6172%2C6233%2C6442%0A/branches/qmmp-1.2:6799%2C6945%2C6975%2C7173%2C7382%2C7520%0A/branches/qmmp-1.3:8706%2C8913%0A/branches/qmmp-1.6:10646%2C10666%2C10727%2C10780%2C10800%2C10944%2C10970%2C11117%0A/trunk/qmmp:9936%2C9953%2C9959%2C10009%2C10041%2C10049%2C10066%2C10070%2C10073%2C10076%2C10079%2C10084%2C10096%2C10108%2C10114%2C10145%2C10148%2C10151%2C10180%2C10186%2C10199%2C10204%2C10208%2C10216%2C10232%2C10235%2C10243%2C10247%2C10279%2C10283%2C10288-10289%2C10292%2C10294%2C10299%2C10306%2C10334%2C10369%2C10374%2C10379%2C10383%2C10388%2C10392%2C10398%2C10405%2C10411%2C10417%2C10459%2C10465%2C10474%2C10476%2C10478%2C10482-10483%2C10487-10489%2C10491%2C10494%2C10535%2C10561-10562%2C10565-10566%2C10578%2C10580-10581%2C10590%2C10600%2C10604%2C10639-10641%2C10657%2C10684%2C10687%2C10694-10696%2C10706-10707%2C10721-10722%2C10732%2C10756%2C10772%2C10787-10788%2C10794%2C10797%2C10804-10805%2C10821%2C10824%2C10846%2C10852%2C10876%2C10881%2C10902%2C10911%2C10918%2C10922%2C10929%2C10951%2C11017%2C11023%2C11026%2C11029%2C11037%2C11062%2C11067%2C11069%2C11071%2C11096%2C11100%2C11105%2C11108%2C11114%2C11135%2C11144-11145%2C11147%2C11160%2C11175%2C11178%2C11212%2C11226
  +dir_prop: branches/qmmp-2.1/src/plugins/Ui/qsui svn:mergeinfo /branches/qmmp-0.12/src/plugins/Ui/qsui:8073-8075%0A/branches/qmmp-1.1/src/plugins/Ui/qsui:6172%0A/branches/qmmp-1.2/src/plugins/Ui/qsui:7382%0A/trunk/qmmp/src/plugins/Ui/qsui:10148%2C10151%2C10180%2C10247%2C10279%2C10283%2C10288-10289%2C10292%2C10294%2C10411%2C10488-10489%2C10535%2C10561-10562%2C10565-10566%2C11037%2C11096%2C11114%2C11135%2C11175%2C11178%2C11226%0A/trunk/qmmp/src/plugins/Ui/skinned:5223%2C6018-6019%2C6022
r11247
  +dir_prop: branches/qmmp-2.1 svn:mergeinfo /branches/qmmp-0.10:7522%0A/branches/qmmp-0.11:7919%0A/branches/qmmp-0.12:7828%2C7918%2C8045%2C8073-8075%2C8668%2C8705%0A/branches/qmmp-1.0:5596%0A/branches/qmmp-1.1:5819%2C5968%2C6043%2C6172%2C6233%2C6442%0A/branches/qmmp-1.2:6799%2C6945%2C6975%2C7173%2C7382%2C7520%0A/branches/qmmp-1.3:8706%2C8913%0A/branches/qmmp-1.6:10646%2C10666%2C10727%2C10780%2C10800%2C10944%2C10970%2C11117%0A/trunk/qmmp:9936%2C9953%2C9959%2C10009%2C10041%2C10049%2C10066%2C10070%2C10073%2C10076%2C10079%2C10084%2C10096%2C10108%2C10114%2C10145%2C10148%2C10151%2C10180%2C10186%2C10199%2C10204%2C10208%2C10216%2C10232%2C10235%2C10243%2C10247%2C10279%2C10283%2C10288-10289%2C10292%2C10294%2C10299%2C10306%2C10334%2C10369%2C10374%2C10379%2C10383%2C10388%2C10392%2C10398%2C10405%2C10411%2C10417%2C10459%2C10465%2C10474%2C10476%2C10478%2C10482-10483%2C10487-10489%2C10491%2C10494%2C10535%2C10561-10562%2C10565-10566%2C10578%2C10580-10581%2C10590%2C10600%2C10604%2C10639-10641%2C10657%2C10684%2C10687%2C10694-10696%2C10706-10707%2C10721-10722%2C10732%2C10756%2C10772%2C10787-10788%2C10794%2C10797%2C10804-10805%2C10821%2C10824%2C10846%2C10852%2C10876%2C10881%2C10902%2C10911%2C10918%2C10922%2C10929%2C10951%2C11017%2C11023%2C11026%2C11029%2C11037%2C11062%2C11067%2C11069%2C11071%2C11096%2C11100%2C11105%2C11108%2C11114%2C11135%2C11144-11145%2C11147%2C11160%2C11175%2C11178%2C11212%2C11226%2C11246
r11256
  +dir_prop: branches/qmmp-2.1 svn:mergeinfo /branches/qmmp-0.10:7522%0A/branches/qmmp-0.11:7919%0A/branches/qmmp-0.12:7828%2C7918%2C8045%2C8073-8075%2C8668%2C8705%0A/branches/qmmp-1.0:5596%0A/branches/qmmp-1.1:5819%2C5968%2C6043%2C6172%2C6233%2C6442%0A/branches/qmmp-1.2:6799%2C6945%2C6975%2C7173%2C7382%2C7520%0A/branches/qmmp-1.3:8706%2C8913%0A/branches/qmmp-1.6:10646%2C10666%2C10727%2C10780%2C10800%2C10944%2C10970%2C11117%0A/trunk/qmmp:9936%2C9953%2C9959%2C10009%2C10041%2C10049%2C10066%2C10070%2C10073%2C10076%2C10079%2C10084%2C10096%2C10108%2C10114%2C10145%2C10148%2C10151%2C10180%2C10186%2C10199%2C10204%2C10208%2C10216%2C10232%2C10235%2C10243%2C10247%2C10279%2C10283%2C10288-10289%2C10292%2C10294%2C10299%2C10306%2C10334%2C10369%2C10374%2C10379%2C10383%2C10388%2C10392%2C10398%2C10405%2C10411%2C10417%2C10459%2C10465%2C10474%2C10476%2C10478%2C10482-10483%2C10487-10489%2C10491%2C10494%2C10535%2C10561-10562%2C10565-10566%2C10578%2C10580-10581%2C10590%2C10600%2C10604%2C10639-10641%2C10657%2C10684%2C10687%2C10694-10696%2C10706-10707%2C10721-10722%2C10732%2C10756%2C10772%2C10787-10788%2C10794%2C10797%2C10804-10805%2C10821%2C10824%2C10846%2C10852%2C10876%2C10881%2C10902%2C10911%2C10918%2C10922%2C10929%2C10951%2C11017%2C11023%2C11026%2C11029%2C11037%2C11062%2C11067%2C11069%2C11071%2C11096%2C11100%2C11105%2C11108%2C11114%2C11135%2C11144-11145%2C11147%2C11160%2C11175%2C11178%2C11212%2C11226%2C11246%2C11255
r11269
  +dir_prop: branches/qmmp-2.1 svn:mergeinfo /branches/qmmp-0.10:7522%0A/branches/qmmp-0.11:7919%0A/branches/qmmp-0.12:7828%2C7918%2C8045%2C8073-8075%2C8668%2C8705%0A/branches/qmmp-1.0:5596%0A/branches/qmmp-1.1:5819%2C5968%2C6043%2C6172%2C6233%2C6442%0A/branches/qmmp-1.2:6799%2C6945%2C6975%2C7173%2C7382%2C7520%0A/branches/qmmp-1.3:8706%2C8913%0A/branches/qmmp-1.6:10646%2C10666%2C10727%2C10780%2C10800%2C10944%2C10970%2C11117%0A/trunk/qmmp:9936%2C9953%2C9959%2C10009%2C10041%2C10049%2C10066%2C10070%2C10073%2C10076%2C10079%2C10084%2C10096%2C10108%2C10114%2C10145%2C10148%2C10151%2C10180%2C10186%2C10199%2C10204%2C10208%2C10216%2C10232%2C10235%2C10243%2C10247%2C10279%2C10283%2C10288-10289%2C10292%2C10294%2C10299%2C10306%2C10334%2C10369%2C10374%2C10379%2C10383%2C10388%2C10392%2C10398%2C10405%2C10411%2C10417%2C10459%2C10465%2C10474%2C10476%2C10478%2C10482-10483%2C10487-10489%2C10491%2C10494%2C10535%2C10561-10562%2C10565-10566%2C10578%2C10580-10581%2C10590%2C10600%2C10604%2C10639-10641%2C10657%2C10684%2C10687%2C10694-10696%2C10706-10707%2C10721-10722%2C10732%2C10756%2C10772%2C10787-10788%2C10794%2C10797%2C10804-10805%2C10821%2C10824%2C10846%2C10852%2C10876%2C10881%2C10902%2C10911%2C10918%2C10922%2C10929%2C10951%2C11017%2C11023%2C11026%2C11029%2C11037%2C11062%2C11067%2C11069%2C11071%2C11096%2C11100%2C11105%2C11108%2C11114%2C11135%2C11144-11145%2C11147%2C11160%2C11175%2C11178%2C11212%2C11226%2C11246%2C11255%2C11261-11264%2C11268
r11270
r11273
r11277
  +dir_prop: branches/qmmp-2.1 svn:mergeinfo /branches/qmmp-0.10:7522%0A/branches/qmmp-0.11:7919%0A/branches/qmmp-0.12:7828%2C7918%2C8045%2C8073-8075%2C8668%2C8705%0A/branches/qmmp-1.0:5596%0A/branches/qmmp-1.1:5819%2C5968%2C6043%2C6172%2C6233%2C6442%0A/branches/qmmp-1.2:6799%2C6945%2C6975%2C7173%2C7382%2C7520%0A/branches/qmmp-1.3:8706%2C8913%0A/branches/qmmp-1.6:10646%2C10666%2C10727%2C10780%2C10800%2C10944%2C10970%2C11117%2C11276%0A/trunk/qmmp:9936%2C9953%2C9959%2C10009%2C10041%2C10049%2C10066%2C10070%2C10073%2C10076%2C10079%2C10084%2C10096%2C10108%2C10114%2C10145%2C10148%2C10151%2C10180%2C10186%2C10199%2C10204%2C10208%2C10216%2C10232%2C10235%2C10243%2C10247%2C10279%2C10283%2C10288-10289%2C10292%2C10294%2C10299%2C10306%2C10334%2C10369%2C10374%2C10379%2C10383%2C10388%2C10392%2C10398%2C10405%2C10411%2C10417%2C10459%2C10465%2C10474%2C10476%2C10478%2C10482-10483%2C10487-10489%2C10491%2C10494%2C10535%2C10561-10562%2C10565-10566%2C10578%2C10580-10581%2C10590%2C10600%2C10604%2C10639-10641%2C10657%2C10684%2C10687%2C10694-10696%2C10706-10707%2C10721-10722%2C10732%2C10756%2C10772%2C10787-10788%2C10794%2C10797%2C10804-10805%2C10821%2C10824%2C10846%2C10852%2C10876%2C10881%2C10902%2C10911%2C10918%2C10922%2C10929%2C10951%2C11017%2C11023%2C11026%2C11029%2C11037%2C11062%2C11067%2C11069%2C11071%2C11096%2C11100%2C11105%2C11108%2C11114%2C11135%2C11144-11145%2C11147%2C11160%2C11175%2C11178%2C11212%2C11226%2C11246%2C11255%2C11261-11264%2C11268
r11279
r11292
r11293
r11295
r11302
r11323
  +dir_prop: branches/qmmp-2.1 svn:mergeinfo /branches/qmmp-0.10:7522%0A/branches/qmmp-0.11:7919%0A/branches/qmmp-0.12:7828%2C7918%2C8045%2C8073-8075%2C8668%2C8705%0A/branches/qmmp-1.0:5596%0A/branches/qmmp-1.1:5819%2C5968%2C6043%2C6172%2C6233%2C6442%0A/branches/qmmp-1.2:6799%2C6945%2C6975%2C7173%2C7382%2C7520%0A/branches/qmmp-1.3:8706%2C8913%0A/branches/qmmp-1.6:10646%2C10666%2C10727%2C10780%2C10800%2C10944%2C10970%2C11117%2C11276%0A/trunk/qmmp:9936%2C9953%2C9959%2C10009%2C10041%2C10049%2C10066%2C10070%2C10073%2C10076%2C10079%2C10084%2C10096%2C10108%2C10114%2C10145%2C10148%2C10151%2C10180%2C10186%2C10199%2C10204%2C10208%2C10216%2C10232%2C10235%2C10243%2C10247%2C10279%2C10283%2C10288-10289%2C10292%2C10294%2C10299%2C10306%2C10334%2C10369%2C10374%2C10379%2C10383%2C10388%2C10392%2C10398%2C10405%2C10411%2C10417%2C10459%2C10465%2C10474%2C10476%2C10478%2C10482-10483%2C10487-10489%2C10491%2C10494%2C10535%2C10561-10562%2C10565-10566%2C10578%2C10580-10581%2C10590%2C10600%2C10604%2C10639-10641%2C10657%2C10684%2C10687%2C10694-10696%2C10706-10707%2C10721-10722%2C10732%2C10756%2C10772%2C10787-10788%2C10794%2C10797%2C10804-10805%2C10821%2C10824%2C10846%2C10852%2C10876%2C10881%2C10902%2C10911%2C10918%2C10922%2C10929%2C10951%2C11017%2C11023%2C11026%2C11029%2C11037%2C11062%2C11067%2C11069%2C11071%2C11096%2C11100%2C11105%2C11108%2C11114%2C11135%2C11144-11145%2C11147%2C11160%2C11175%2C11178%2C11212%2C11226%2C11246%2C11255%2C11261-11264%2C11268%2C11322
r11330
  +dir_prop: branches/qmmp-2.1 svn:mergeinfo /branches/qmmp-0.10:7522%0A/branches/qmmp-0.11:7919%0A/branches/qmmp-0.12:7828%2C7918%2C8045%2C8073-8075%2C8668%2C8705%0A/branches/qmmp-1.0:5596%0A/branches/qmmp-1.1:5819%2C5968%2C6043%2C6172%2C6233%2C6442%0A/branches/qmmp-1.2:6799%2C6945%2C6975%2C7173%2C7382%2C7520%0A/branches/qmmp-1.3:8706%2C8913%0A/branches/qmmp-1.6:10646%2C10666%2C10727%2C10780%2C10800%2C10944%2C10970%2C11117%2C11276%0A/trunk/qmmp:9936%2C9953%2C9959%2C10009%2C10041%2C10049%2C10066%2C10070%2C10073%2C10076%2C10079%2C10084%2C10096%2C10108%2C10114%2C10145%2C10148%2C10151%2C10180%2C10186%2C10199%2C10204%2C10208%2C10216%2C10232%2C10235%2C10243%2C10247%2C10279%2C10283%2C10288-10289%2C10292%2C10294%2C10299%2C10306%2C10334%2C10369%2C10374%2C10379%2C10383%2C10388%2C10392%2C10398%2C10405%2C10411%2C10417%2C10459%2C10465%2C10474%2C10476%2C10478%2C10482-10483%2C10487-10489%2C10491%2C10494%2C10535%2C10561-10562%2C10565-10566%2C10578%2C10580-10581%2C10590%2C10600%2C10604%2C10639-10641%2C10657%2C10684%2C10687%2C10694-10696%2C10706-10707%2C10721-10722%2C10732%2C10756%2C10772%2C10787-10788%2C10794%2C10797%2C10804-10805%2C10821%2C10824%2C10846%2C10852%2C10876%2C10881%2C10902%2C10911%2C10918%2C10922%2C10929%2C10951%2C11017%2C11023%2C11026%2C11029%2C11037%2C11062%2C11067%2C11069%2C11071%2C11096%2C11100%2C11105%2C11108%2C11114%2C11135%2C11144-11145%2C11147%2C11160%2C11175%2C11178%2C11212%2C11226%2C11246%2C11255%2C11261-11264%2C11268%2C11322%2C11329
r11337
  +dir_prop: branches/qmmp-2.1 svn:mergeinfo /branches/qmmp-0.10:7522%0A/branches/qmmp-0.11:7919%0A/branches/qmmp-0.12:7828%2C7918%2C8045%2C8073-8075%2C8668%2C8705%0A/branches/qmmp-1.0:5596%0A/branches/qmmp-1.1:5819%2C5968%2C6043%2C6172%2C6233%2C6442%0A/branches/qmmp-1.2:6799%2C6945%2C6975%2C7173%2C7382%2C7520%0A/branches/qmmp-1.3:8706%2C8913%0A/branches/qmmp-1.6:10646%2C10666%2C10727%2C10780%2C10800%2C10944%2C10970%2C11117%2C11276%0A/trunk/qmmp:9936%2C9953%2C9959%2C10009%2C10041%2C10049%2C10066%2C10070%2C10073%2C10076%2C10079%2C10084%2C10096%2C10108%2C10114%2C10145%2C10148%2C10151%2C10180%2C10186%2C10199%2C10204%2C10208%2C10216%2C10232%2C10235%2C10243%2C10247%2C10279%2C10283%2C10288-10289%2C10292%2C10294%2C10299%2C10306%2C10334%2C10369%2C10374%2C10379%2C10383%2C10388%2C10392%2C10398%2C10405%2C10411%2C10417%2C10459%2C10465%2C10474%2C10476%2C10478%2C10482-10483%2C10487-10489%2C10491%2C10494%2C10535%2C10561-10562%2C10565-10566%2C10578%2C10580-10581%2C10590%2C10600%2C10604%2C10639-10641%2C10657%2C10684%2C10687%2C10694-10696%2C10706-10707%2C10721-10722%2C10732%2C10756%2C10772%2C10787-10788%2C10794%2C10797%2C10804-10805%2C10821%2C10824%2C10846%2C10852%2C10876%2C10881%2C10902%2C10911%2C10918%2C10922%2C10929%2C10951%2C11017%2C11023%2C11026%2C11029%2C11037%2C11062%2C11067%2C11069%2C11071%2C11096%2C11100%2C11105%2C11108%2C11114%2C11135%2C11144-11145%2C11147%2C11160%2C11175%2C11178%2C11212%2C11226%2C11246%2C11255%2C11261-11264%2C11268%2C11322%2C11329%2C11336
r11357
r11369
  +dir_prop: branches/qmmp-2.1 svn:mergeinfo /branches/qmmp-0.10:7522%0A/branches/qmmp-0.11:7919%0A/branches/qmmp-0.12:7828%2C7918%2C8045%2C8073-8075%2C8668%2C8705%0A/branches/qmmp-1.0:5596%0A/branches/qmmp-1.1:5819%2C5968%2C6043%2C6172%2C6233%2C6442%0A/branches/qmmp-1.2:6799%2C6945%2C6975%2C7173%2C7382%2C7520%0A/branches/qmmp-1.3:8706%2C8913%0A/branches/qmmp-1.6:10646%2C10666%2C10727%2C10780%2C10800%2C10944%2C10970%2C11117%2C11276%0A/trunk/qmmp:9936%2C9953%2C9959%2C10009%2C10041%2C10049%2C10066%2C10070%2C10073%2C10076%2C10079%2C10084%2C10096%2C10108%2C10114%2C10145%2C10148%2C10151%2C10180%2C10186%2C10199%2C10204%2C10208%2C10216%2C10232%2C10235%2C10243%2C10247%2C10279%2C10283%2C10288-10289%2C10292%2C10294%2C10299%2C10306%2C10334%2C10369%2C10374%2C10379%2C10383%2C10388%2C10392%2C10398%2C10405%2C10411%2C10417%2C10459%2C10465%2C10474%2C10476%2C10478%2C10482-10483%2C10487-10489%2C10491%2C10494%2C10535%2C10561-10562%2C10565-10566%2C10578%2C10580-10581%2C10590%2C10600%2C10604%2C10639-10641%2C10657%2C10684%2C10687%2C10694-10696%2C10706-10707%2C10721-10722%2C10732%2C10756%2C10772%2C10787-10788%2C10794%2C10797%2C10804-10805%2C10821%2C10824%2C10846%2C10852%2C10876%2C10881%2C10902%2C10911%2C10918%2C10922%2C10929%2C10951%2C11017%2C11023%2C11026%2C11029%2C11037%2C11062%2C11067%2C11069%2C11071%2C11096%2C11100%2C11105%2C11108%2C11114%2C11135%2C11144-11145%2C11147%2C11160%2C11175%2C11178%2C11212%2C11226%2C11246%2C11255%2C11261-11264%2C11268%2C11322%2C11329%2C11336%2C11368
r11372
  +dir_prop: branches/qmmp-2.1 svn:mergeinfo /branches/qmmp-0.10:7522%0A/branches/qmmp-0.11:7919%0A/branches/qmmp-0.12:7828%2C7918%2C8045%2C8073-8075%2C8668%2C8705%0A/branches/qmmp-1.0:5596%0A/branches/qmmp-1.1:5819%2C5968%2C6043%2C6172%2C6233%2C6442%0A/branches/qmmp-1.2:6799%2C6945%2C6975%2C7173%2C7382%2C7520%0A/branches/qmmp-1.3:8706%2C8913%0A/branches/qmmp-1.6:10646%2C10666%2C10727%2C10780%2C10800%2C10944%2C10970%2C11117%2C11276%0A/trunk/qmmp:9936%2C9953%2C9959%2C10009%2C10041%2C10049%2C10066%2C10070%2C10073%2C10076%2C10079%2C10084%2C10096%2C10108%2C10114%2C10145%2C10148%2C10151%2C10180%2C10186%2C10199%2C10204%2C10208%2C10216%2C10232%2C10235%2C10243%2C10247%2C10279%2C10283%2C10288-10289%2C10292%2C10294%2C10299%2C10306%2C10334%2C10369%2C10374%2C10379%2C10383%2C10388%2C10392%2C10398%2C10405%2C10411%2C10417%2C10459%2C10465%2C10474%2C10476%2C10478%2C10482-10483%2C10487-10489%2C10491%2C10494%2C10535%2C10561-10562%2C10565-10566%2C10578%2C10580-10581%2C10590%2C10600%2C10604%2C10639-10641%2C10657%2C10684%2C10687%2C10694-10696%2C10706-10707%2C10721-10722%2C10732%2C10756%2C10772%2C10787-10788%2C10794%2C10797%2C10804-10805%2C10821%2C10824%2C10846%2C10852%2C10876%2C10881%2C10902%2C10911%2C10918%2C10922%2C10929%2C10951%2C11017%2C11023%2C11026%2C11029%2C11037%2C11062%2C11067%2C11069%2C11071%2C11096%2C11100%2C11105%2C11108%2C11114%2C11135%2C11144-11145%2C11147%2C11160%2C11175%2C11178%2C11212%2C11226%2C11246%2C11255%2C11261-11264%2C11268%2C11322%2C11329%2C11336%2C11368%2C11371
r11376
r11381
r11387
r11398
  +dir_prop: branches/qmmp-2.1 svn:mergeinfo /branches/qmmp-0.10:7522%0A/branches/qmmp-0.11:7919%0A/branches/qmmp-0.12:7828%2C7918%2C8045%2C8073-8075%2C8668%2C8705%0A/branches/qmmp-1.0:5596%0A/branches/qmmp-1.1:5819%2C5968%2C6043%2C6172%2C6233%2C6442%0A/branches/qmmp-1.2:6799%2C6945%2C6975%2C7173%2C7382%2C7520%0A/branches/qmmp-1.3:8706%2C8913%0A/branches/qmmp-1.6:10646%2C10666%2C10727%2C10780%2C10800%2C10944%2C10970%2C11117%2C11276%0A/trunk/qmmp:9936%2C9953%2C9959%2C10009%2C10041%2C10049%2C10066%2C10070%2C10073%2C10076%2C10079%2C10084%2C10096%2C10108%2C10114%2C10145%2C10148%2C10151%2C10180%2C10186%2C10199%2C10204%2C10208%2C10216%2C10232%2C10235%2C10243%2C10247%2C10279%2C10283%2C10288-10289%2C10292%2C10294%2C10299%2C10306%2C10334%2C10369%2C10374%2C10379%2C10383%2C10388%2C10392%2C10398%2C10405%2C10411%2C10417%2C10459%2C10465%2C10474%2C10476%2C10478%2C10482-10483%2C10487-10489%2C10491%2C10494%2C10535%2C10561-10562%2C10565-10566%2C10578%2C10580-10581%2C10590%2C10600%2C10604%2C10639-10641%2C10657%2C10684%2C10687%2C10694-10696%2C10706-10707%2C10721-10722%2C10732%2C10756%2C10772%2C10787-10788%2C10794%2C10797%2C10804-10805%2C10821%2C10824%2C10846%2C10852%2C10876%2C10881%2C10902%2C10911%2C10918%2C10922%2C10929%2C10951%2C11017%2C11023%2C11026%2C11029%2C11037%2C11062%2C11067%2C11069%2C11071%2C11096%2C11100%2C11105%2C11108%2C11114%2C11135%2C11144-11145%2C11147%2C11160%2C11175%2C11178%2C11212%2C11226%2C11246%2C11255%2C11261-11264%2C11268%2C11322%2C11329%2C11336%2C11368%2C11371%2C11397
r11412
r11423
r11426
  +dir_prop: branches/qmmp-2.1 svn:mergeinfo /branches/qmmp-0.10:7522%0A/branches/qmmp-0.11:7919%0A/branches/qmmp-0.12:7828%2C7918%2C8045%2C8073-8075%2C8668%2C8705%0A/branches/qmmp-1.0:5596%0A/branches/qmmp-1.1:5819%2C5968%2C6043%2C6172%2C6233%2C6442%0A/branches/qmmp-1.2:6799%2C6945%2C6975%2C7173%2C7382%2C7520%0A/branches/qmmp-1.3:8706%2C8913%0A/branches/qmmp-1.6:10646%2C10666%2C10727%2C10780%2C10800%2C10944%2C10970%2C11117%2C11276%0A/trunk/qmmp:9936%2C9953%2C9959%2C10009%2C10041%2C10049%2C10066%2C10070%2C10073%2C10076%2C10079%2C10084%2C10096%2C10108%2C10114%2C10145%2C10148%2C10151%2C10180%2C10186%2C10199%2C10204%2C10208%2C10216%2C10232%2C10235%2C10243%2C10247%2C10279%2C10283%2C10288-10289%2C10292%2C10294%2C10299%2C10306%2C10334%2C10369%2C10374%2C10379%2C10383%2C10388%2C10392%2C10398%2C10405%2C10411%2C10417%2C10459%2C10465%2C10474%2C10476%2C10478%2C10482-10483%2C10487-10489%2C10491%2C10494%2C10535%2C10561-10562%2C10565-10566%2C10578%2C10580-10581%2C10590%2C10600%2C10604%2C10639-10641%2C10657%2C10684%2C10687%2C10694-10696%2C10706-10707%2C10721-10722%2C10732%2C10756%2C10772%2C10787-10788%2C10794%2C10797%2C10804-10805%2C10821%2C10824%2C10846%2C10852%2C10876%2C10881%2C10902%2C10911%2C10918%2C10922%2C10929%2C10951%2C11017%2C11023%2C11026%2C11029%2C11037%2C11062%2C11067%2C11069%2C11071%2C11096%2C11100%2C11105%2C11108%2C11114%2C11135%2C11144-11145%2C11147%2C11160%2C11175%2C11178%2C11212%2C11226%2C11246%2C11255%2C11261-11264%2C11268%2C11322%2C11329%2C11336%2C11368%2C11371%2C11397%2C11425
  +dir_prop: branches/qmmp-2.1/src/plugins/Ui/qsui svn:mergeinfo /branches/qmmp-0.12/src/plugins/Ui/qsui:8073-8075%0A/branches/qmmp-1.1/src/plugins/Ui/qsui:6172%0A/branches/qmmp-1.2/src/plugins/Ui/qsui:7382%0A/trunk/qmmp/src/plugins/Ui/qsui:10148%2C10151%2C10180%2C10247%2C10279%2C10283%2C10288-10289%2C10292%2C10294%2C10411%2C10488-10489%2C10535%2C10561-10562%2C10565-10566%2C11037%2C11096%2C11114%2C11135%2C11175%2C11178%2C11226%2C11425%0A/trunk/qmmp/src/plugins/Ui/skinned:5223%2C6018-6019%2C6022
r11429
r11454
r11471
  +dir_prop: branches/qmmp-2.1 svn:mergeinfo /branches/qmmp-0.10:7522%0A/branches/qmmp-0.11:7919%0A/branches/qmmp-0.12:7828%2C7918%2C8045%2C8073-8075%2C8668%2C8705%0A/branches/qmmp-1.0:5596%0A/branches/qmmp-1.1:5819%2C5968%2C6043%2C6172%2C6233%2C6442%0A/branches/qmmp-1.2:6799%2C6945%2C6975%2C7173%2C7382%2C7520%0A/branches/qmmp-1.3:8706%2C8913%0A/branches/qmmp-1.6:10646%2C10666%2C10727%2C10780%2C10800%2C10944%2C10970%2C11117%2C11276%0A/trunk/qmmp:9936%2C9953%2C9959%2C10009%2C10041%2C10049%2C10066%2C10070%2C10073%2C10076%2C10079%2C10084%2C10096%2C10108%2C10114%2C10145%2C10148%2C10151%2C10180%2C10186%2C10199%2C10204%2C10208%2C10216%2C10232%2C10235%2C10243%2C10247%2C10279%2C10283%2C10288-10289%2C10292%2C10294%2C10299%2C10306%2C10334%2C10369%2C10374%2C10379%2C10383%2C10388%2C10392%2C10398%2C10405%2C10411%2C10417%2C10459%2C10465%2C10474%2C10476%2C10478%2C10482-10483%2C10487-10489%2C10491%2C10494%2C10535%2C10561-10562%2C10565-10566%2C10578%2C10580-10581%2C10590%2C10600%2C10604%2C10639-10641%2C10657%2C10684%2C10687%2C10694-10696%2C10706-10707%2C10721-10722%2C10732%2C10756%2C10772%2C10787-10788%2C10794%2C10797%2C10804-10805%2C10821%2C10824%2C10846%2C10852%2C10876%2C10881%2C10902%2C10911%2C10918%2C10922%2C10929%2C10951%2C11017%2C11023%2C11026%2C11029%2C11037%2C11062%2C11067%2C11069%2C11071%2C11096%2C11100%2C11105%2C11108%2C11114%2C11135%2C11144-11145%2C11147%2C11160%2C11175%2C11178%2C11212%2C11226%2C11246%2C11255%2C11261-11264%2C11268%2C11322%2C11329%2C11336%2C11368%2C11371%2C11397%2C11425%2C11470
r11480
r11513
  +dir_prop: branches/qmmp-2.1 svn:mergeinfo /branches/qmmp-0.10:7522%0A/branches/qmmp-0.11:7919%0A/branches/qmmp-0.12:7828%2C7918%2C8045%2C8073-8075%2C8668%2C8705%0A/branches/qmmp-1.0:5596%0A/branches/qmmp-1.1:5819%2C5968%2C6043%2C6172%2C6233%2C6442%0A/branches/qmmp-1.2:6799%2C6945%2C6975%2C7173%2C7382%2C7520%0A/branches/qmmp-1.3:8706%2C8913%0A/branches/qmmp-1.6:10646%2C10666%2C10727%2C10780%2C10800%2C10944%2C10970%2C11117%2C11276%0A/trunk/qmmp:9936%2C9953%2C9959%2C10009%2C10041%2C10049%2C10066%2C10070%2C10073%2C10076%2C10079%2C10084%2C10096%2C10108%2C10114%2C10145%2C10148%2C10151%2C10180%2C10186%2C10199%2C10204%2C10208%2C10216%2C10232%2C10235%2C10243%2C10247%2C10279%2C10283%2C10288-10289%2C10292%2C10294%2C10299%2C10306%2C10334%2C10369%2C10374%2C10379%2C10383%2C10388%2C10392%2C10398%2C10405%2C10411%2C10417%2C10459%2C10465%2C10474%2C10476%2C10478%2C10482-10483%2C10487-10489%2C10491%2C10494%2C10535%2C10561-10562%2C10565-10566%2C10578%2C10580-10581%2C10590%2C10600%2C10604%2C10639-10641%2C10657%2C10684%2C10687%2C10694-10696%2C10706-10707%2C10721-10722%2C10732%2C10756%2C10772%2C10787-10788%2C10794%2C10797%2C10804-10805%2C10821%2C10824%2C10846%2C10852%2C10876%2C10881%2C10902%2C10911%2C10918%2C10922%2C10929%2C10951%2C11017%2C11023%2C11026%2C11029%2C11037%2C11062%2C11067%2C11069%2C11071%2C11096%2C11100%2C11105%2C11108%2C11114%2C11135%2C11144-11145%2C11147%2C11160%2C11175%2C11178%2C11212%2C11226%2C11246%2C11255%2C11261-11264%2C11268%2C11322%2C11329%2C11336%2C11368%2C11371%2C11397%2C11425%2C11470%2C11512
r11518
r11531
r11538
r11543
r11553
  +dir_prop: branches/qmmp-2.1 svn:mergeinfo /branches/qmmp-0.10:7522%0A/branches/qmmp-0.11:7919%0A/branches/qmmp-0.12:7828%2C7918%2C8045%2C8073-8075%2C8668%2C8705%0A/branches/qmmp-1.0:5596%0A/branches/qmmp-1.1:5819%2C5968%2C6043%2C6172%2C6233%2C6442%0A/branches/qmmp-1.2:6799%2C6945%2C6975%2C7173%2C7382%2C7520%0A/branches/qmmp-1.3:8706%2C8913%0A/branches/qmmp-1.6:10646%2C10666%2C10727%2C10780%2C10800%2C10944%2C10970%2C11117%2C11276%0A/trunk/qmmp:9936%2C9953%2C9959%2C10009%2C10041%2C10049%2C10066%2C10070%2C10073%2C10076%2C10079%2C10084%2C10096%2C10108%2C10114%2C10145%2C10148%2C10151%2C10180%2C10186%2C10199%2C10204%2C10208%2C10216%2C10232%2C10235%2C10243%2C10247%2C10279%2C10283%2C10288-10289%2C10292%2C10294%2C10299%2C10306%2C10334%2C10369%2C10374%2C10379%2C10383%2C10388%2C10392%2C10398%2C10405%2C10411%2C10417%2C10459%2C10465%2C10474%2C10476%2C10478%2C10482-10483%2C10487-10489%2C10491%2C10494%2C10535%2C10561-10562%2C10565-10566%2C10578%2C10580-10581%2C10590%2C10600%2C10604%2C10639-10641%2C10657%2C10684%2C10687%2C10694-10696%2C10706-10707%2C10721-10722%2C10732%2C10756%2C10772%2C10787-10788%2C10794%2C10797%2C10804-10805%2C10821%2C10824%2C10846%2C10852%2C10876%2C10881%2C10902%2C10911%2C10918%2C10922%2C10929%2C10951%2C11017%2C11023%2C11026%2C11029%2C11037%2C11062%2C11067%2C11069%2C11071%2C11096%2C11100%2C11105%2C11108%2C11114%2C11135%2C11144-11145%2C11147%2C11160%2C11175%2C11178%2C11212%2C11226%2C11246%2C11255%2C11261-11264%2C11268%2C11322%2C11329%2C11336%2C11368%2C11371%2C11397%2C11425%2C11470%2C11512%2C11552
r11554
r11555
r11556
r11570
r11573
r11577
r11610
  +dir_prop: branches/qmmp-2.1 svn:mergeinfo /branches/qmmp-0.10:7522%0A/branches/qmmp-0.11:7919%0A/branches/qmmp-0.12:7828%2C7918%2C8045%2C8073-8075%2C8668%2C8705%0A/branches/qmmp-1.0:5596%0A/branches/qmmp-1.1:5819%2C5968%2C6043%2C6172%2C6233%2C6442%0A/branches/qmmp-1.2:6799%2C6945%2C6975%2C7173%2C7382%2C7520%0A/branches/qmmp-1.3:8706%2C8913%0A/branches/qmmp-1.6:10646%2C10666%2C10727%2C10780%2C10800%2C10944%2C10970%2C11117%2C11276%0A/trunk/qmmp:9936%2C9953%2C9959%2C10009%2C10041%2C10049%2C10066%2C10070%2C10073%2C10076%2C10079%2C10084%2C10096%2C10108%2C10114%2C10145%2C10148%2C10151%2C10180%2C10186%2C10199%2C10204%2C10208%2C10216%2C10232%2C10235%2C10243%2C10247%2C10279%2C10283%2C10288-10289%2C10292%2C10294%2C10299%2C10306%2C10334%2C10369%2C10374%2C10379%2C10383%2C10388%2C10392%2C10398%2C10405%2C10411%2C10417%2C10459%2C10465%2C10474%2C10476%2C10478%2C10482-10483%2C10487-10489%2C10491%2C10494%2C10535%2C10561-10562%2C10565-10566%2C10578%2C10580-10581%2C10590%2C10600%2C10604%2C10639-10641%2C10657%2C10684%2C10687%2C10694-10696%2C10706-10707%2C10721-10722%2C10732%2C10756%2C10772%2C10787-10788%2C10794%2C10797%2C10804-10805%2C10821%2C10824%2C10846%2C10852%2C10876%2C10881%2C10902%2C10911%2C10918%2C10922%2C10929%2C10951%2C11017%2C11023%2C11026%2C11029%2C11037%2C11062%2C11067%2C11069%2C11071%2C11096%2C11100%2C11105%2C11108%2C11114%2C11135%2C11144-11145%2C11147%2C11160%2C11175%2C11178%2C11212%2C11226%2C11246%2C11255%2C11261-11264%2C11268%2C11322%2C11329%2C11336%2C11368%2C11371%2C11397%2C11425%2C11470%2C11512%2C11552%2C11609
r11617
r11645
  +dir_prop: branches/qmmp-2.1 svn:mergeinfo /branches/qmmp-0.10:7522%0A/branches/qmmp-0.11:7919%0A/branches/qmmp-0.12:7828%2C7918%2C8045%2C8073-8075%2C8668%2C8705%0A/branches/qmmp-1.0:5596%0A/branches/qmmp-1.1:5819%2C5968%2C6043%2C6172%2C6233%2C6442%0A/branches/qmmp-1.2:6799%2C6945%2C6975%2C7173%2C7382%2C7520%0A/branches/qmmp-1.3:8706%2C8913%0A/branches/qmmp-1.6:10646%2C10666%2C10727%2C10780%2C10800%2C10944%2C10970%2C11117%2C11276%0A/trunk/qmmp:9936%2C9953%2C9959%2C10009%2C10041%2C10049%2C10066%2C10070%2C10073%2C10076%2C10079%2C10084%2C10096%2C10108%2C10114%2C10145%2C10148%2C10151%2C10180%2C10186%2C10199%2C10204%2C10208%2C10216%2C10232%2C10235%2C10243%2C10247%2C10279%2C10283%2C10288-10289%2C10292%2C10294%2C10299%2C10306%2C10334%2C10369%2C10374%2C10379%2C10383%2C10388%2C10392%2C10398%2C10405%2C10411%2C10417%2C10459%2C10465%2C10474%2C10476%2C10478%2C10482-10483%2C10487-10489%2C10491%2C10494%2C10535%2C10561-10562%2C10565-10566%2C10578%2C10580-10581%2C10590%2C10600%2C10604%2C10639-10641%2C10657%2C10684%2C10687%2C10694-10696%2C10706-10707%2C10721-10722%2C10732%2C10756%2C10772%2C10787-10788%2C10794%2C10797%2C10804-10805%2C10821%2C10824%2C10846%2C10852%2C10876%2C10881%2C10902%2C10911%2C10918%2C10922%2C10929%2C10951%2C11017%2C11023%2C11026%2C11029%2C11037%2C11062%2C11067%2C11069%2C11071%2C11096%2C11100%2C11105%2C11108%2C11114%2C11135%2C11144-11145%2C11147%2C11160%2C11175%2C11178%2C11212%2C11226%2C11246%2C11255%2C11261-11264%2C11268%2C11322%2C11329%2C11336%2C11368%2C11371%2C11397%2C11425%2C11470%2C11512%2C11552%2C11609%2C11644
r11649
  +dir_prop: branches/qmmp-2.1 svn:mergeinfo /branches/qmmp-0.10:7522%0A/branches/qmmp-0.11:7919%0A/branches/qmmp-0.12:7828%2C7918%2C8045%2C8073-8075%2C8668%2C8705%0A/branches/qmmp-1.0:5596%0A/branches/qmmp-1.1:5819%2C5968%2C6043%2C6172%2C6233%2C6442%0A/branches/qmmp-1.2:6799%2C6945%2C6975%2C7173%2C7382%2C7520%0A/branches/qmmp-1.3:8706%2C8913%0A/branches/qmmp-1.6:10646%2C10666%2C10727%2C10780%2C10800%2C10944%2C10970%2C11117%2C11276%0A/trunk/qmmp:9936%2C9953%2C9959%2C10009%2C10041%2C10049%2C10066%2C10070%2C10073%2C10076%2C10079%2C10084%2C10096%2C10108%2C10114%2C10145%2C10148%2C10151%2C10180%2C10186%2C10199%2C10204%2C10208%2C10216%2C10232%2C10235%2C10243%2C10247%2C10279%2C10283%2C10288-10289%2C10292%2C10294%2C10299%2C10306%2C10334%2C10369%2C10374%2C10379%2C10383%2C10388%2C10392%2C10398%2C10405%2C10411%2C10417%2C10459%2C10465%2C10474%2C10476%2C10478%2C10482-10483%2C10487-10489%2C10491%2C10494%2C10535%2C10561-10562%2C10565-10566%2C10578%2C10580-10581%2C10590%2C10600%2C10604%2C10639-10641%2C10657%2C10684%2C10687%2C10694-10696%2C10706-10707%2C10721-10722%2C10732%2C10756%2C10772%2C10787-10788%2C10794%2C10797%2C10804-10805%2C10821%2C10824%2C10846%2C10852%2C10876%2C10881%2C10902%2C10911%2C10918%2C10922%2C10929%2C10951%2C11017%2C11023%2C11026%2C11029%2C11037%2C11062%2C11067%2C11069%2C11071%2C11096%2C11100%2C11105%2C11108%2C11114%2C11135%2C11144-11145%2C11147%2C11160%2C11175%2C11178%2C11212%2C11226%2C11246%2C11255%2C11261-11264%2C11268%2C11322%2C11329%2C11336%2C11368%2C11371%2C11397%2C11425%2C11470%2C11512%2C11552%2C11609%2C11644%2C11648
r11657
r11696
r11701
  +dir_prop: branches/qmmp-2.1 svn:mergeinfo /branches/qmmp-0.10:7522%0A/branches/qmmp-0.11:7919%0A/branches/qmmp-0.12:7828%2C7918%2C8045%2C8073-8075%2C8668%2C8705%0A/branches/qmmp-1.0:5596%0A/branches/qmmp-1.1:5819%2C5968%2C6043%2C6172%2C6233%2C6442%0A/branches/qmmp-1.2:6799%2C6945%2C6975%2C7173%2C7382%2C7520%0A/branches/qmmp-1.3:8706%2C8913%0A/branches/qmmp-1.6:10646%2C10666%2C10727%2C10780%2C10800%2C10944%2C10970%2C11117%2C11276%2C11700%0A/trunk/qmmp:9936%2C9953%2C9959%2C10009%2C10041%2C10049%2C10066%2C10070%2C10073%2C10076%2C10079%2C10084%2C10096%2C10108%2C10114%2C10145%2C10148%2C10151%2C10180%2C10186%2C10199%2C10204%2C10208%2C10216%2C10232%2C10235%2C10243%2C10247%2C10279%2C10283%2C10288-10289%2C10292%2C10294%2C10299%2C10306%2C10334%2C10369%2C10374%2C10379%2C10383%2C10388%2C10392%2C10398%2C10405%2C10411%2C10417%2C10459%2C10465%2C10474%2C10476%2C10478%2C10482-10483%2C10487-10489%2C10491%2C10494%2C10535%2C10561-10562%2C10565-10566%2C10578%2C10580-10581%2C10590%2C10600%2C10604%2C10639-10641%2C10657%2C10684%2C10687%2C10694-10696%2C10706-10707%2C10721-10722%2C10732%2C10756%2C10772%2C10787-10788%2C10794%2C10797%2C10804-10805%2C10821%2C10824%2C10846%2C10852%2C10876%2C10881%2C10902%2C10911%2C10918%2C10922%2C10929%2C10951%2C11017%2C11023%2C11026%2C11029%2C11037%2C11062%2C11067%2C11069%2C11071%2C11096%2C11100%2C11105%2C11108%2C11114%2C11135%2C11144-11145%2C11147%2C11160%2C11175%2C11178%2C11212%2C11226%2C11246%2C11255%2C11261-11264%2C11268%2C11322%2C11329%2C11336%2C11368%2C11371%2C11397%2C11425%2C11470%2C11512%2C11552%2C11609%2C11644%2C11648%2C11698
  +dir_prop: branches/qmmp-2.1/src/plugins/Ui/qsui svn:mergeinfo /branches/qmmp-0.12/src/plugins/Ui/qsui:8073-8075%0A/branches/qmmp-1.1/src/plugins/Ui/qsui:6172%0A/branches/qmmp-1.2/src/plugins/Ui/qsui:7382%0A/branches/qmmp-1.6/src/plugins/Ui/qsui:11700%0A/trunk/qmmp/src/plugins/Ui/qsui:10148%2C10151%2C10180%2C10247%2C10279%2C10283%2C10288-10289%2C10292%2C10294%2C10411%2C10488-10489%2C10535%2C10561-10562%2C10565-10566%2C11037%2C11096%2C11114%2C11135%2C11175%2C11178%2C11226%2C11425%2C11698%0A/trunk/qmmp/src/plugins/Ui/skinned:5223%2C6018-6019%2C6022
r11709
