r5638
r5640
r5647
r5649
  +dir_prop: branches/qmmp-1.1 svn:mergeinfo /branches/qmmp-0.9:5574%0A/trunk/qmmp:5275%2C5282-5283%2C5296-5300%2C5304-5305%2C5310%2C5315-5316%2C5331%2C5333%2C5337%2C5353%2C5367-5379%2C5385-5386%2C5391%2C5420%2C5424-5426%2C5428%2C5442-5444%2C5469%2C5471%2C5476%2C5481%2C5494%2C5497%2C5508-5509%2C5512%2C5517%2C5521%2C5525%2C5538%2C5550%2C5553%2C5556%2C5570%2C5578%2C5605%2C5612%2C5618%2C5621%2C5642
r5673
  +dir_prop: branches/qmmp-1.1 svn:mergeinfo /branches/qmmp-0.9:5574%0A/trunk/qmmp:5275%2C5282-5283%2C5296-5300%2C5304-5305%2C5310%2C5315-5316%2C5331%2C5333%2C5337%2C5353%2C5367-5379%2C5385-5386%2C5391%2C5420%2C5424-5426%2C5428%2C5442-5444%2C5469%2C5471%2C5476%2C5481%2C5494%2C5497%2C5508-5509%2C5512%2C5517%2C5521%2C5525%2C5538%2C5550%2C5553%2C5556%2C5570%2C5578%2C5605%2C5612%2C5618%2C5621%2C5642%2C5672
r5680
  +dir_prop: branches/qmmp-1.1 svn:mergeinfo /branches/qmmp-0.9:5574%0A/trunk/qmmp:5275%2C5282-5283%2C5296-5300%2C5304-5305%2C5310%2C5315-5316%2C5331%2C5333%2C5337%2C5353%2C5367-5379%2C5385-5386%2C5391%2C5420%2C5424-5426%2C5428%2C5442-5444%2C5469%2C5471%2C5476%2C5481%2C5494%2C5497%2C5508-5509%2C5512%2C5517%2C5521%2C5525%2C5538%2C5550%2C5553%2C5556%2C5570%2C5578%2C5605%2C5612%2C5618%2C5621%2C5642%2C5672%2C5677
r5690
r5691
r5694
r5697
  +dir_prop: branches/qmmp-1.1 svn:mergeinfo /branches/qmmp-0.9:5574%0A/trunk/qmmp:5275%2C5282-5283%2C5296-5300%2C5304-5305%2C5310%2C5315-5316%2C5331%2C5333%2C5337%2C5353%2C5367-5379%2C5385-5386%2C5391%2C5420%2C5424-5426%2C5428%2C5442-5444%2C5469%2C5471%2C5476%2C5481%2C5494%2C5497%2C5508-5509%2C5512%2C5517%2C5521%2C5525%2C5538%2C5550%2C5553%2C5556%2C5570%2C5578%2C5605%2C5612%2C5618%2C5621%2C5642%2C5672%2C5677%2C5696
  +dir_prop: branches/qmmp-1.1/src/plugins/Ui/qsui svn:mergeinfo /trunk/qmmp/src/plugins/Ui/qsui:5275%2C5282-5283%2C5296-5300%2C5304-5305%2C5310%2C5315-5316%2C5331%2C5333%2C5337%2C5353%2C5367-5379%2C5386%2C5428%2C5508-5509%2C5512%2C5696%0A/trunk/qmmp/src/plugins/Ui/skinned:5223
r5701
  +dir_prop: branches/qmmp-1.1 svn:mergeinfo /branches/qmmp-0.9:5574%0A/trunk/qmmp:5275%2C5282-5283%2C5296-5300%2C5304-5305%2C5310%2C5315-5316%2C5331%2C5333%2C5337%2C5353%2C5367-5379%2C5385-5386%2C5391%2C5420%2C5424-5426%2C5428%2C5442-5444%2C5469%2C5471%2C5476%2C5481%2C5494%2C5497%2C5508-5509%2C5512%2C5517%2C5521%2C5525%2C5538%2C5550%2C5553%2C5556%2C5570%2C5578%2C5605%2C5612%2C5618%2C5621%2C5642%2C5672%2C5677%2C5696%2C5700
  +dir_prop: branches/qmmp-1.1/src/plugins/Ui/qsui svn:mergeinfo /trunk/qmmp/src/plugins/Ui/qsui:5275%2C5282-5283%2C5296-5300%2C5304-5305%2C5310%2C5315-5316%2C5331%2C5333%2C5337%2C5353%2C5367-5379%2C5386%2C5428%2C5508-5509%2C5512%2C5696%2C5700%0A/trunk/qmmp/src/plugins/Ui/skinned:5223
r5704
  +dir_prop: branches/qmmp-1.1 svn:mergeinfo /branches/qmmp-0.9:5574%0A/trunk/qmmp:5275%2C5282-5283%2C5296-5300%2C5304-5305%2C5310%2C5315-5316%2C5331%2C5333%2C5337%2C5353%2C5367-5379%2C5385-5386%2C5391%2C5420%2C5424-5426%2C5428%2C5442-5444%2C5469%2C5471%2C5476%2C5481%2C5494%2C5497%2C5508-5509%2C5512%2C5517%2C5521%2C5525%2C5538%2C5550%2C5553%2C5556%2C5570%2C5578%2C5605%2C5612%2C5618%2C5621%2C5642%2C5672%2C5677%2C5696%2C5700%2C5702
r5705
  +dir_prop: branches/qmmp-1.1 svn:mergeinfo /branches/qmmp-0.9:5574%0A/trunk/qmmp:5275%2C5282-5283%2C5296-5300%2C5304-5305%2C5310%2C5315-5316%2C5331%2C5333%2C5337%2C5353%2C5367-5379%2C5385-5386%2C5391%2C5420%2C5424-5426%2C5428%2C5442-5444%2C5469%2C5471%2C5476%2C5481%2C5494%2C5497%2C5508-5509%2C5512%2C5517%2C5521%2C5525%2C5538%2C5550%2C5553%2C5556%2C5570%2C5578%2C5605%2C5612%2C5618%2C5621%2C5642%2C5672%2C5677%2C5696%2C5700%2C5702-5703
r5723
  +dir_prop: branches/qmmp-1.1 svn:mergeinfo /branches/qmmp-0.9:5574%0A/trunk/qmmp:5275%2C5282-5283%2C5296-5300%2C5304-5305%2C5310%2C5315-5316%2C5331%2C5333%2C5337%2C5353%2C5367-5379%2C5385-5386%2C5391%2C5420%2C5424-5426%2C5428%2C5442-5444%2C5469%2C5471%2C5476%2C5481%2C5494%2C5497%2C5508-5509%2C5512%2C5517%2C5521%2C5525%2C5538%2C5550%2C5553%2C5556%2C5570%2C5578%2C5605%2C5612%2C5618%2C5621%2C5642%2C5672%2C5677%2C5696%2C5700%2C5702-5703%2C5721-5722
r5726
r5730
  +dir_prop: branches/qmmp-1.1 svn:mergeinfo /branches/qmmp-0.9:5574%0A/trunk/qmmp:5275%2C5282-5283%2C5296-5300%2C5304-5305%2C5310%2C5315-5316%2C5331%2C5333%2C5337%2C5353%2C5367-5379%2C5385-5386%2C5391%2C5420%2C5424-5426%2C5428%2C5442-5444%2C5469%2C5471%2C5476%2C5481%2C5494%2C5497%2C5508-5509%2C5512%2C5517%2C5521%2C5525%2C5538%2C5550%2C5553%2C5556%2C5570%2C5578%2C5605%2C5612%2C5618%2C5621%2C5642%2C5672%2C5677%2C5696%2C5700%2C5702-5703%2C5721-5722%2C5729
r5736
r5747
  +dir_prop: branches/qmmp-1.1 svn:mergeinfo /branches/qmmp-0.9:5574%0A/trunk/qmmp:5275%2C5282-5283%2C5296-5300%2C5304-5305%2C5310%2C5315-5316%2C5331%2C5333%2C5337%2C5353%2C5367-5379%2C5385-5386%2C5391%2C5420%2C5424-5426%2C5428%2C5442-5444%2C5469%2C5471%2C5476%2C5481%2C5494%2C5497%2C5508-5509%2C5512%2C5517%2C5521%2C5525%2C5538%2C5550%2C5553%2C5556%2C5570%2C5578%2C5605%2C5612%2C5618%2C5621%2C5642%2C5672%2C5677%2C5696%2C5700%2C5702-5703%2C5721-5722%2C5729%2C5740
r5748
  +dir_prop: branches/qmmp-1.1 svn:mergeinfo /branches/qmmp-0.9:5574%0A/trunk/qmmp:5275%2C5282-5283%2C5296-5300%2C5304-5305%2C5310%2C5315-5316%2C5331%2C5333%2C5337%2C5353%2C5367-5379%2C5385-5386%2C5391%2C5420%2C5424-5426%2C5428%2C5442-5444%2C5469%2C5471%2C5476%2C5481%2C5494%2C5497%2C5508-5509%2C5512%2C5517%2C5521%2C5525%2C5538%2C5550%2C5553%2C5556%2C5570%2C5578%2C5605%2C5612%2C5618%2C5621%2C5642%2C5672%2C5677%2C5696%2C5700%2C5702-5703%2C5721-5722%2C5729%2C5740-5746
r5749
r5750
r5751
r5755
  +dir_prop: branches/qmmp-1.1 svn:mergeinfo /branches/qmmp-0.9:5574%0A/trunk/qmmp:5275%2C5282-5283%2C5296-5300%2C5304-5305%2C5310%2C5315-5316%2C5331%2C5333%2C5337%2C5353%2C5367-5379%2C5385-5386%2C5391%2C5420%2C5424-5426%2C5428%2C5442-5444%2C5469%2C5471%2C5476%2C5481%2C5494%2C5497%2C5508-5509%2C5512%2C5517%2C5521%2C5525%2C5538%2C5550%2C5553%2C5556%2C5570%2C5578%2C5605%2C5612%2C5618%2C5621%2C5642%2C5672%2C5677%2C5696%2C5700%2C5702-5703%2C5721-5722%2C5729%2C5740-5746%2C5752
r5760
  +dir_prop: branches/qmmp-1.1 svn:mergeinfo /branches/qmmp-0.9:5574%0A/trunk/qmmp:5275%2C5282-5283%2C5296-5300%2C5304-5305%2C5310%2C5315-5316%2C5331%2C5333%2C5337%2C5353%2C5367-5379%2C5385-5386%2C5391%2C5420%2C5424-5426%2C5428%2C5442-5444%2C5469%2C5471%2C5476%2C5481%2C5494%2C5497%2C5508-5509%2C5512%2C5517%2C5521%2C5525%2C5538%2C5550%2C5553%2C5556%2C5570%2C5578%2C5605%2C5612%2C5618%2C5621%2C5642%2C5672%2C5677%2C5696%2C5700%2C5702-5703%2C5721-5722%2C5729%2C5740-5746%2C5752%2C5759
r5761
r5765
r5767
r5769
r5782
  +dir_prop: branches/qmmp-1.1 svn:mergeinfo /branches/qmmp-0.9:5574%0A/trunk/qmmp:5275%2C5282-5283%2C5296-5300%2C5304-5305%2C5310%2C5315-5316%2C5331%2C5333%2C5337%2C5353%2C5367-5379%2C5385-5386%2C5391%2C5420%2C5424-5426%2C5428%2C5442-5444%2C5469%2C5471%2C5476%2C5481%2C5494%2C5497%2C5508-5509%2C5512%2C5517%2C5521%2C5525%2C5538%2C5550%2C5553%2C5556%2C5570%2C5578%2C5605%2C5612%2C5618%2C5621%2C5642%2C5672%2C5677%2C5696%2C5700%2C5702-5703%2C5721-5722%2C5729%2C5740-5746%2C5752%2C5759%2C5778
r5790
  +dir_prop: branches/qmmp-1.1 svn:mergeinfo /branches/qmmp-0.9:5574%0A/trunk/qmmp:5275%2C5282-5283%2C5296-5300%2C5304-5305%2C5310%2C5315-5316%2C5331%2C5333%2C5337%2C5353%2C5367-5379%2C5385-5386%2C5391%2C5420%2C5424-5426%2C5428%2C5442-5444%2C5469%2C5471%2C5476%2C5481%2C5494%2C5497%2C5508-5509%2C5512%2C5517%2C5521%2C5525%2C5538%2C5550%2C5553%2C5556%2C5570%2C5578%2C5605%2C5612%2C5618%2C5621%2C5642%2C5672%2C5677%2C5696%2C5700%2C5702-5703%2C5721-5722%2C5729%2C5740-5746%2C5752%2C5759%2C5778%2C5789
  +dir_prop: branches/qmmp-1.1/src/plugins/Ui/qsui svn:mergeinfo /trunk/qmmp/src/plugins/Ui/qsui:5275%2C5282-5283%2C5296-5300%2C5304-5305%2C5310%2C5315-5316%2C5331%2C5333%2C5337%2C5353%2C5367-5379%2C5386%2C5428%2C5508-5509%2C5512%2C5696%2C5700%2C5789%0A/trunk/qmmp/src/plugins/Ui/skinned:5223
r5794
  -empty_dir: branches/qmmp-1.1/src/plugins/Ui/qsui/resources/eq16.preset
  +dir_prop: branches/qmmp-1.1 svn:mergeinfo /branches/qmmp-0.9:5574%0A/trunk/qmmp:5275%2C5282-5283%2C5296-5300%2C5304-5305%2C5310%2C5315-5316%2C5331%2C5333%2C5337%2C5353%2C5367-5379%2C5385-5386%2C5391%2C5420%2C5424-5426%2C5428%2C5442-5444%2C5469%2C5471%2C5476%2C5481%2C5494%2C5497%2C5508-5509%2C5512%2C5517%2C5521%2C5525%2C5538%2C5550%2C5553%2C5556%2C5570%2C5578%2C5605%2C5612%2C5618%2C5621%2C5642%2C5672%2C5677%2C5696%2C5700%2C5702-5703%2C5721-5722%2C5729%2C5740-5746%2C5752%2C5759%2C5778%2C5789%2C5792-5793
  +dir_prop: branches/qmmp-1.1/src/plugins/Ui/qsui svn:mergeinfo /trunk/qmmp/src/plugins/Ui/qsui:5275%2C5282-5283%2C5296-5300%2C5304-5305%2C5310%2C5315-5316%2C5331%2C5333%2C5337%2C5353%2C5367-5379%2C5386%2C5428%2C5508-5509%2C5512%2C5696%2C5700%2C5789%2C5792-5793%0A/trunk/qmmp/src/plugins/Ui/skinned:5223
r5798
  +dir_prop: branches/qmmp-1.1 svn:mergeinfo /branches/qmmp-0.9:5574%0A/trunk/qmmp:5275%2C5282-5283%2C5296-5300%2C5304-5305%2C5310%2C5315-5316%2C5331%2C5333%2C5337%2C5353%2C5367-5379%2C5385-5386%2C5391%2C5420%2C5424-5426%2C5428%2C5442-5444%2C5469%2C5471%2C5476%2C5481%2C5494%2C5497%2C5508-5509%2C5512%2C5517%2C5521%2C5525%2C5538%2C5550%2C5553%2C5556%2C5570%2C5578%2C5605%2C5612%2C5618%2C5621%2C5642%2C5672%2C5677%2C5696%2C5700%2C5702-5703%2C5721-5722%2C5729%2C5740-5746%2C5752%2C5759%2C5778%2C5789%2C5792-5793%2C5797
r5805
r5811
  +dir_prop: branches/qmmp-1.1 svn:mergeinfo /branches/qmmp-0.9:5574%0A/trunk/qmmp:5275%2C5282-5283%2C5296-5300%2C5304-5305%2C5310%2C5315-5316%2C5331%2C5333%2C5337%2C5353%2C5367-5379%2C5385-5386%2C5391%2C5420%2C5424-5426%2C5428%2C5442-5444%2C5469%2C5471%2C5476%2C5481%2C5494%2C5497%2C5508-5509%2C5512%2C5517%2C5521%2C5525%2C5538%2C5550%2C5553%2C5556%2C5570%2C5578%2C5605%2C5612%2C5618%2C5621%2C5642%2C5672%2C5677%2C5696%2C5700%2C5702-5703%2C5721-5722%2C5729%2C5740-5746%2C5752%2C5759%2C5778%2C5789%2C5792-5793%2C5797%2C5810
r5814
r5816
  +dir_prop: branches/qmmp-1.1 svn:mergeinfo /branches/qmmp-0.9:5574%0A/trunk/qmmp:5275%2C5282-5283%2C5296-5300%2C5304-5305%2C5310%2C5315-5316%2C5331%2C5333%2C5337%2C5353%2C5367-5379%2C5385-5386%2C5391%2C5420%2C5424-5426%2C5428%2C5442-5444%2C5469%2C5471%2C5476%2C5481%2C5494%2C5497%2C5508-5509%2C5512%2C5517%2C5521%2C5525%2C5538%2C5550%2C5553%2C5556%2C5570%2C5578%2C5605%2C5612%2C5618%2C5621%2C5642%2C5672%2C5677%2C5696%2C5700%2C5702-5703%2C5721-5722%2C5729%2C5740-5746%2C5752%2C5759%2C5778%2C5789%2C5792-5793%2C5797%2C5810%2C5815
r5819
r5825
  +dir_prop: branches/qmmp-1.1 svn:mergeinfo /branches/qmmp-0.9:5574%0A/trunk/qmmp:5275%2C5282-5283%2C5296-5300%2C5304-5305%2C5310%2C5315-5316%2C5331%2C5333%2C5337%2C5353%2C5367-5379%2C5385-5386%2C5391%2C5420%2C5424-5426%2C5428%2C5442-5444%2C5469%2C5471%2C5476%2C5481%2C5494%2C5497%2C5508-5509%2C5512%2C5517%2C5521%2C5525%2C5538%2C5550%2C5553%2C5556%2C5570%2C5578%2C5605%2C5612%2C5618%2C5621%2C5642%2C5672%2C5677%2C5696%2C5700%2C5702-5703%2C5721-5722%2C5729%2C5740-5746%2C5752%2C5759%2C5778%2C5789%2C5792-5793%2C5797%2C5810%2C5815%2C5824
r5831
  +dir_prop: branches/qmmp-1.1 svn:mergeinfo /branches/qmmp-0.9:5574%0A/trunk/qmmp:5275%2C5282-5283%2C5296-5300%2C5304-5305%2C5310%2C5315-5316%2C5331%2C5333%2C5337%2C5353%2C5367-5379%2C5385-5386%2C5391%2C5420%2C5424-5426%2C5428%2C5442-5444%2C5469%2C5471%2C5476%2C5481%2C5494%2C5497%2C5508-5509%2C5512%2C5517%2C5521%2C5525%2C5538%2C5550%2C5553%2C5556%2C5570%2C5578%2C5605%2C5612%2C5618%2C5621%2C5642%2C5672%2C5677%2C5696%2C5700%2C5702-5703%2C5721-5722%2C5729%2C5740-5746%2C5752%2C5759%2C5778%2C5789%2C5792-5793%2C5797%2C5810%2C5815%2C5824%2C5828
r5832
r5861
r5867
  +dir_prop: branches/qmmp-1.1 svn:mergeinfo /branches/qmmp-0.9:5574%0A/trunk/qmmp:5275%2C5282-5283%2C5296-5300%2C5304-5305%2C5310%2C5315-5316%2C5331%2C5333%2C5337%2C5353%2C5367-5379%2C5385-5386%2C5391%2C5420%2C5424-5426%2C5428%2C5442-5444%2C5469%2C5471%2C5476%2C5481%2C5494%2C5497%2C5508-5509%2C5512%2C5517%2C5521%2C5525%2C5538%2C5550%2C5553%2C5556%2C5570%2C5578%2C5605%2C5612%2C5618%2C5621%2C5642%2C5672%2C5677%2C5696%2C5700%2C5702-5703%2C5721-5722%2C5729%2C5740-5746%2C5752%2C5759%2C5778%2C5789%2C5792-5793%2C5797%2C5810%2C5815%2C5824%2C5828%2C5865-5866
r5879
  +dir_prop: branches/qmmp-1.1 svn:mergeinfo /branches/qmmp-0.9:5574%0A/trunk/qmmp:5275%2C5282-5283%2C5296-5300%2C5304-5305%2C5310%2C5315-5316%2C5331%2C5333%2C5337%2C5353%2C5367-5379%2C5385-5386%2C5391%2C5420%2C5424-5426%2C5428%2C5442-5444%2C5469%2C5471%2C5476%2C5481%2C5494%2C5497%2C5508-5509%2C5512%2C5517%2C5521%2C5525%2C5538%2C5550%2C5553%2C5556%2C5570%2C5578%2C5605%2C5612%2C5618%2C5621%2C5642%2C5672%2C5677%2C5696%2C5700%2C5702-5703%2C5721-5722%2C5729%2C5740-5746%2C5752%2C5759%2C5778%2C5789%2C5792-5793%2C5797%2C5810%2C5815%2C5824%2C5828%2C5865-5866%2C5876
r5895
r5906
  +dir_prop: branches/qmmp-1.1/src/plugins/Ui/qsui svn:mergeinfo /trunk/qmmp/src/plugins/Ui/qsui:5275%2C5282-5283%2C5296-5300%2C5304-5305%2C5310%2C5315-5316%2C5331%2C5333%2C5337%2C5353%2C5367-5379%2C5386%2C5428%2C5508-5509%2C5512%2C5696%2C5700%2C5789%2C5792-5793%2C5829-5905%0A/trunk/qmmp/src/plugins/Ui/skinned:5223
r5916
  -empty_dir: branches/qmmp-1.1/src/qmmp/audioconverter_p.h
  +file_prop: branches/qmmp-1.1/src/qmmp/audioconverter.h svn:eol-style native
r5918
  +dir_prop: branches/qmmp-1.1 svn:mergeinfo /branches/qmmp-0.9:5574%0A/trunk/qmmp:5275%2C5282-5283%2C5296-5300%2C5304-5305%2C5310%2C5315-5316%2C5331%2C5333%2C5337%2C5353%2C5367-5379%2C5385-5386%2C5391%2C5420%2C5424-5426%2C5428%2C5442-5444%2C5469%2C5471%2C5476%2C5481%2C5494%2C5497%2C5508-5509%2C5512%2C5517%2C5521%2C5525%2C5538%2C5550%2C5553%2C5556%2C5570%2C5578%2C5605%2C5612%2C5618%2C5621%2C5642%2C5672%2C5677%2C5696%2C5700%2C5702-5703%2C5721-5722%2C5729%2C5740-5746%2C5752%2C5759%2C5778%2C5789%2C5792-5793%2C5797%2C5810%2C5815%2C5824%2C5828%2C5865-5866%2C5876%2C5917
r5921
  +dir_prop: branches/qmmp-1.1 svn:mergeinfo /branches/qmmp-0.9:5574%0A/trunk/qmmp:5275%2C5282-5283%2C5296-5300%2C5304-5305%2C5310%2C5315-5316%2C5331%2C5333%2C5337%2C5353%2C5367-5379%2C5385-5386%2C5391%2C5420%2C5424-5426%2C5428%2C5442-5444%2C5469%2C5471%2C5476%2C5481%2C5494%2C5497%2C5508-5509%2C5512%2C5517%2C5521%2C5525%2C5538%2C5550%2C5553%2C5556%2C5570%2C5578%2C5605%2C5612%2C5618%2C5621%2C5642%2C5672%2C5677%2C5696%2C5700%2C5702-5703%2C5721-5722%2C5729%2C5740-5746%2C5752%2C5759%2C5778%2C5789%2C5792-5793%2C5797%2C5810%2C5815%2C5824%2C5828%2C5865-5866%2C5876%2C5917%2C5919-5920
r5924
r5929
  +dir_prop: branches/qmmp-1.1 svn:mergeinfo /branches/qmmp-0.9:5574%0A/trunk/qmmp:5275%2C5282-5283%2C5296-5300%2C5304-5305%2C5310%2C5315-5316%2C5331%2C5333%2C5337%2C5353%2C5367-5379%2C5385-5386%2C5391%2C5420%2C5424-5426%2C5428%2C5442-5444%2C5469%2C5471%2C5476%2C5481%2C5494%2C5497%2C5508-5509%2C5512%2C5517%2C5521%2C5525%2C5538%2C5550%2C5553%2C5556%2C5570%2C5578%2C5605%2C5612%2C5618%2C5621%2C5642%2C5672%2C5677%2C5696%2C5700%2C5702-5703%2C5721-5722%2C5729%2C5740-5746%2C5752%2C5759%2C5778%2C5789%2C5792-5793%2C5797%2C5810%2C5815%2C5824%2C5828%2C5865-5866%2C5876%2C5917%2C5919-5920%2C5928
r5935
  +dir_prop: branches/qmmp-1.1 svn:mergeinfo /branches/qmmp-0.9:5574%0A/trunk/qmmp:5275%2C5282-5283%2C5296-5300%2C5304-5305%2C5310%2C5315-5316%2C5331%2C5333%2C5337%2C5353%2C5367-5379%2C5385-5386%2C5391%2C5420%2C5424-5426%2C5428%2C5442-5444%2C5469%2C5471%2C5476%2C5481%2C5494%2C5497%2C5508-5509%2C5512%2C5517%2C5521%2C5525%2C5538%2C5550%2C5553%2C5556%2C5570%2C5578%2C5605%2C5612%2C5618%2C5621%2C5642%2C5672%2C5677%2C5696%2C5700%2C5702-5703%2C5721-5722%2C5729%2C5740-5746%2C5752%2C5759%2C5778%2C5789%2C5792-5793%2C5797%2C5810%2C5815%2C5824%2C5828%2C5865-5866%2C5876%2C5917%2C5919-5920%2C5928%2C5934
  +dir_prop: branches/qmmp-1.1/src/plugins/Ui/qsui svn:mergeinfo /trunk/qmmp/src/plugins/Ui/qsui:5275%2C5282-5283%2C5296-5300%2C5304-5305%2C5310%2C5315-5316%2C5331%2C5333%2C5337%2C5353%2C5367-5379%2C5386%2C5428%2C5508-5509%2C5512%2C5696%2C5700%2C5789%2C5792-5793%2C5829-5905%2C5934%0A/trunk/qmmp/src/plugins/Ui/skinned:5223
r5937
  +dir_prop: branches/qmmp-1.1 svn:mergeinfo /branches/qmmp-0.9:5574%0A/trunk/qmmp:5275%2C5282-5283%2C5296-5300%2C5304-5305%2C5310%2C5315-5316%2C5331%2C5333%2C5337%2C5353%2C5367-5379%2C5385-5386%2C5391%2C5420%2C5424-5426%2C5428%2C5442-5444%2C5469%2C5471%2C5476%2C5481%2C5494%2C5497%2C5508-5509%2C5512%2C5517%2C5521%2C5525%2C5538%2C5550%2C5553%2C5556%2C5570%2C5578%2C5605%2C5612%2C5618%2C5621%2C5642%2C5672%2C5677%2C5696%2C5700%2C5702-5703%2C5721-5722%2C5729%2C5740-5746%2C5752%2C5759%2C5778%2C5789%2C5792-5793%2C5797%2C5810%2C5815%2C5824%2C5828%2C5865-5866%2C5876%2C5917%2C5919-5920%2C5928%2C5934%2C5936
r5950
  +dir_prop: branches/qmmp-1.1 svn:mergeinfo /branches/qmmp-0.9:5574%0A/trunk/qmmp:5275%2C5282-5283%2C5296-5300%2C5304-5305%2C5310%2C5315-5316%2C5331%2C5333%2C5337%2C5353%2C5367-5379%2C5385-5386%2C5391%2C5420%2C5424-5426%2C5428%2C5442-5444%2C5469%2C5471%2C5476%2C5481%2C5494%2C5497%2C5508-5509%2C5512%2C5517%2C5521%2C5525%2C5538%2C5550%2C5553%2C5556%2C5570%2C5578%2C5605%2C5612%2C5618%2C5621%2C5642%2C5672%2C5677%2C5696%2C5700%2C5702-5703%2C5721-5722%2C5729%2C5740-5746%2C5752%2C5759%2C5778%2C5789%2C5792-5793%2C5797%2C5810%2C5815%2C5824%2C5828%2C5865-5866%2C5876%2C5917%2C5919-5920%2C5928%2C5934%2C5936%2C5949
r5961
  +dir_prop: branches/qmmp-1.1 svn:mergeinfo /branches/qmmp-0.9:5574%0A/trunk/qmmp:5275%2C5282-5283%2C5296-5300%2C5304-5305%2C5310%2C5315-5316%2C5331%2C5333%2C5337%2C5353%2C5367-5379%2C5385-5386%2C5391%2C5420%2C5424-5426%2C5428%2C5442-5444%2C5469%2C5471%2C5476%2C5481%2C5494%2C5497%2C5508-5509%2C5512%2C5517%2C5521%2C5525%2C5538%2C5550%2C5553%2C5556%2C5570%2C5578%2C5605%2C5612%2C5618%2C5621%2C5642%2C5672%2C5677%2C5696%2C5700%2C5702-5703%2C5721-5722%2C5729%2C5740-5746%2C5752%2C5759%2C5778%2C5789%2C5792-5793%2C5797%2C5810%2C5815%2C5824%2C5828%2C5865-5866%2C5876%2C5917%2C5919-5920%2C5928%2C5934%2C5936%2C5949%2C5956-5958
r5968
r5971
  +dir_prop: branches/qmmp-1.1 svn:mergeinfo /branches/qmmp-0.9:5574%0A/trunk/qmmp:5275%2C5282-5283%2C5296-5300%2C5304-5305%2C5310%2C5315-5316%2C5331%2C5333%2C5337%2C5353%2C5367-5379%2C5385-5386%2C5391%2C5420%2C5424-5426%2C5428%2C5442-5444%2C5469%2C5471%2C5476%2C5481%2C5494%2C5497%2C5508-5509%2C5512%2C5517%2C5521%2C5525%2C5538%2C5550%2C5553%2C5556%2C5570%2C5578%2C5605%2C5612%2C5618%2C5621%2C5642%2C5672%2C5677%2C5696%2C5700%2C5702-5703%2C5721-5722%2C5729%2C5740-5746%2C5752%2C5759%2C5778%2C5789%2C5792-5793%2C5797%2C5810%2C5815%2C5824%2C5828%2C5865-5866%2C5876%2C5917%2C5919-5920%2C5928%2C5934%2C5936%2C5949%2C5956-5958%2C5970
r5973
  +dir_prop: branches/qmmp-1.1 svn:mergeinfo /branches/qmmp-0.9:5574%0A/trunk/qmmp:5275%2C5282-5283%2C5296-5300%2C5304-5305%2C5310%2C5315-5316%2C5331%2C5333%2C5337%2C5353%2C5367-5379%2C5385-5386%2C5391%2C5420%2C5424-5426%2C5428%2C5442-5444%2C5469%2C5471%2C5476%2C5481%2C5494%2C5497%2C5508-5509%2C5512%2C5517%2C5521%2C5525%2C5538%2C5550%2C5553%2C5556%2C5570%2C5578%2C5605%2C5612%2C5618%2C5621%2C5642%2C5672%2C5677%2C5696%2C5700%2C5702-5703%2C5721-5722%2C5729%2C5740-5746%2C5752%2C5759%2C5778%2C5789%2C5792-5793%2C5797%2C5810%2C5815%2C5824%2C5828%2C5865-5866%2C5876%2C5917%2C5919-5920%2C5928%2C5934%2C5936%2C5949%2C5956-5958%2C5970%2C5972
r5975
  +dir_prop: branches/qmmp-1.1 svn:mergeinfo /branches/qmmp-0.9:5574%0A/trunk/qmmp:5275%2C5282-5283%2C5296-5300%2C5304-5305%2C5310%2C5315-5316%2C5331%2C5333%2C5337%2C5353%2C5367-5379%2C5385-5386%2C5391%2C5420%2C5424-5426%2C5428%2C5442-5444%2C5469%2C5471%2C5476%2C5481%2C5494%2C5497%2C5508-5509%2C5512%2C5517%2C5521%2C5525%2C5538%2C5550%2C5553%2C5556%2C5570%2C5578%2C5605%2C5612%2C5618%2C5621%2C5642%2C5672%2C5677%2C5696%2C5700%2C5702-5703%2C5721-5722%2C5729%2C5740-5746%2C5752%2C5759%2C5778%2C5789%2C5792-5793%2C5797%2C5810%2C5815%2C5824%2C5828%2C5865-5866%2C5876%2C5917%2C5919-5920%2C5928%2C5934%2C5936%2C5949%2C5956-5958%2C5970%2C5972%2C5974
r5977
  +dir_prop: branches/qmmp-1.1 svn:mergeinfo /branches/qmmp-0.9:5574%0A/trunk/qmmp:5275%2C5282-5283%2C5296-5300%2C5304-5305%2C5310%2C5315-5316%2C5331%2C5333%2C5337%2C5353%2C5367-5379%2C5385-5386%2C5391%2C5420%2C5424-5426%2C5428%2C5442-5444%2C5469%2C5471%2C5476%2C5481%2C5494%2C5497%2C5508-5509%2C5512%2C5517%2C5521%2C5525%2C5538%2C5550%2C5553%2C5556%2C5570%2C5578%2C5605%2C5612%2C5618%2C5621%2C5642%2C5672%2C5677%2C5696%2C5700%2C5702-5703%2C5721-5722%2C5729%2C5740-5746%2C5752%2C5759%2C5778%2C5789%2C5792-5793%2C5797%2C5810%2C5815%2C5824%2C5828%2C5865-5866%2C5876%2C5917%2C5919-5920%2C5928%2C5934%2C5936%2C5949%2C5956-5958%2C5970%2C5972%2C5974%2C5976
r5979
  +dir_prop: branches/qmmp-1.1 svn:mergeinfo /branches/qmmp-0.9:5574%0A/trunk/qmmp:5275%2C5282-5283%2C5296-5300%2C5304-5305%2C5310%2C5315-5316%2C5331%2C5333%2C5337%2C5353%2C5367-5379%2C5385-5386%2C5391%2C5420%2C5424-5426%2C5428%2C5442-5444%2C5469%2C5471%2C5476%2C5481%2C5494%2C5497%2C5508-5509%2C5512%2C5517%2C5521%2C5525%2C5538%2C5550%2C5553%2C5556%2C5570%2C5578%2C5605%2C5612%2C5618%2C5621%2C5642%2C5672%2C5677%2C5696%2C5700%2C5702-5703%2C5721-5722%2C5729%2C5740-5746%2C5752%2C5759%2C5778%2C5789%2C5792-5793%2C5797%2C5810%2C5815%2C5824%2C5828%2C5865-5866%2C5876%2C5917%2C5919-5920%2C5928%2C5934%2C5936%2C5949%2C5956-5958%2C5970%2C5972%2C5974%2C5976%2C5978
r5981
  +dir_prop: branches/qmmp-1.1 svn:mergeinfo /branches/qmmp-0.9:5574%0A/trunk/qmmp:5275%2C5282-5283%2C5296-5300%2C5304-5305%2C5310%2C5315-5316%2C5331%2C5333%2C5337%2C5353%2C5367-5379%2C5385-5386%2C5391%2C5420%2C5424-5426%2C5428%2C5442-5444%2C5469%2C5471%2C5476%2C5481%2C5494%2C5497%2C5508-5509%2C5512%2C5517%2C5521%2C5525%2C5538%2C5550%2C5553%2C5556%2C5570%2C5578%2C5605%2C5612%2C5618%2C5621%2C5642%2C5672%2C5677%2C5696%2C5700%2C5702-5703%2C5721-5722%2C5729%2C5740-5746%2C5752%2C5759%2C5778%2C5789%2C5792-5793%2C5797%2C5810%2C5815%2C5824%2C5828%2C5865-5866%2C5876%2C5917%2C5919-5920%2C5928%2C5934%2C5936%2C5949%2C5956-5958%2C5970%2C5972%2C5974%2C5976%2C5978%2C5980
r5993
  +dir_prop: branches/qmmp-1.1 svn:mergeinfo /branches/qmmp-0.9:5574%0A/trunk/qmmp:5275%2C5282-5283%2C5296-5300%2C5304-5305%2C5310%2C5315-5316%2C5331%2C5333%2C5337%2C5353%2C5367-5379%2C5385-5386%2C5391%2C5420%2C5424-5426%2C5428%2C5442-5444%2C5469%2C5471%2C5476%2C5481%2C5494%2C5497%2C5508-5509%2C5512%2C5517%2C5521%2C5525%2C5538%2C5550%2C5553%2C5556%2C5570%2C5578%2C5605%2C5612%2C5618%2C5621%2C5642%2C5672%2C5677%2C5696%2C5700%2C5702-5703%2C5721-5722%2C5729%2C5740-5746%2C5752%2C5759%2C5778%2C5789%2C5792-5793%2C5797%2C5810%2C5815%2C5824%2C5828%2C5865-5866%2C5876%2C5917%2C5919-5920%2C5928%2C5934%2C5936%2C5949%2C5956-5958%2C5970%2C5972%2C5974%2C5976%2C5978%2C5980%2C5991
r5995
r5996
r5997
r6002
  -empty_dir: branches/qmmp-1.1/src/plugins/Effect/srconverter
  +dir_prop: branches/qmmp-1.1 svn:mergeinfo /branches/qmmp-0.9:5574%0A/trunk/qmmp:5275%2C5282-5283%2C5296-5300%2C5304-5305%2C5310%2C5315-5316%2C5331%2C5333%2C5337%2C5353%2C5367-5379%2C5385-5386%2C5391%2C5420%2C5424-5426%2C5428%2C5442-5444%2C5469%2C5471%2C5476%2C5481%2C5494%2C5497%2C5508-5509%2C5512%2C5517%2C5521%2C5525%2C5538%2C5550%2C5553%2C5556%2C5570%2C5578%2C5605%2C5612%2C5618%2C5621%2C5642%2C5672%2C5677%2C5696%2C5700%2C5702-5703%2C5721-5722%2C5729%2C5740-5746%2C5752%2C5759%2C5778%2C5789%2C5792-5793%2C5797%2C5810%2C5815%2C5824%2C5828%2C5865-5866%2C5876%2C5917%2C5919-5920%2C5928%2C5934%2C5936%2C5949%2C5956-5958%2C5970%2C5972%2C5974%2C5976%2C5978%2C5980%2C5991%2C5999
r6009
  +dir_prop: branches/qmmp-1.1 svn:mergeinfo /branches/qmmp-0.9:5574%0A/trunk/qmmp:5275%2C5282-5283%2C5296-5300%2C5304-5305%2C5310%2C5315-5316%2C5331%2C5333%2C5337%2C5353%2C5367-5379%2C5385-5386%2C5391%2C5420%2C5424-5426%2C5428%2C5442-5444%2C5469%2C5471%2C5476%2C5481%2C5494%2C5497%2C5508-5509%2C5512%2C5517%2C5521%2C5525%2C5538%2C5550%2C5553%2C5556%2C5570%2C5578%2C5605%2C5612%2C5618%2C5621%2C5642%2C5672%2C5677%2C5696%2C5700%2C5702-5703%2C5721-5722%2C5729%2C5740-5746%2C5752%2C5759%2C5778%2C5789%2C5792-5793%2C5797%2C5810%2C5815%2C5824%2C5828%2C5865-5866%2C5876%2C5917%2C5919-5920%2C5928%2C5934%2C5936%2C5949%2C5956-5958%2C5970%2C5972%2C5974%2C5976%2C5978%2C5980%2C5985-5986%2C5991%2C5999%2C6008
r6011
r6013
r6015
  +dir_prop: branches/qmmp-1.1 svn:mergeinfo /branches/qmmp-0.9:5574%0A/trunk/qmmp:5275%2C5282-5283%2C5296-5300%2C5304-5305%2C5310%2C5315-5316%2C5331%2C5333%2C5337%2C5353%2C5367-5379%2C5385-5386%2C5391%2C5420%2C5424-5426%2C5428%2C5442-5444%2C5469%2C5471%2C5476%2C5481%2C5494%2C5497%2C5508-5509%2C5512%2C5517%2C5521%2C5525%2C5538%2C5550%2C5553%2C5556%2C5570%2C5578%2C5605%2C5612%2C5618%2C5621%2C5642%2C5672%2C5677%2C5696%2C5700%2C5702-5703%2C5721-5722%2C5729%2C5740-5746%2C5752%2C5759%2C5778%2C5789%2C5792-5793%2C5797%2C5810%2C5815%2C5824%2C5828%2C5865-5866%2C5876%2C5917%2C5919-5920%2C5928%2C5934%2C5936%2C5949%2C5956-5958%2C5970%2C5972%2C5974%2C5976%2C5978%2C5980%2C5985-5986%2C5991%2C5999%2C6008%2C6014
r6017
r6020
  +dir_prop: branches/qmmp-1.1 svn:mergeinfo /branches/qmmp-0.9:5574%0A/trunk/qmmp:5275%2C5282-5283%2C5296-5300%2C5304-5305%2C5310%2C5315-5316%2C5331%2C5333%2C5337%2C5353%2C5367-5379%2C5385-5386%2C5391%2C5420%2C5424-5426%2C5428%2C5442-5444%2C5469%2C5471%2C5476%2C5481%2C5494%2C5497%2C5508-5509%2C5512%2C5517%2C5521%2C5525%2C5538%2C5550%2C5553%2C5556%2C5570%2C5578%2C5605%2C5612%2C5618%2C5621%2C5642%2C5672%2C5677%2C5696%2C5700%2C5702-5703%2C5721-5722%2C5729%2C5740-5746%2C5752%2C5759%2C5778%2C5789%2C5792-5793%2C5797%2C5810%2C5815%2C5824%2C5828%2C5865-5866%2C5876%2C5917%2C5919-5920%2C5928%2C5934%2C5936%2C5949%2C5956-5958%2C5970%2C5972%2C5974%2C5976%2C5978%2C5980%2C5985-5986%2C5991%2C5999%2C6008%2C6014%2C6018-6019
r6023
  +dir_prop: branches/qmmp-1.1 svn:mergeinfo /branches/qmmp-0.9:5574%0A/trunk/qmmp:5275%2C5282-5283%2C5296-5300%2C5304-5305%2C5310%2C5315-5316%2C5331%2C5333%2C5337%2C5353%2C5367-5379%2C5385-5386%2C5391%2C5420%2C5424-5426%2C5428%2C5442-5444%2C5469%2C5471%2C5476%2C5481%2C5494%2C5497%2C5508-5509%2C5512%2C5517%2C5521%2C5525%2C5538%2C5550%2C5553%2C5556%2C5570%2C5578%2C5605%2C5612%2C5618%2C5621%2C5642%2C5672%2C5677%2C5696%2C5700%2C5702-5703%2C5721-5722%2C5729%2C5740-5746%2C5752%2C5759%2C5778%2C5789%2C5792-5793%2C5797%2C5810%2C5815%2C5824%2C5828%2C5865-5866%2C5876%2C5917%2C5919-5920%2C5928%2C5934%2C5936%2C5949%2C5956-5958%2C5970%2C5972%2C5974%2C5976%2C5978%2C5980%2C5985-5986%2C5991%2C5999%2C6008%2C6014%2C6018-6019%2C6022
r6028
  +dir_prop: branches/qmmp-1.1 svn:mergeinfo /branches/qmmp-0.9:5574%0A/trunk/qmmp:5275%2C5282-5283%2C5296-5300%2C5304-5305%2C5310%2C5315-5316%2C5331%2C5333%2C5337%2C5353%2C5367-5379%2C5385-5386%2C5391%2C5420%2C5424-5426%2C5428%2C5442-5444%2C5469%2C5471%2C5476%2C5481%2C5494%2C5497%2C5508-5509%2C5512%2C5517%2C5521%2C5525%2C5538%2C5550%2C5553%2C5556%2C5570%2C5578%2C5605%2C5612%2C5618%2C5621%2C5642%2C5672%2C5677%2C5696%2C5700%2C5702-5703%2C5721-5722%2C5729%2C5740-5746%2C5752%2C5759%2C5778%2C5789%2C5792-5793%2C5797%2C5810%2C5815%2C5824%2C5828%2C5865-5866%2C5876%2C5917%2C5919-5920%2C5928%2C5934%2C5936%2C5949%2C5956-5958%2C5970%2C5972%2C5974%2C5976%2C5978%2C5980%2C5985-5986%2C5991%2C5999%2C6008%2C6014%2C6018-6019%2C6022%2C6026-6027
  +dir_prop: branches/qmmp-1.1/src/plugins/Ui/qsui svn:mergeinfo /trunk/qmmp/src/plugins/Ui/qsui:5275%2C5282-5283%2C5296-5300%2C5304-5305%2C5310%2C5315-5316%2C5331%2C5333%2C5337%2C5353%2C5367-5379%2C5386%2C5428%2C5508-5509%2C5512%2C5696%2C5700%2C5789%2C5792-5793%2C5829-5905%2C5934%2C6026-6027%0A/trunk/qmmp/src/plugins/Ui/skinned:5223%2C6018-6019%2C6022
r6038
  +dir_prop: branches/qmmp-1.1 svn:mergeinfo /branches/qmmp-0.9:5574%0A/trunk/qmmp:5275%2C5282-5283%2C5296-5300%2C5304-5305%2C5310%2C5315-5316%2C5331%2C5333%2C5337%2C5353%2C5367-5379%2C5385-5386%2C5391%2C5420%2C5424-5426%2C5428%2C5442-5444%2C5469%2C5471%2C5476%2C5481%2C5494%2C5497%2C5508-5509%2C5512%2C5517%2C5521%2C5525%2C5538%2C5550%2C5553%2C5556%2C5570%2C5578%2C5605%2C5612%2C5618%2C5621%2C5642%2C5672%2C5677%2C5696%2C5700%2C5702-5703%2C5721-5722%2C5729%2C5740-5746%2C5752%2C5759%2C5778%2C5789%2C5792-5793%2C5797%2C5810%2C5815%2C5824%2C5828%2C5865-5866%2C5876%2C5917%2C5919-5920%2C5928%2C5934%2C5936%2C5949%2C5956-5958%2C5970%2C5972%2C5974%2C5976%2C5978%2C5980%2C5985-5986%2C5991%2C5999%2C6008%2C6014%2C6018-6019%2C6022%2C6026-6027%2C6031-6037
r6039
r6043
r6048
  +dir_prop: branches/qmmp-1.1 svn:mergeinfo /branches/qmmp-0.9:5574%0A/trunk/qmmp:5275%2C5282-5283%2C5296-5300%2C5304-5305%2C5310%2C5315-5316%2C5331%2C5333%2C5337%2C5353%2C5367-5379%2C5385-5386%2C5391%2C5420%2C5424-5426%2C5428%2C5442-5444%2C5469%2C5471%2C5476%2C5481%2C5494%2C5497%2C5508-5509%2C5512%2C5517%2C5521%2C5525%2C5538%2C5550%2C5553%2C5556%2C5570%2C5578%2C5605%2C5612%2C5618%2C5621%2C5642%2C5672%2C5677%2C5696%2C5700%2C5702-5703%2C5721-5722%2C5729%2C5740-5746%2C5752%2C5759%2C5778%2C5789%2C5792-5793%2C5797%2C5810%2C5815%2C5824%2C5828%2C5865-5866%2C5876%2C5917%2C5919-5920%2C5928%2C5934%2C5936%2C5949%2C5956-5958%2C5970%2C5972%2C5974%2C5976%2C5978%2C5980%2C5985-5986%2C5991%2C5999%2C6008%2C6014%2C6018-6019%2C6022%2C6026-6027%2C6031-6037%2C6047
r6062
  +dir_prop: branches/qmmp-1.1 svn:mergeinfo /branches/qmmp-0.9:5574%0A/trunk/qmmp:5275%2C5282-5283%2C5296-5300%2C5304-5305%2C5310%2C5315-5316%2C5331%2C5333%2C5337%2C5353%2C5367-5379%2C5385-5386%2C5391%2C5420%2C5424-5426%2C5428%2C5442-5444%2C5469%2C5471%2C5476%2C5481%2C5494%2C5497%2C5508-5509%2C5512%2C5517%2C5521%2C5525%2C5538%2C5550%2C5553%2C5556%2C5570%2C5578%2C5605%2C5612%2C5618%2C5621%2C5642%2C5672%2C5677%2C5696%2C5700%2C5702-5703%2C5721-5722%2C5729%2C5740-5746%2C5752%2C5759%2C5778%2C5789%2C5792-5793%2C5797%2C5810%2C5815%2C5824%2C5828%2C5865-5866%2C5876%2C5917%2C5919-5920%2C5928%2C5934%2C5936%2C5949%2C5956-5958%2C5970%2C5972%2C5974%2C5976%2C5978%2C5980%2C5985-5986%2C5991%2C5999%2C6008%2C6014%2C6018-6019%2C6022%2C6026-6027%2C6031-6037%2C6047%2C6059-6061
  +dir_prop: branches/qmmp-1.1/src/plugins/Ui/qsui svn:mergeinfo /trunk/qmmp/src/plugins/Ui/qsui:5275%2C5282-5283%2C5296-5300%2C5304-5305%2C5310%2C5315-5316%2C5331%2C5333%2C5337%2C5353%2C5367-5379%2C5386%2C5428%2C5508-5509%2C5512%2C5696%2C5700%2C5789%2C5792-5793%2C5829-5905%2C5934%2C6026-6027%2C6060-6061%0A/trunk/qmmp/src/plugins/Ui/skinned:5223%2C6018-6019%2C6022
r6066
  +dir_prop: branches/qmmp-1.1 svn:mergeinfo /branches/qmmp-0.9:5574%0A/trunk/qmmp:5275%2C5282-5283%2C5296-5300%2C5304-5305%2C5310%2C5315-5316%2C5331%2C5333%2C5337%2C5353%2C5367-5379%2C5385-5386%2C5391%2C5420%2C5424-5426%2C5428%2C5442-5444%2C5469%2C5471%2C5476%2C5481%2C5494%2C5497%2C5508-5509%2C5512%2C5517%2C5521%2C5525%2C5538%2C5550%2C5553%2C5556%2C5570%2C5578%2C5605%2C5612%2C5618%2C5621%2C5642%2C5672%2C5677%2C5696%2C5700%2C5702-5703%2C5721-5722%2C5729%2C5740-5746%2C5752%2C5759%2C5778%2C5789%2C5792-5793%2C5797%2C5810%2C5815%2C5824%2C5828%2C5865-5866%2C5876%2C5917%2C5919-5920%2C5928%2C5934%2C5936%2C5949%2C5956-5958%2C5970%2C5972%2C5974%2C5976%2C5978%2C5980%2C5985-5986%2C5991%2C5999%2C6008%2C6014%2C6018-6019%2C6022%2C6026-6027%2C6031-6037%2C6047%2C6059-6061%2C6065
r6072
r6077
  +dir_prop: branches/qmmp-1.1 svn:mergeinfo /branches/qmmp-0.9:5574%0A/trunk/qmmp:5275%2C5282-5283%2C5296-5300%2C5304-5305%2C5310%2C5315-5316%2C5331%2C5333%2C5337%2C5353%2C5367-5379%2C5385-5386%2C5391%2C5420%2C5424-5426%2C5428%2C5442-5444%2C5469%2C5471%2C5476%2C5481%2C5494%2C5497%2C5508-5509%2C5512%2C5517%2C5521%2C5525%2C5538%2C5550%2C5553%2C5556%2C5570%2C5578%2C5605%2C5612%2C5618%2C5621%2C5642%2C5672%2C5677%2C5696%2C5700%2C5702-5703%2C5721-5722%2C5729%2C5740-5746%2C5752%2C5759%2C5778%2C5789%2C5792-5793%2C5797%2C5810%2C5815%2C5824%2C5828%2C5865-5866%2C5876%2C5917%2C5919-5920%2C5928%2C5934%2C5936%2C5949%2C5956-5958%2C5970%2C5972%2C5974%2C5976%2C5978%2C5980%2C5985-5986%2C5991%2C5999%2C6008%2C6014%2C6018-6019%2C6022%2C6026-6027%2C6031-6037%2C6047%2C6059-6061%2C6065%2C6075
r6079
r6081
  +dir_prop: branches/qmmp-1.1 svn:mergeinfo /branches/qmmp-0.9:5574%0A/trunk/qmmp:5275%2C5282-5283%2C5296-5300%2C5304-5305%2C5310%2C5315-5316%2C5331%2C5333%2C5337%2C5353%2C5367-5379%2C5385-5386%2C5391%2C5420%2C5424-5426%2C5428%2C5442-5444%2C5469%2C5471%2C5476%2C5481%2C5494%2C5497%2C5508-5509%2C5512%2C5517%2C5521%2C5525%2C5538%2C5550%2C5553%2C5556%2C5570%2C5578%2C5605%2C5612%2C5618%2C5621%2C5642%2C5672%2C5677%2C5696%2C5700%2C5702-5703%2C5721-5722%2C5729%2C5740-5746%2C5752%2C5759%2C5778%2C5789%2C5792-5793%2C5797%2C5810%2C5815%2C5824%2C5828%2C5865-5866%2C5876%2C5917%2C5919-5920%2C5928%2C5934%2C5936%2C5949%2C5956-5958%2C5970%2C5972%2C5974%2C5976%2C5978%2C5980%2C5985-5986%2C5991%2C5999%2C6008%2C6014%2C6018-6019%2C6022%2C6026-6027%2C6031-6037%2C6047%2C6059-6061%2C6065%2C6075%2C6080
r6086
  +dir_prop: branches/qmmp-1.1 svn:mergeinfo /branches/qmmp-0.9:5574%0A/trunk/qmmp:5275%2C5282-5283%2C5296-5300%2C5304-5305%2C5310%2C5315-5316%2C5331%2C5333%2C5337%2C5353%2C5367-5379%2C5385-5386%2C5391%2C5420%2C5424-5426%2C5428%2C5442-5444%2C5469%2C5471%2C5476%2C5481%2C5494%2C5497%2C5508-5509%2C5512%2C5517%2C5521%2C5525%2C5538%2C5550%2C5553%2C5556%2C5570%2C5578%2C5605%2C5612%2C5618%2C5621%2C5642%2C5672%2C5677%2C5696%2C5700%2C5702-5703%2C5721-5722%2C5729%2C5740-5746%2C5752%2C5759%2C5778%2C5789%2C5792-5793%2C5797%2C5810%2C5815%2C5824%2C5828%2C5865-5866%2C5876%2C5917%2C5919-5920%2C5928%2C5934%2C5936%2C5949%2C5956-5958%2C5970%2C5972%2C5974%2C5976%2C5978%2C5980%2C5985-5986%2C5991%2C5999%2C6008%2C6014%2C6018-6019%2C6022%2C6026-6027%2C6031-6037%2C6047%2C6059-6061%2C6065%2C6075%2C6080%2C6085
r6113
  +dir_prop: branches/qmmp-1.1 svn:mergeinfo /branches/qmmp-0.9:5574%0A/trunk/qmmp:5275%2C5282-5283%2C5296-5300%2C5304-5305%2C5310%2C5315-5316%2C5331%2C5333%2C5337%2C5353%2C5367-5379%2C5385-5386%2C5391%2C5420%2C5424-5426%2C5428%2C5442-5444%2C5469%2C5471%2C5476%2C5481%2C5494%2C5497%2C5508-5509%2C5512%2C5517%2C5521%2C5525%2C5538%2C5550%2C5553%2C5556%2C5570%2C5578%2C5605%2C5612%2C5618%2C5621%2C5642%2C5672%2C5677%2C5696%2C5700%2C5702-5703%2C5721-5722%2C5729%2C5740-5746%2C5752%2C5759%2C5778%2C5789%2C5792-5793%2C5797%2C5810%2C5815%2C5824%2C5828%2C5865-5866%2C5876%2C5917%2C5919-5920%2C5928%2C5934%2C5936%2C5949%2C5956-5958%2C5970%2C5972%2C5974%2C5976%2C5978%2C5980%2C5985-5986%2C5991%2C5999%2C6008%2C6014%2C6018-6019%2C6022%2C6026-6027%2C6031-6037%2C6047%2C6059-6061%2C6065%2C6075%2C6080%2C6085%2C6112
r6114
r6116
  +dir_prop: branches/qmmp-1.1 svn:mergeinfo /branches/qmmp-0.9:5574%0A/trunk/qmmp:5275%2C5282-5283%2C5296-5300%2C5304-5305%2C5310%2C5315-5316%2C5331%2C5333%2C5337%2C5353%2C5367-5379%2C5385-5386%2C5391%2C5420%2C5424-5426%2C5428%2C5442-5444%2C5469%2C5471%2C5476%2C5481%2C5494%2C5497%2C5508-5509%2C5512%2C5517%2C5521%2C5525%2C5538%2C5550%2C5553%2C5556%2C5570%2C5578%2C5605%2C5612%2C5618%2C5621%2C5642%2C5672%2C5677%2C5696%2C5700%2C5702-5703%2C5721-5722%2C5729%2C5740-5746%2C5752%2C5759%2C5778%2C5789%2C5792-5793%2C5797%2C5810%2C5815%2C5824%2C5828%2C5865-5866%2C5876%2C5917%2C5919-5920%2C5928%2C5934%2C5936%2C5949%2C5956-5958%2C5970%2C5972%2C5974%2C5976%2C5978%2C5980%2C5985-5986%2C5991%2C5999%2C6008%2C6014%2C6018-6019%2C6022%2C6026-6027%2C6031-6037%2C6047%2C6059-6061%2C6065%2C6075%2C6080%2C6085%2C6112%2C6115
r6118
  +dir_prop: branches/qmmp-1.1 svn:mergeinfo /branches/qmmp-0.9:5574%0A/trunk/qmmp:5275%2C5282-5283%2C5296-5300%2C5304-5305%2C5310%2C5315-5316%2C5331%2C5333%2C5337%2C5353%2C5367-5379%2C5385-5386%2C5391%2C5420%2C5424-5426%2C5428%2C5442-5444%2C5469%2C5471%2C5476%2C5481%2C5494%2C5497%2C5508-5509%2C5512%2C5517%2C5521%2C5525%2C5538%2C5550%2C5553%2C5556%2C5570%2C5578%2C5605%2C5612%2C5618%2C5621%2C5642%2C5672%2C5677%2C5696%2C5700%2C5702-5703%2C5721-5722%2C5729%2C5740-5746%2C5752%2C5759%2C5778%2C5789%2C5792-5793%2C5797%2C5810%2C5815%2C5824%2C5828%2C5865-5866%2C5876%2C5917%2C5919-5920%2C5928%2C5934%2C5936%2C5949%2C5956-5958%2C5970%2C5972%2C5974%2C5976%2C5978%2C5980%2C5985-5986%2C5991%2C5999%2C6008%2C6014%2C6018-6019%2C6022%2C6026-6027%2C6031-6037%2C6047%2C6059-6061%2C6065%2C6075%2C6080%2C6085%2C6112%2C6115%2C6117
r6125
r6128
r6129
r6134
  +dir_prop: branches/qmmp-1.1 svn:mergeinfo /branches/qmmp-0.9:5574%0A/trunk/qmmp:5275%2C5282-5283%2C5296-5300%2C5304-5305%2C5310%2C5315-5316%2C5331%2C5333%2C5337%2C5353%2C5367-5379%2C5385-5386%2C5391%2C5420%2C5424-5426%2C5428%2C5442-5444%2C5469%2C5471%2C5476%2C5481%2C5494%2C5497%2C5508-5509%2C5512%2C5517%2C5521%2C5525%2C5538%2C5550%2C5553%2C5556%2C5570%2C5578%2C5605%2C5612%2C5618%2C5621%2C5642%2C5672%2C5677%2C5696%2C5700%2C5702-5703%2C5721-5722%2C5729%2C5740-5746%2C5752%2C5759%2C5778%2C5789%2C5792-5793%2C5797%2C5810%2C5815%2C5824%2C5828%2C5865-5866%2C5876%2C5917%2C5919-5920%2C5928%2C5934%2C5936%2C5949%2C5956-5958%2C5970%2C5972%2C5974%2C5976%2C5978%2C5980%2C5985-5986%2C5991%2C5999%2C6008%2C6014%2C6018-6019%2C6022%2C6026-6027%2C6031-6037%2C6047%2C6059-6061%2C6065%2C6075%2C6080%2C6085%2C6112%2C6115%2C6117%2C6131
r6138
  +dir_prop: branches/qmmp-1.1 svn:mergeinfo /branches/qmmp-0.9:5574%0A/trunk/qmmp:5275%2C5282-5283%2C5296-5300%2C5304-5305%2C5310%2C5315-5316%2C5331%2C5333%2C5337%2C5353%2C5367-5379%2C5385-5386%2C5391%2C5420%2C5424-5426%2C5428%2C5442-5444%2C5469%2C5471%2C5476%2C5481%2C5494%2C5497%2C5508-5509%2C5512%2C5517%2C5521%2C5525%2C5538%2C5550%2C5553%2C5556%2C5570%2C5578%2C5605%2C5612%2C5618%2C5621%2C5642%2C5672%2C5677%2C5696%2C5700%2C5702-5703%2C5721-5722%2C5729%2C5740-5746%2C5752%2C5759%2C5778%2C5789%2C5792-5793%2C5797%2C5810%2C5815%2C5824%2C5828%2C5865-5866%2C5876%2C5917%2C5919-5920%2C5928%2C5934%2C5936%2C5949%2C5956-5958%2C5970%2C5972%2C5974%2C5976%2C5978%2C5980%2C5985-5986%2C5991%2C5999%2C6008%2C6014%2C6018-6019%2C6022%2C6026-6027%2C6031-6037%2C6047%2C6059-6061%2C6065%2C6075%2C6080%2C6085%2C6112%2C6115%2C6117%2C6131%2C6135
r6154
  +dir_prop: branches/qmmp-1.1 svn:mergeinfo /branches/qmmp-0.9:5574%0A/trunk/qmmp:5275%2C5282-5283%2C5296-5300%2C5304-5305%2C5310%2C5315-5316%2C5331%2C5333%2C5337%2C5353%2C5367-5379%2C5385-5386%2C5391%2C5420%2C5424-5426%2C5428%2C5442-5444%2C5469%2C5471%2C5476%2C5481%2C5494%2C5497%2C5508-5509%2C5512%2C5517%2C5521%2C5525%2C5538%2C5550%2C5553%2C5556%2C5570%2C5578%2C5605%2C5612%2C5618%2C5621%2C5642%2C5672%2C5677%2C5696%2C5700%2C5702-5703%2C5721-5722%2C5729%2C5740-5746%2C5752%2C5759%2C5778%2C5789%2C5792-5793%2C5797%2C5810%2C5815%2C5824%2C5828%2C5865-5866%2C5876%2C5917%2C5919-5920%2C5928%2C5934%2C5936%2C5949%2C5956-5958%2C5970%2C5972%2C5974%2C5976%2C5978%2C5980%2C5985-5986%2C5991%2C5999%2C6008%2C6014%2C6018-6019%2C6022%2C6026-6027%2C6031-6037%2C6047%2C6059-6061%2C6065%2C6075%2C6080%2C6085%2C6112%2C6115%2C6117%2C6119-6124%2C6126%2C6130-6131%2C6135%2C6139-6146%2C6149%2C6151-6153
  +dir_prop: branches/qmmp-1.1/src/plugins/Ui/qsui svn:mergeinfo /trunk/qmmp/src/plugins/Ui/qsui:5275%2C5282-5283%2C5296-5300%2C5304-5305%2C5310%2C5315-5316%2C5331%2C5333%2C5337%2C5353%2C5367-5379%2C5386%2C5428%2C5508-5509%2C5512%2C5696%2C5700%2C5789%2C5792-5793%2C5829-5905%2C5934%2C6026-6027%2C6060-6061%2C6144-6146%2C6149%2C6151-6153%0A/trunk/qmmp/src/plugins/Ui/skinned:5223%2C6018-6019%2C6022
r6155
r6156
r6158
r6162
r6164
  +dir_prop: branches/qmmp-1.1 svn:mergeinfo /branches/qmmp-0.9:5574%0A/trunk/qmmp:5275%2C5282-5283%2C5296-5300%2C5304-5305%2C5310%2C5315-5316%2C5331%2C5333%2C5337%2C5353%2C5367-5379%2C5385-5386%2C5391%2C5420%2C5424-5426%2C5428%2C5442-5444%2C5469%2C5471%2C5476%2C5481%2C5494%2C5497%2C5508-5509%2C5512%2C5517%2C5521%2C5525%2C5538%2C5550%2C5553%2C5556%2C5570%2C5578%2C5605%2C5612%2C5618%2C5621%2C5642%2C5672%2C5677%2C5696%2C5700%2C5702-5703%2C5721-5722%2C5729%2C5740-5746%2C5752%2C5759%2C5778%2C5789%2C5792-5793%2C5797%2C5810%2C5815%2C5824%2C5828%2C5865-5866%2C5876%2C5917%2C5919-5920%2C5928%2C5934%2C5936%2C5949%2C5956-5958%2C5970%2C5972%2C5974%2C5976%2C5978%2C5980%2C5985-5986%2C5991%2C5999%2C6008%2C6014%2C6018-6019%2C6022%2C6026-6027%2C6031-6037%2C6047%2C6059-6061%2C6065%2C6075%2C6080%2C6085%2C6112%2C6115%2C6117%2C6119-6124%2C6126%2C6130-6131%2C6135%2C6139-6146%2C6149%2C6151-6153%2C6163
r6166
r6168
  +dir_prop: branches/qmmp-1.1 svn:mergeinfo /branches/qmmp-0.9:5574%0A/trunk/qmmp:5275%2C5282-5283%2C5296-5300%2C5304-5305%2C5310%2C5315-5316%2C5331%2C5333%2C5337%2C5353%2C5367-5379%2C5385-5386%2C5391%2C5420%2C5424-5426%2C5428%2C5442-5444%2C5469%2C5471%2C5476%2C5481%2C5494%2C5497%2C5508-5509%2C5512%2C5517%2C5521%2C5525%2C5538%2C5550%2C5553%2C5556%2C5570%2C5578%2C5605%2C5612%2C5618%2C5621%2C5642%2C5672%2C5677%2C5696%2C5700%2C5702-5703%2C5721-5722%2C5729%2C5740-5746%2C5752%2C5759%2C5778%2C5789%2C5792-5793%2C5797%2C5810%2C5815%2C5824%2C5828%2C5865-5866%2C5876%2C5917%2C5919-5920%2C5928%2C5934%2C5936%2C5949%2C5956-5958%2C5970%2C5972%2C5974%2C5976%2C5978%2C5980%2C5985-5986%2C5991%2C5999%2C6008%2C6014%2C6018-6019%2C6022%2C6026-6027%2C6031-6037%2C6047%2C6059-6061%2C6065%2C6075%2C6080%2C6085%2C6112%2C6115%2C6117%2C6119-6124%2C6126%2C6130-6131%2C6135%2C6139-6146%2C6149%2C6151-6153%2C6163%2C6167
r6170
  +dir_prop: branches/qmmp-1.1 svn:mergeinfo /branches/qmmp-0.9:5574%0A/trunk/qmmp:5275%2C5282-5283%2C5296-5300%2C5304-5305%2C5310%2C5315-5316%2C5331%2C5333%2C5337%2C5353%2C5367-5379%2C5385-5386%2C5391%2C5420%2C5424-5426%2C5428%2C5442-5444%2C5469%2C5471%2C5476%2C5481%2C5494%2C5497%2C5508-5509%2C5512%2C5517%2C5521%2C5525%2C5538%2C5550%2C5553%2C5556%2C5570%2C5578%2C5605%2C5612%2C5618%2C5621%2C5642%2C5672%2C5677%2C5696%2C5700%2C5702-5703%2C5721-5722%2C5729%2C5740-5746%2C5752%2C5759%2C5778%2C5789%2C5792-5793%2C5797%2C5810%2C5815%2C5824%2C5828%2C5865-5866%2C5876%2C5917%2C5919-5920%2C5928%2C5934%2C5936%2C5949%2C5956-5958%2C5970%2C5972%2C5974%2C5976%2C5978%2C5980%2C5985-5986%2C5991%2C5999%2C6008%2C6014%2C6018-6019%2C6022%2C6026-6027%2C6031-6037%2C6047%2C6059-6061%2C6065%2C6075%2C6080%2C6085%2C6112%2C6115%2C6117%2C6119-6124%2C6126%2C6130-6131%2C6135%2C6139-6146%2C6149%2C6151-6153%2C6163%2C6167%2C6169
  +dir_prop: branches/qmmp-1.1/src/plugins/Ui/qsui svn:mergeinfo /trunk/qmmp/src/plugins/Ui/qsui:5275%2C5282-5283%2C5296-5300%2C5304-5305%2C5310%2C5315-5316%2C5331%2C5333%2C5337%2C5353%2C5367-5379%2C5386%2C5428%2C5508-5509%2C5512%2C5696%2C5700%2C5789%2C5792-5793%2C5829-5905%2C5934%2C6026-6027%2C6060-6061%2C6144-6146%2C6149%2C6151-6153%2C6169%0A/trunk/qmmp/src/plugins/Ui/skinned:5223%2C6018-6019%2C6022
r6172
r6178
  +dir_prop: branches/qmmp-1.1 svn:mergeinfo /branches/qmmp-0.9:5574%0A/trunk/qmmp:5275%2C5282-5283%2C5296-5300%2C5304-5305%2C5310%2C5315-5316%2C5331%2C5333%2C5337%2C5353%2C5367-5379%2C5385-5386%2C5391%2C5420%2C5424-5426%2C5428%2C5442-5444%2C5469%2C5471%2C5476%2C5481%2C5494%2C5497%2C5508-5509%2C5512%2C5517%2C5521%2C5525%2C5538%2C5550%2C5553%2C5556%2C5570%2C5578%2C5605%2C5612%2C5618%2C5621%2C5642%2C5672%2C5677%2C5696%2C5700%2C5702-5703%2C5721-5722%2C5729%2C5740-5746%2C5752%2C5759%2C5778%2C5789%2C5792-5793%2C5797%2C5810%2C5815%2C5824%2C5828%2C5865-5866%2C5876%2C5917%2C5919-5920%2C5928%2C5934%2C5936%2C5949%2C5956-5958%2C5970%2C5972%2C5974%2C5976%2C5978%2C5980%2C5985-5986%2C5991%2C5999%2C6008%2C6014%2C6018-6019%2C6022%2C6026-6027%2C6031-6037%2C6047%2C6059-6061%2C6065%2C6075%2C6080%2C6085%2C6112%2C6115%2C6117%2C6119-6124%2C6126%2C6130-6131%2C6135%2C6139-6146%2C6149%2C6151-6153%2C6163%2C6167%2C6169%2C6177
r6180
  +dir_prop: branches/qmmp-1.1 svn:mergeinfo /branches/qmmp-0.9:5574%0A/trunk/qmmp:5275%2C5282-5283%2C5296-5300%2C5304-5305%2C5310%2C5315-5316%2C5331%2C5333%2C5337%2C5353%2C5367-5379%2C5385-5386%2C5391%2C5420%2C5424-5426%2C5428%2C5442-5444%2C5469%2C5471%2C5476%2C5481%2C5494%2C5497%2C5508-5509%2C5512%2C5517%2C5521%2C5525%2C5538%2C5550%2C5553%2C5556%2C5570%2C5578%2C5605%2C5612%2C5618%2C5621%2C5642%2C5672%2C5677%2C5696%2C5700%2C5702-5703%2C5721-5722%2C5729%2C5740-5746%2C5752%2C5759%2C5778%2C5789%2C5792-5793%2C5797%2C5810%2C5815%2C5824%2C5828%2C5865-5866%2C5876%2C5917%2C5919-5920%2C5928%2C5934%2C5936%2C5949%2C5956-5958%2C5970%2C5972%2C5974%2C5976%2C5978%2C5980%2C5985-5986%2C5991%2C5999%2C6008%2C6014%2C6018-6019%2C6022%2C6026-6027%2C6031-6037%2C6047%2C6059-6061%2C6065%2C6075%2C6080%2C6085%2C6112%2C6115%2C6117%2C6119-6124%2C6126%2C6130-6131%2C6135%2C6139-6146%2C6149%2C6151-6153%2C6163%2C6167%2C6169%2C6177%2C6179
r6192
r6194
r6199
r6201
  +dir_prop: branches/qmmp-1.1 svn:mergeinfo /branches/qmmp-0.9:5574%0A/trunk/qmmp:5275%2C5282-5283%2C5296-5300%2C5304-5305%2C5310%2C5315-5316%2C5331%2C5333%2C5337%2C5353%2C5367-5379%2C5385-5386%2C5391%2C5420%2C5424-5426%2C5428%2C5442-5444%2C5469%2C5471%2C5476%2C5481%2C5494%2C5497%2C5508-5509%2C5512%2C5517%2C5521%2C5525%2C5538%2C5550%2C5553%2C5556%2C5570%2C5578%2C5605%2C5612%2C5618%2C5621%2C5642%2C5672%2C5677%2C5696%2C5700%2C5702-5703%2C5721-5722%2C5729%2C5740-5746%2C5752%2C5759%2C5778%2C5789%2C5792-5793%2C5797%2C5810%2C5815%2C5824%2C5828%2C5865-5866%2C5876%2C5917%2C5919-5920%2C5928%2C5934%2C5936%2C5949%2C5956-5958%2C5970%2C5972%2C5974%2C5976%2C5978%2C5980%2C5985-5986%2C5991%2C5999%2C6008%2C6014%2C6018-6019%2C6022%2C6026-6027%2C6031-6037%2C6047%2C6059-6061%2C6065%2C6075%2C6080%2C6085%2C6112%2C6115%2C6117%2C6119-6124%2C6126%2C6130-6131%2C6135%2C6139-6146%2C6149%2C6151-6153%2C6163%2C6167%2C6169%2C6177%2C6179%2C6200
r6207
  +dir_prop: branches/qmmp-1.1 svn:mergeinfo /branches/qmmp-0.9:5574%0A/trunk/qmmp:5275%2C5282-5283%2C5296-5300%2C5304-5305%2C5310%2C5315-5316%2C5331%2C5333%2C5337%2C5353%2C5367-5379%2C5385-5386%2C5391%2C5420%2C5424-5426%2C5428%2C5442-5444%2C5469%2C5471%2C5476%2C5481%2C5494%2C5497%2C5508-5509%2C5512%2C5517%2C5521%2C5525%2C5538%2C5550%2C5553%2C5556%2C5570%2C5578%2C5605%2C5612%2C5618%2C5621%2C5642%2C5672%2C5677%2C5696%2C5700%2C5702-5703%2C5721-5722%2C5729%2C5740-5746%2C5752%2C5759%2C5778%2C5789%2C5792-5793%2C5797%2C5810%2C5815%2C5824%2C5828%2C5865-5866%2C5876%2C5917%2C5919-5920%2C5928%2C5934%2C5936%2C5949%2C5956-5958%2C5970%2C5972%2C5974%2C5976%2C5978%2C5980%2C5985-5986%2C5991%2C5999%2C6008%2C6014%2C6018-6019%2C6022%2C6026-6027%2C6031-6037%2C6047%2C6059-6061%2C6065%2C6075%2C6080%2C6085%2C6112%2C6115%2C6117%2C6119-6124%2C6126%2C6130-6131%2C6135%2C6139-6146%2C6149%2C6151-6153%2C6163%2C6167%2C6169%2C6177%2C6179%2C6185-6187%2C6196%2C6200%2C6202-6203%2C6205
  +dir_prop: branches/qmmp-1.1/src/plugins/Ui/qsui svn:mergeinfo /trunk/qmmp/src/plugins/Ui/qsui:5275%2C5282-5283%2C5296-5300%2C5304-5305%2C5310%2C5315-5316%2C5331%2C5333%2C5337%2C5353%2C5367-5379%2C5386%2C5428%2C5508-5509%2C5512%2C5696%2C5700%2C5789%2C5792-5793%2C5829-5905%2C5934%2C6026-6027%2C6060-6061%2C6144-6146%2C6149%2C6151-6153%2C6169%2C6185-6187%2C6196%2C6202-6203%2C6205%0A/trunk/qmmp/src/plugins/Ui/skinned:5223%2C6018-6019%2C6022
r6209
  +dir_prop: branches/qmmp-1.1 svn:mergeinfo /branches/qmmp-0.9:5574%0A/trunk/qmmp:5275%2C5282-5283%2C5296-5300%2C5304-5305%2C5310%2C5315-5316%2C5331%2C5333%2C5337%2C5353%2C5367-5379%2C5385-5386%2C5391%2C5420%2C5424-5426%2C5428%2C5442-5444%2C5469%2C5471%2C5476%2C5481%2C5494%2C5497%2C5508-5509%2C5512%2C5517%2C5521%2C5525%2C5538%2C5550%2C5553%2C5556%2C5570%2C5578%2C5605%2C5612%2C5618%2C5621%2C5642%2C5672%2C5677%2C5696%2C5700%2C5702-5703%2C5721-5722%2C5729%2C5740-5746%2C5752%2C5759%2C5778%2C5789%2C5792-5793%2C5797%2C5810%2C5815%2C5824%2C5828%2C5865-5866%2C5876%2C5917%2C5919-5920%2C5928%2C5934%2C5936%2C5949%2C5956-5958%2C5970%2C5972%2C5974%2C5976%2C5978%2C5980%2C5985-5986%2C5991%2C5999%2C6008%2C6014%2C6018-6019%2C6022%2C6026-6027%2C6031-6037%2C6047%2C6059-6061%2C6065%2C6075%2C6080%2C6085%2C6112%2C6115%2C6117%2C6119-6124%2C6126%2C6130-6131%2C6135%2C6139-6146%2C6149%2C6151-6153%2C6163%2C6167%2C6169%2C6177%2C6179%2C6185-6187%2C6196%2C6200%2C6202-6203%2C6205%2C6208
  +dir_prop: branches/qmmp-1.1/src/plugins/Ui/qsui svn:mergeinfo /trunk/qmmp/src/plugins/Ui/qsui:5275%2C5282-5283%2C5296-5300%2C5304-5305%2C5310%2C5315-5316%2C5331%2C5333%2C5337%2C5353%2C5367-5379%2C5386%2C5428%2C5508-5509%2C5512%2C5696%2C5700%2C5789%2C5792-5793%2C5829-5905%2C5934%2C6026-6027%2C6060-6061%2C6144-6146%2C6149%2C6151-6153%2C6169%2C6185-6187%2C6196%2C6202-6203%2C6205%2C6208%0A/trunk/qmmp/src/plugins/Ui/skinned:5223%2C6018-6019%2C6022
r6210
r6211
r6213
r6216
  +dir_prop: branches/qmmp-1.1 svn:mergeinfo /branches/qmmp-0.9:5574%0A/trunk/qmmp:5275%2C5282-5283%2C5296-5300%2C5304-5305%2C5310%2C5315-5316%2C5331%2C5333%2C5337%2C5353%2C5367-5379%2C5385-5386%2C5391%2C5420%2C5424-5426%2C5428%2C5442-5444%2C5469%2C5471%2C5476%2C5481%2C5494%2C5497%2C5508-5509%2C5512%2C5517%2C5521%2C5525%2C5538%2C5550%2C5553%2C5556%2C5570%2C5578%2C5605%2C5612%2C5618%2C5621%2C5642%2C5672%2C5677%2C5696%2C5700%2C5702-5703%2C5721-5722%2C5729%2C5740-5746%2C5752%2C5759%2C5778%2C5789%2C5792-5793%2C5797%2C5810%2C5815%2C5824%2C5828%2C5865-5866%2C5876%2C5917%2C5919-5920%2C5928%2C5934%2C5936%2C5949%2C5956-5958%2C5970%2C5972%2C5974%2C5976%2C5978%2C5980%2C5985-5986%2C5991%2C5999%2C6008%2C6014%2C6018-6019%2C6022%2C6026-6027%2C6031-6037%2C6047%2C6059-6061%2C6065%2C6075%2C6080%2C6085%2C6112%2C6115%2C6117%2C6119-6124%2C6126%2C6130-6131%2C6135%2C6139-6146%2C6149%2C6151-6153%2C6163%2C6167%2C6169%2C6177%2C6179%2C6185-6187%2C6196%2C6200%2C6202-6203%2C6205%2C6208%2C6215
r6227
  +dir_prop: branches/qmmp-1.1 svn:mergeinfo /branches/qmmp-0.9:5574%0A/trunk/qmmp:5275%2C5282-5283%2C5296-5300%2C5304-5305%2C5310%2C5315-5316%2C5331%2C5333%2C5337%2C5353%2C5367-5379%2C5385-5386%2C5391%2C5420%2C5424-5426%2C5428%2C5442-5444%2C5469%2C5471%2C5476%2C5481%2C5494%2C5497%2C5508-5509%2C5512%2C5517%2C5521%2C5525%2C5538%2C5550%2C5553%2C5556%2C5570%2C5578%2C5605%2C5612%2C5618%2C5621%2C5642%2C5672%2C5677%2C5696%2C5700%2C5702-5703%2C5721-5722%2C5729%2C5740-5746%2C5752%2C5759%2C5778%2C5789%2C5792-5793%2C5797%2C5810%2C5815%2C5824%2C5828%2C5865-5866%2C5876%2C5917%2C5919-5920%2C5928%2C5934%2C5936%2C5949%2C5956-5958%2C5970%2C5972%2C5974%2C5976%2C5978%2C5980%2C5985-5986%2C5991%2C5999%2C6008%2C6014%2C6018-6019%2C6022%2C6026-6027%2C6031-6037%2C6047%2C6059-6061%2C6065%2C6075%2C6080%2C6085%2C6112%2C6115%2C6117%2C6119-6124%2C6126%2C6130-6131%2C6135%2C6139-6146%2C6149%2C6151-6153%2C6163%2C6167%2C6169%2C6177%2C6179%2C6185-6187%2C6196%2C6200%2C6202-6203%2C6205%2C6208%2C6215%2C6225-6226
  +dir_prop: branches/qmmp-1.1/src/plugins/Ui/qsui svn:mergeinfo /trunk/qmmp/src/plugins/Ui/qsui:5275%2C5282-5283%2C5296-5300%2C5304-5305%2C5310%2C5315-5316%2C5331%2C5333%2C5337%2C5353%2C5367-5379%2C5386%2C5428%2C5508-5509%2C5512%2C5696%2C5700%2C5789%2C5792-5793%2C5829-5905%2C5934%2C6026-6027%2C6060-6061%2C6144-6146%2C6149%2C6151-6153%2C6169%2C6185-6187%2C6196%2C6202-6203%2C6205%2C6208%2C6225-6226%0A/trunk/qmmp/src/plugins/Ui/skinned:5223%2C6018-6019%2C6022
r6228
r6230
  +dir_prop: branches/qmmp-1.1 svn:mergeinfo /branches/qmmp-0.9:5574%0A/trunk/qmmp:5275%2C5282-5283%2C5296-5300%2C5304-5305%2C5310%2C5315-5316%2C5331%2C5333%2C5337%2C5353%2C5367-5379%2C5385-5386%2C5391%2C5420%2C5424-5426%2C5428%2C5442-5444%2C5469%2C5471%2C5476%2C5481%2C5494%2C5497%2C5508-5509%2C5512%2C5517%2C5521%2C5525%2C5538%2C5550%2C5553%2C5556%2C5570%2C5578%2C5605%2C5612%2C5618%2C5621%2C5642%2C5672%2C5677%2C5696%2C5700%2C5702-5703%2C5721-5722%2C5729%2C5740-5746%2C5752%2C5759%2C5778%2C5789%2C5792-5793%2C5797%2C5810%2C5815%2C5824%2C5828%2C5865-5866%2C5876%2C5917%2C5919-5920%2C5928%2C5934%2C5936%2C5949%2C5956-5958%2C5970%2C5972%2C5974%2C5976%2C5978%2C5980%2C5985-5986%2C5991%2C5999%2C6008%2C6014%2C6018-6019%2C6022%2C6026-6027%2C6031-6037%2C6047%2C6059-6061%2C6065%2C6075%2C6080%2C6085%2C6112%2C6115%2C6117%2C6119-6124%2C6126%2C6130-6131%2C6135%2C6139-6146%2C6149%2C6151-6153%2C6163%2C6167%2C6169%2C6177%2C6179%2C6185-6187%2C6196%2C6200%2C6202-6203%2C6205%2C6208%2C6215%2C6225-6226%2C6229
  +dir_prop: branches/qmmp-1.1/src/plugins/Ui/qsui svn:mergeinfo /trunk/qmmp/src/plugins/Ui/qsui:5275%2C5282-5283%2C5296-5300%2C5304-5305%2C5310%2C5315-5316%2C5331%2C5333%2C5337%2C5353%2C5367-5379%2C5386%2C5428%2C5508-5509%2C5512%2C5696%2C5700%2C5789%2C5792-5793%2C5829-5905%2C5934%2C6026-6027%2C6060-6061%2C6144-6146%2C6149%2C6151-6153%2C6169%2C6185-6187%2C6196%2C6202-6203%2C6205%2C6208%2C6225-6226%2C6229%0A/trunk/qmmp/src/plugins/Ui/skinned:5223%2C6018-6019%2C6022
r6232
  +dir_prop: branches/qmmp-1.1 svn:mergeinfo /branches/qmmp-0.9:5574%0A/trunk/qmmp:5275%2C5282-5283%2C5296-5300%2C5304-5305%2C5310%2C5315-5316%2C5331%2C5333%2C5337%2C5353%2C5367-5379%2C5385-5386%2C5391%2C5420%2C5424-5426%2C5428%2C5442-5444%2C5469%2C5471%2C5476%2C5481%2C5494%2C5497%2C5508-5509%2C5512%2C5517%2C5521%2C5525%2C5538%2C5550%2C5553%2C5556%2C5570%2C5578%2C5605%2C5612%2C5618%2C5621%2C5642%2C5672%2C5677%2C5696%2C5700%2C5702-5703%2C5721-5722%2C5729%2C5740-5746%2C5752%2C5759%2C5778%2C5789%2C5792-5793%2C5797%2C5810%2C5815%2C5824%2C5828%2C5865-5866%2C5876%2C5917%2C5919-5920%2C5928%2C5934%2C5936%2C5949%2C5956-5958%2C5970%2C5972%2C5974%2C5976%2C5978%2C5980%2C5985-5986%2C5991%2C5999%2C6008%2C6014%2C6018-6019%2C6022%2C6026-6027%2C6031-6037%2C6047%2C6059-6061%2C6065%2C6075%2C6080%2C6085%2C6112%2C6115%2C6117%2C6119-6124%2C6126%2C6130-6131%2C6135%2C6139-6146%2C6149%2C6151-6153%2C6163%2C6167%2C6169%2C6177%2C6179%2C6185-6187%2C6196%2C6200%2C6202-6203%2C6205%2C6208%2C6215%2C6225-6226%2C6229%2C6231
  +dir_prop: branches/qmmp-1.1/src/plugins/Ui/qsui svn:mergeinfo /trunk/qmmp/src/plugins/Ui/qsui:5275%2C5282-5283%2C5296-5300%2C5304-5305%2C5310%2C5315-5316%2C5331%2C5333%2C5337%2C5353%2C5367-5379%2C5386%2C5428%2C5508-5509%2C5512%2C5696%2C5700%2C5789%2C5792-5793%2C5829-5905%2C5934%2C6026-6027%2C6060-6061%2C6144-6146%2C6149%2C6151-6153%2C6169%2C6185-6187%2C6196%2C6202-6203%2C6205%2C6208%2C6225-6226%2C6229%2C6231%0A/trunk/qmmp/src/plugins/Ui/skinned:5223%2C6018-6019%2C6022
r6233
r6237
  +dir_prop: branches/qmmp-1.1 svn:mergeinfo /branches/qmmp-0.9:5574%0A/trunk/qmmp:5275%2C5282-5283%2C5296-5300%2C5304-5305%2C5310%2C5315-5316%2C5331%2C5333%2C5337%2C5353%2C5367-5379%2C5385-5386%2C5391%2C5420%2C5424-5426%2C5428%2C5442-5444%2C5469%2C5471%2C5476%2C5481%2C5494%2C5497%2C5508-5509%2C5512%2C5517%2C5521%2C5525%2C5538%2C5550%2C5553%2C5556%2C5570%2C5578%2C5605%2C5612%2C5618%2C5621%2C5642%2C5672%2C5677%2C5696%2C5700%2C5702-5703%2C5721-5722%2C5729%2C5740-5746%2C5752%2C5759%2C5778%2C5789%2C5792-5793%2C5797%2C5810%2C5815%2C5824%2C5828%2C5865-5866%2C5876%2C5917%2C5919-5920%2C5928%2C5934%2C5936%2C5949%2C5956-5958%2C5970%2C5972%2C5974%2C5976%2C5978%2C5980%2C5985-5986%2C5991%2C5999%2C6008%2C6014%2C6018-6019%2C6022%2C6026-6027%2C6031-6037%2C6047%2C6059-6061%2C6065%2C6075%2C6080%2C6085%2C6112%2C6115%2C6117%2C6119-6124%2C6126%2C6130-6131%2C6135%2C6139-6146%2C6149%2C6151-6153%2C6163%2C6167%2C6169%2C6177%2C6179%2C6185-6187%2C6196%2C6200%2C6202-6203%2C6205%2C6208%2C6215%2C6225-6226%2C6229%2C6231%2C6235-6236
  +dir_prop: branches/qmmp-1.1/src/plugins/Ui/qsui svn:mergeinfo /trunk/qmmp/src/plugins/Ui/qsui:5275%2C5282-5283%2C5296-5300%2C5304-5305%2C5310%2C5315-5316%2C5331%2C5333%2C5337%2C5353%2C5367-5379%2C5386%2C5428%2C5508-5509%2C5512%2C5696%2C5700%2C5789%2C5792-5793%2C5829-5905%2C5934%2C6026-6027%2C6060-6061%2C6144-6146%2C6149%2C6151-6153%2C6169%2C6185-6187%2C6196%2C6202-6203%2C6205%2C6208%2C6225-6226%2C6229%2C6231%2C6236%0A/trunk/qmmp/src/plugins/Ui/skinned:5223%2C6018-6019%2C6022
r6239
  +dir_prop: branches/qmmp-1.1 svn:mergeinfo /branches/qmmp-0.9:5574%0A/trunk/qmmp:5275%2C5282-5283%2C5296-5300%2C5304-5305%2C5310%2C5315-5316%2C5331%2C5333%2C5337%2C5353%2C5367-5379%2C5385-5386%2C5391%2C5420%2C5424-5426%2C5428%2C5442-5444%2C5469%2C5471%2C5476%2C5481%2C5494%2C5497%2C5508-5509%2C5512%2C5517%2C5521%2C5525%2C5538%2C5550%2C5553%2C5556%2C5570%2C5578%2C5605%2C5612%2C5618%2C5621%2C5642%2C5672%2C5677%2C5696%2C5700%2C5702-5703%2C5721-5722%2C5729%2C5740-5746%2C5752%2C5759%2C5778%2C5789%2C5792-5793%2C5797%2C5810%2C5815%2C5824%2C5828%2C5865-5866%2C5876%2C5917%2C5919-5920%2C5928%2C5934%2C5936%2C5949%2C5956-5958%2C5970%2C5972%2C5974%2C5976%2C5978%2C5980%2C5985-5986%2C5991%2C5999%2C6008%2C6014%2C6018-6019%2C6022%2C6026-6027%2C6031-6037%2C6047%2C6059-6061%2C6065%2C6075%2C6080%2C6085%2C6112%2C6115%2C6117%2C6119-6124%2C6126%2C6130-6131%2C6135%2C6139-6146%2C6149%2C6151-6153%2C6163%2C6167%2C6169%2C6177%2C6179%2C6185-6187%2C6196%2C6200%2C6202-6203%2C6205%2C6208%2C6215%2C6225-6226%2C6229%2C6231%2C6235-6236%2C6238
  +dir_prop: branches/qmmp-1.1/src/plugins/Ui/qsui svn:mergeinfo /trunk/qmmp/src/plugins/Ui/qsui:5275%2C5282-5283%2C5296-5300%2C5304-5305%2C5310%2C5315-5316%2C5331%2C5333%2C5337%2C5353%2C5367-5379%2C5386%2C5428%2C5508-5509%2C5512%2C5696%2C5700%2C5789%2C5792-5793%2C5829-5905%2C5934%2C6026-6027%2C6060-6061%2C6144-6146%2C6149%2C6151-6153%2C6169%2C6185-6187%2C6196%2C6202-6203%2C6205%2C6208%2C6225-6226%2C6229%2C6231%2C6236%2C6238%0A/trunk/qmmp/src/plugins/Ui/skinned:5223%2C6018-6019%2C6022
r6241
  +dir_prop: branches/qmmp-1.1 svn:mergeinfo /branches/qmmp-0.9:5574%0A/trunk/qmmp:5275%2C5282-5283%2C5296-5300%2C5304-5305%2C5310%2C5315-5316%2C5331%2C5333%2C5337%2C5353%2C5367-5379%2C5385-5386%2C5391%2C5420%2C5424-5426%2C5428%2C5442-5444%2C5469%2C5471%2C5476%2C5481%2C5494%2C5497%2C5508-5509%2C5512%2C5517%2C5521%2C5525%2C5538%2C5550%2C5553%2C5556%2C5570%2C5578%2C5605%2C5612%2C5618%2C5621%2C5642%2C5672%2C5677%2C5696%2C5700%2C5702-5703%2C5721-5722%2C5729%2C5740-5746%2C5752%2C5759%2C5778%2C5789%2C5792-5793%2C5797%2C5810%2C5815%2C5824%2C5828%2C5865-5866%2C5876%2C5917%2C5919-5920%2C5928%2C5934%2C5936%2C5949%2C5956-5958%2C5970%2C5972%2C5974%2C5976%2C5978%2C5980%2C5985-5986%2C5991%2C5999%2C6008%2C6014%2C6018-6019%2C6022%2C6026-6027%2C6031-6037%2C6047%2C6059-6061%2C6065%2C6075%2C6080%2C6085%2C6112%2C6115%2C6117%2C6119-6124%2C6126%2C6130-6131%2C6135%2C6139-6146%2C6149%2C6151-6153%2C6163%2C6167%2C6169%2C6177%2C6179%2C6185-6187%2C6196%2C6200%2C6202-6203%2C6205%2C6208%2C6215%2C6225-6226%2C6229%2C6231%2C6235-6236%2C6238%2C6240
  +dir_prop: branches/qmmp-1.1/src/plugins/Ui/qsui svn:mergeinfo /trunk/qmmp/src/plugins/Ui/qsui:5275%2C5282-5283%2C5296-5300%2C5304-5305%2C5310%2C5315-5316%2C5331%2C5333%2C5337%2C5353%2C5367-5379%2C5386%2C5428%2C5508-5509%2C5512%2C5696%2C5700%2C5789%2C5792-5793%2C5829-5905%2C5934%2C6026-6027%2C6060-6061%2C6144-6146%2C6149%2C6151-6153%2C6169%2C6185-6187%2C6196%2C6202-6203%2C6205%2C6208%2C6225-6226%2C6229%2C6231%2C6236%2C6238%2C6240%0A/trunk/qmmp/src/plugins/Ui/skinned:5223%2C6018-6019%2C6022
r6243
  +dir_prop: branches/qmmp-1.1 svn:mergeinfo /branches/qmmp-0.9:5574%0A/trunk/qmmp:5275%2C5282-5283%2C5296-5300%2C5304-5305%2C5310%2C5315-5316%2C5331%2C5333%2C5337%2C5353%2C5367-5379%2C5385-5386%2C5391%2C5420%2C5424-5426%2C5428%2C5442-5444%2C5469%2C5471%2C5476%2C5481%2C5494%2C5497%2C5508-5509%2C5512%2C5517%2C5521%2C5525%2C5538%2C5550%2C5553%2C5556%2C5570%2C5578%2C5605%2C5612%2C5618%2C5621%2C5642%2C5672%2C5677%2C5696%2C5700%2C5702-5703%2C5721-5722%2C5729%2C5740-5746%2C5752%2C5759%2C5778%2C5789%2C5792-5793%2C5797%2C5810%2C5815%2C5824%2C5828%2C5865-5866%2C5876%2C5917%2C5919-5920%2C5928%2C5934%2C5936%2C5949%2C5956-5958%2C5970%2C5972%2C5974%2C5976%2C5978%2C5980%2C5985-5986%2C5991%2C5999%2C6008%2C6014%2C6018-6019%2C6022%2C6026-6027%2C6031-6037%2C6047%2C6059-6061%2C6065%2C6075%2C6080%2C6085%2C6112%2C6115%2C6117%2C6119-6124%2C6126%2C6130-6131%2C6135%2C6139-6146%2C6149%2C6151-6153%2C6163%2C6167%2C6169%2C6177%2C6179%2C6185-6187%2C6196%2C6200%2C6202-6203%2C6205%2C6208%2C6215%2C6225-6226%2C6229%2C6231%2C6235-6236%2C6238%2C6240%2C6242
r6245
  +dir_prop: branches/qmmp-1.1 svn:mergeinfo /branches/qmmp-0.9:5574%0A/trunk/qmmp:5275%2C5282-5283%2C5296-5300%2C5304-5305%2C5310%2C5315-5316%2C5331%2C5333%2C5337%2C5353%2C5367-5379%2C5385-5386%2C5391%2C5420%2C5424-5426%2C5428%2C5442-5444%2C5469%2C5471%2C5476%2C5481%2C5494%2C5497%2C5508-5509%2C5512%2C5517%2C5521%2C5525%2C5538%2C5550%2C5553%2C5556%2C5570%2C5578%2C5605%2C5612%2C5618%2C5621%2C5642%2C5672%2C5677%2C5696%2C5700%2C5702-5703%2C5721-5722%2C5729%2C5740-5746%2C5752%2C5759%2C5778%2C5789%2C5792-5793%2C5797%2C5810%2C5815%2C5824%2C5828%2C5865-5866%2C5876%2C5917%2C5919-5920%2C5928%2C5934%2C5936%2C5949%2C5956-5958%2C5970%2C5972%2C5974%2C5976%2C5978%2C5980%2C5985-5986%2C5991%2C5999%2C6008%2C6014%2C6018-6019%2C6022%2C6026-6027%2C6031-6037%2C6047%2C6059-6061%2C6065%2C6075%2C6080%2C6085%2C6112%2C6115%2C6117%2C6119-6124%2C6126%2C6130-6131%2C6135%2C6139-6146%2C6149%2C6151-6153%2C6163%2C6167%2C6169%2C6177%2C6179%2C6185-6187%2C6196%2C6200%2C6202-6203%2C6205%2C6208%2C6215%2C6225-6226%2C6229%2C6231%2C6235-6236%2C6238%2C6240%2C6242%2C6244
r6247
  +dir_prop: branches/qmmp-1.1 svn:mergeinfo /branches/qmmp-0.9:5574%0A/trunk/qmmp:5275%2C5282-5283%2C5296-5300%2C5304-5305%2C5310%2C5315-5316%2C5331%2C5333%2C5337%2C5353%2C5367-5379%2C5385-5386%2C5391%2C5420%2C5424-5426%2C5428%2C5442-5444%2C5469%2C5471%2C5476%2C5481%2C5494%2C5497%2C5508-5509%2C5512%2C5517%2C5521%2C5525%2C5538%2C5550%2C5553%2C5556%2C5570%2C5578%2C5605%2C5612%2C5618%2C5621%2C5642%2C5672%2C5677%2C5696%2C5700%2C5702-5703%2C5721-5722%2C5729%2C5740-5746%2C5752%2C5759%2C5778%2C5789%2C5792-5793%2C5797%2C5810%2C5815%2C5824%2C5828%2C5865-5866%2C5876%2C5917%2C5919-5920%2C5928%2C5934%2C5936%2C5949%2C5956-5958%2C5970%2C5972%2C5974%2C5976%2C5978%2C5980%2C5985-5986%2C5991%2C5999%2C6008%2C6014%2C6018-6019%2C6022%2C6026-6027%2C6031-6037%2C6047%2C6059-6061%2C6065%2C6075%2C6080%2C6085%2C6112%2C6115%2C6117%2C6119-6124%2C6126%2C6130-6131%2C6135%2C6139-6146%2C6149%2C6151-6153%2C6163%2C6167%2C6169%2C6177%2C6179%2C6185-6187%2C6196%2C6200%2C6202-6203%2C6205%2C6208%2C6215%2C6225-6226%2C6229%2C6231%2C6235-6236%2C6238%2C6240%2C6242%2C6244%2C6246
r6251
  +dir_prop: branches/qmmp-1.1 svn:mergeinfo /branches/qmmp-0.9:5574%0A/trunk/qmmp:5275%2C5282-5283%2C5296-5300%2C5304-5305%2C5310%2C5315-5316%2C5331%2C5333%2C5337%2C5353%2C5367-5379%2C5385-5386%2C5391%2C5420%2C5424-5426%2C5428%2C5442-5444%2C5469%2C5471%2C5476%2C5481%2C5494%2C5497%2C5508-5509%2C5512%2C5517%2C5521%2C5525%2C5538%2C5550%2C5553%2C5556%2C5570%2C5578%2C5605%2C5612%2C5618%2C5621%2C5642%2C5672%2C5677%2C5696%2C5700%2C5702-5703%2C5721-5722%2C5729%2C5740-5746%2C5752%2C5759%2C5778%2C5789%2C5792-5793%2C5797%2C5810%2C5815%2C5824%2C5828%2C5865-5866%2C5876%2C5917%2C5919-5920%2C5928%2C5934%2C5936%2C5949%2C5956-5958%2C5970%2C5972%2C5974%2C5976%2C5978%2C5980%2C5985-5986%2C5991%2C5999%2C6008%2C6014%2C6018-6019%2C6022%2C6026-6027%2C6031-6037%2C6047%2C6059-6061%2C6065%2C6075%2C6080%2C6085%2C6112%2C6115%2C6117%2C6119-6124%2C6126%2C6130-6131%2C6135%2C6139-6146%2C6149%2C6151-6153%2C6163%2C6167%2C6169%2C6177%2C6179%2C6185-6187%2C6196%2C6200%2C6202-6203%2C6205%2C6208%2C6215%2C6225-6226%2C6229%2C6231%2C6235-6236%2C6238%2C6240%2C6242%2C6244%2C6246%2C6250
r6255
  +dir_prop: branches/qmmp-1.1 svn:mergeinfo /branches/qmmp-0.9:5574%0A/trunk/qmmp:5275%2C5282-5283%2C5296-5300%2C5304-5305%2C5310%2C5315-5316%2C5331%2C5333%2C5337%2C5353%2C5367-5379%2C5385-5386%2C5391%2C5420%2C5424-5426%2C5428%2C5442-5444%2C5469%2C5471%2C5476%2C5481%2C5494%2C5497%2C5508-5509%2C5512%2C5517%2C5521%2C5525%2C5538%2C5550%2C5553%2C5556%2C5570%2C5578%2C5605%2C5612%2C5618%2C5621%2C5642%2C5672%2C5677%2C5696%2C5700%2C5702-5703%2C5721-5722%2C5729%2C5740-5746%2C5752%2C5759%2C5778%2C5789%2C5792-5793%2C5797%2C5810%2C5815%2C5824%2C5828%2C5865-5866%2C5876%2C5917%2C5919-5920%2C5928%2C5934%2C5936%2C5949%2C5956-5958%2C5970%2C5972%2C5974%2C5976%2C5978%2C5980%2C5985-5986%2C5991%2C5999%2C6008%2C6014%2C6018-6019%2C6022%2C6026-6027%2C6031-6037%2C6047%2C6059-6061%2C6065%2C6075%2C6080%2C6085%2C6112%2C6115%2C6117%2C6119-6124%2C6126%2C6130-6131%2C6135%2C6139-6146%2C6149%2C6151-6153%2C6163%2C6167%2C6169%2C6177%2C6179%2C6185-6187%2C6196%2C6200%2C6202-6203%2C6205%2C6208%2C6215%2C6225-6226%2C6229%2C6231%2C6235-6236%2C6238%2C6240%2C6242%2C6244%2C6246%2C6250%2C6254
r6281
r6282
r6283
r6284
r6291
r6320
  +dir_prop: branches/qmmp-1.1 svn:mergeinfo /branches/qmmp-0.9:5574%0A/trunk/qmmp:5275%2C5282-5283%2C5296-5300%2C5304-5305%2C5310%2C5315-5316%2C5331%2C5333%2C5337%2C5353%2C5367-5379%2C5385-5386%2C5391%2C5420%2C5424-5426%2C5428%2C5442-5444%2C5469%2C5471%2C5476%2C5481%2C5494%2C5497%2C5508-5509%2C5512%2C5517%2C5521%2C5525%2C5538%2C5550%2C5553%2C5556%2C5570%2C5578%2C5605%2C5612%2C5618%2C5621%2C5642%2C5672%2C5677%2C5696%2C5700%2C5702-5703%2C5721-5722%2C5729%2C5740-5746%2C5752%2C5759%2C5778%2C5789%2C5792-5793%2C5797%2C5810%2C5815%2C5824%2C5828%2C5865-5866%2C5876%2C5917%2C5919-5920%2C5928%2C5934%2C5936%2C5949%2C5956-5958%2C5970%2C5972%2C5974%2C5976%2C5978%2C5980%2C5985-5986%2C5991%2C5999%2C6008%2C6014%2C6018-6019%2C6022%2C6026-6027%2C6031-6037%2C6047%2C6059-6061%2C6065%2C6075%2C6080%2C6085%2C6112%2C6115%2C6117%2C6119-6124%2C6126%2C6130-6131%2C6135%2C6139-6146%2C6149%2C6151-6153%2C6163%2C6167%2C6169%2C6177%2C6179%2C6185-6187%2C6196%2C6200%2C6202-6203%2C6205%2C6208%2C6215%2C6225-6226%2C6229%2C6231%2C6235-6236%2C6238%2C6240%2C6242%2C6244%2C6246%2C6250%2C6254%2C6319
r6326
  +dir_prop: branches/qmmp-1.1 svn:mergeinfo /branches/qmmp-0.9:5574%0A/trunk/qmmp:5275%2C5282-5283%2C5296-5300%2C5304-5305%2C5310%2C5315-5316%2C5331%2C5333%2C5337%2C5353%2C5367-5379%2C5385-5386%2C5391%2C5420%2C5424-5426%2C5428%2C5442-5444%2C5469%2C5471%2C5476%2C5481%2C5494%2C5497%2C5508-5509%2C5512%2C5517%2C5521%2C5525%2C5538%2C5550%2C5553%2C5556%2C5570%2C5578%2C5605%2C5612%2C5618%2C5621%2C5642%2C5672%2C5677%2C5696%2C5700%2C5702-5703%2C5721-5722%2C5729%2C5740-5746%2C5752%2C5759%2C5778%2C5789%2C5792-5793%2C5797%2C5810%2C5815%2C5824%2C5828%2C5865-5866%2C5876%2C5917%2C5919-5920%2C5928%2C5934%2C5936%2C5949%2C5956-5958%2C5970%2C5972%2C5974%2C5976%2C5978%2C5980%2C5985-5986%2C5991%2C5999%2C6008%2C6014%2C6018-6019%2C6022%2C6026-6027%2C6031-6037%2C6047%2C6059-6061%2C6065%2C6075%2C6080%2C6085%2C6112%2C6115%2C6117%2C6119-6124%2C6126%2C6130-6131%2C6135%2C6139-6146%2C6149%2C6151-6153%2C6163%2C6167%2C6169%2C6177%2C6179%2C6185-6187%2C6196%2C6200%2C6202-6203%2C6205%2C6208%2C6215%2C6225-6226%2C6229%2C6231%2C6235-6236%2C6238%2C6240%2C6242%2C6244%2C6246%2C6250%2C6254%2C6319%2C6324
r6328
  +dir_prop: branches/qmmp-1.1 svn:mergeinfo /branches/qmmp-0.9:5574%0A/trunk/qmmp:5275%2C5282-5283%2C5296-5300%2C5304-5305%2C5310%2C5315-5316%2C5331%2C5333%2C5337%2C5353%2C5367-5379%2C5385-5386%2C5391%2C5420%2C5424-5426%2C5428%2C5442-5444%2C5469%2C5471%2C5476%2C5481%2C5494%2C5497%2C5508-5509%2C5512%2C5517%2C5521%2C5525%2C5538%2C5550%2C5553%2C5556%2C5570%2C5578%2C5605%2C5612%2C5618%2C5621%2C5642%2C5672%2C5677%2C5696%2C5700%2C5702-5703%2C5721-5722%2C5729%2C5740-5746%2C5752%2C5759%2C5778%2C5789%2C5792-5793%2C5797%2C5810%2C5815%2C5824%2C5828%2C5865-5866%2C5876%2C5917%2C5919-5920%2C5928%2C5934%2C5936%2C5949%2C5956-5958%2C5970%2C5972%2C5974%2C5976%2C5978%2C5980%2C5985-5986%2C5991%2C5999%2C6008%2C6014%2C6018-6019%2C6022%2C6026-6027%2C6031-6037%2C6047%2C6059-6061%2C6065%2C6075%2C6080%2C6085%2C6112%2C6115%2C6117%2C6119-6124%2C6126%2C6130-6131%2C6135%2C6139-6146%2C6149%2C6151-6153%2C6163%2C6167%2C6169%2C6177%2C6179%2C6185-6187%2C6196%2C6200%2C6202-6203%2C6205%2C6208%2C6215%2C6225-6226%2C6229%2C6231%2C6235-6236%2C6238%2C6240%2C6242%2C6244%2C6246%2C6250%2C6254%2C6319%2C6324%2C6327
  +dir_prop: branches/qmmp-1.1/src/plugins/Ui/qsui svn:mergeinfo /trunk/qmmp/src/plugins/Ui/qsui:5275%2C5282-5283%2C5296-5300%2C5304-5305%2C5310%2C5315-5316%2C5331%2C5333%2C5337%2C5353%2C5367-5379%2C5386%2C5428%2C5508-5509%2C5512%2C5696%2C5700%2C5789%2C5792-5793%2C5829-5905%2C5934%2C6026-6027%2C6060-6061%2C6144-6146%2C6149%2C6151-6153%2C6169%2C6185-6187%2C6196%2C6202-6203%2C6205%2C6208%2C6225-6226%2C6229%2C6231%2C6236%2C6238%2C6240%2C6327%0A/trunk/qmmp/src/plugins/Ui/skinned:5223%2C6018-6019%2C6022
r6332
r6338
r6343
r6348
r6349
r6353
  +dir_prop: branches/qmmp-1.1 svn:mergeinfo /branches/qmmp-0.9:5574%0A/trunk/qmmp:5275%2C5282-5283%2C5296-5300%2C5304-5305%2C5310%2C5315-5316%2C5331%2C5333%2C5337%2C5353%2C5367-5379%2C5385-5386%2C5391%2C5420%2C5424-5426%2C5428%2C5442-5444%2C5469%2C5471%2C5476%2C5481%2C5494%2C5497%2C5508-5509%2C5512%2C5517%2C5521%2C5525%2C5538%2C5550%2C5553%2C5556%2C5570%2C5578%2C5605%2C5612%2C5618%2C5621%2C5642%2C5672%2C5677%2C5696%2C5700%2C5702-5703%2C5721-5722%2C5729%2C5740-5746%2C5752%2C5759%2C5778%2C5789%2C5792-5793%2C5797%2C5810%2C5815%2C5824%2C5828%2C5865-5866%2C5876%2C5917%2C5919-5920%2C5928%2C5934%2C5936%2C5949%2C5956-5958%2C5970%2C5972%2C5974%2C5976%2C5978%2C5980%2C5985-5986%2C5991%2C5999%2C6008%2C6014%2C6018-6019%2C6022%2C6026-6027%2C6031-6037%2C6047%2C6059-6061%2C6065%2C6075%2C6080%2C6085%2C6112%2C6115%2C6117%2C6119-6124%2C6126%2C6130-6131%2C6135%2C6139-6146%2C6149%2C6151-6153%2C6163%2C6167%2C6169%2C6177%2C6179%2C6185-6187%2C6196%2C6200%2C6202-6203%2C6205%2C6208%2C6215%2C6225-6226%2C6229%2C6231%2C6235-6236%2C6238%2C6240%2C6242%2C6244%2C6246%2C6250%2C6254%2C6319%2C6324%2C6327%2C6351-6352
r6355
  +dir_prop: branches/qmmp-1.1 svn:mergeinfo /branches/qmmp-0.9:5574%0A/trunk/qmmp:5275%2C5282-5283%2C5296-5300%2C5304-5305%2C5310%2C5315-5316%2C5331%2C5333%2C5337%2C5353%2C5367-5379%2C5385-5386%2C5391%2C5420%2C5424-5426%2C5428%2C5442-5444%2C5469%2C5471%2C5476%2C5481%2C5494%2C5497%2C5508-5509%2C5512%2C5517%2C5521%2C5525%2C5538%2C5550%2C5553%2C5556%2C5570%2C5578%2C5605%2C5612%2C5618%2C5621%2C5642%2C5672%2C5677%2C5696%2C5700%2C5702-5703%2C5721-5722%2C5729%2C5740-5746%2C5752%2C5759%2C5778%2C5789%2C5792-5793%2C5797%2C5810%2C5815%2C5824%2C5828%2C5865-5866%2C5876%2C5917%2C5919-5920%2C5928%2C5934%2C5936%2C5949%2C5956-5958%2C5970%2C5972%2C5974%2C5976%2C5978%2C5980%2C5985-5986%2C5991%2C5999%2C6008%2C6014%2C6018-6019%2C6022%2C6026-6027%2C6031-6037%2C6047%2C6059-6061%2C6065%2C6075%2C6080%2C6085%2C6112%2C6115%2C6117%2C6119-6124%2C6126%2C6130-6131%2C6135%2C6139-6146%2C6149%2C6151-6153%2C6163%2C6167%2C6169%2C6177%2C6179%2C6185-6187%2C6196%2C6200%2C6202-6203%2C6205%2C6208%2C6215%2C6225-6226%2C6229%2C6231%2C6235-6236%2C6238%2C6240%2C6242%2C6244%2C6246%2C6250%2C6254%2C6319%2C6324%2C6327%2C6351-6352%2C6354
r6357
  +dir_prop: branches/qmmp-1.1 svn:mergeinfo /branches/qmmp-0.9:5574%0A/trunk/qmmp:5275%2C5282-5283%2C5296-5300%2C5304-5305%2C5310%2C5315-5316%2C5331%2C5333%2C5337%2C5353%2C5367-5379%2C5385-5386%2C5391%2C5420%2C5424-5426%2C5428%2C5442-5444%2C5469%2C5471%2C5476%2C5481%2C5494%2C5497%2C5508-5509%2C5512%2C5517%2C5521%2C5525%2C5538%2C5550%2C5553%2C5556%2C5570%2C5578%2C5605%2C5612%2C5618%2C5621%2C5642%2C5672%2C5677%2C5696%2C5700%2C5702-5703%2C5721-5722%2C5729%2C5740-5746%2C5752%2C5759%2C5778%2C5789%2C5792-5793%2C5797%2C5810%2C5815%2C5824%2C5828%2C5865-5866%2C5876%2C5917%2C5919-5920%2C5928%2C5934%2C5936%2C5949%2C5956-5958%2C5970%2C5972%2C5974%2C5976%2C5978%2C5980%2C5985-5986%2C5991%2C5999%2C6008%2C6014%2C6018-6019%2C6022%2C6026-6027%2C6031-6037%2C6047%2C6059-6061%2C6065%2C6075%2C6080%2C6085%2C6112%2C6115%2C6117%2C6119-6124%2C6126%2C6130-6131%2C6135%2C6139-6146%2C6149%2C6151-6153%2C6163%2C6167%2C6169%2C6177%2C6179%2C6185-6187%2C6196%2C6200%2C6202-6203%2C6205%2C6208%2C6215%2C6225-6226%2C6229%2C6231%2C6235-6236%2C6238%2C6240%2C6242%2C6244%2C6246%2C6250%2C6254%2C6319%2C6324%2C6327%2C6351-6352%2C6354%2C6356
r6358
  +dir_prop: branches/qmmp-1.1 svn:mergeinfo /branches/qmmp-0.9:5574%0A/trunk/qmmp:5275%2C5282-5283%2C5296-5300%2C5304-5305%2C5310%2C5315-5316%2C5331%2C5333%2C5337%2C5353%2C5367-5379%2C5385-5386%2C5391%2C5420%2C5424-5426%2C5428%2C5442-5444%2C5469%2C5471%2C5476%2C5481%2C5494%2C5497%2C5508-5509%2C5512%2C5517%2C5521%2C5525%2C5538%2C5550%2C5553%2C5556%2C5570%2C5578%2C5605%2C5612%2C5618%2C5621%2C5642%2C5672%2C5677%2C5696%2C5700%2C5702-5703%2C5721-5722%2C5729%2C5740-5746%2C5752%2C5759%2C5778%2C5789%2C5792-5793%2C5797%2C5810%2C5815%2C5824%2C5828%2C5865-5866%2C5876%2C5917%2C5919-5920%2C5928%2C5934%2C5936%2C5949%2C5956-5958%2C5970%2C5972%2C5974%2C5976%2C5978%2C5980%2C5985-5986%2C5991%2C5999%2C6008%2C6014%2C6018-6019%2C6022%2C6026-6027%2C6031-6037%2C6047%2C6059-6061%2C6065%2C6075%2C6080%2C6085%2C6112%2C6115%2C6117%2C6119-6124%2C6126%2C6130-6131%2C6135%2C6139-6146%2C6149%2C6151-6153%2C6163%2C6167%2C6169%2C6177%2C6179%2C6185-6187%2C6196%2C6200%2C6202-6203%2C6205%2C6208%2C6215%2C6225-6226%2C6229%2C6231%2C6235-6236%2C6238%2C6240%2C6242%2C6244%2C6246%2C6250%2C6254%2C6319%2C6324%2C6327%2C6351-6352%2C6354%2C6356-6357
r6360
  +dir_prop: branches/qmmp-1.1 svn:mergeinfo /branches/qmmp-0.9:5574%0A/trunk/qmmp:5275%2C5282-5283%2C5296-5300%2C5304-5305%2C5310%2C5315-5316%2C5331%2C5333%2C5337%2C5353%2C5367-5379%2C5385-5386%2C5391%2C5420%2C5424-5426%2C5428%2C5442-5444%2C5469%2C5471%2C5476%2C5481%2C5494%2C5497%2C5508-5509%2C5512%2C5517%2C5521%2C5525%2C5538%2C5550%2C5553%2C5556%2C5570%2C5578%2C5605%2C5612%2C5618%2C5621%2C5642%2C5672%2C5677%2C5696%2C5700%2C5702-5703%2C5721-5722%2C5729%2C5740-5746%2C5752%2C5759%2C5778%2C5789%2C5792-5793%2C5797%2C5810%2C5815%2C5824%2C5828%2C5865-5866%2C5876%2C5917%2C5919-5920%2C5928%2C5934%2C5936%2C5949%2C5956-5958%2C5970%2C5972%2C5974%2C5976%2C5978%2C5980%2C5985-5986%2C5991%2C5999%2C6008%2C6014%2C6018-6019%2C6022%2C6026-6027%2C6031-6037%2C6047%2C6059-6061%2C6065%2C6075%2C6080%2C6085%2C6112%2C6115%2C6117%2C6119-6124%2C6126%2C6130-6131%2C6135%2C6139-6146%2C6149%2C6151-6153%2C6163%2C6167%2C6169%2C6177%2C6179%2C6185-6187%2C6196%2C6200%2C6202-6203%2C6205%2C6208%2C6215%2C6225-6226%2C6229%2C6231%2C6235-6236%2C6238%2C6240%2C6242%2C6244%2C6246%2C6250%2C6254%2C6319%2C6324%2C6327%2C6351-6352%2C6354%2C6356-6357%2C6359
r6362
  +dir_prop: branches/qmmp-1.1 svn:mergeinfo /branches/qmmp-0.9:5574%0A/trunk/qmmp:5275%2C5282-5283%2C5296-5300%2C5304-5305%2C5310%2C5315-5316%2C5331%2C5333%2C5337%2C5353%2C5367-5379%2C5385-5386%2C5391%2C5420%2C5424-5426%2C5428%2C5442-5444%2C5469%2C5471%2C5476%2C5481%2C5494%2C5497%2C5508-5509%2C5512%2C5517%2C5521%2C5525%2C5538%2C5550%2C5553%2C5556%2C5570%2C5578%2C5605%2C5612%2C5618%2C5621%2C5642%2C5672%2C5677%2C5696%2C5700%2C5702-5703%2C5721-5722%2C5729%2C5740-5746%2C5752%2C5759%2C5778%2C5789%2C5792-5793%2C5797%2C5810%2C5815%2C5824%2C5828%2C5865-5866%2C5876%2C5917%2C5919-5920%2C5928%2C5934%2C5936%2C5949%2C5956-5958%2C5970%2C5972%2C5974%2C5976%2C5978%2C5980%2C5985-5986%2C5991%2C5999%2C6008%2C6014%2C6018-6019%2C6022%2C6026-6027%2C6031-6037%2C6047%2C6059-6061%2C6065%2C6075%2C6080%2C6085%2C6112%2C6115%2C6117%2C6119-6124%2C6126%2C6130-6131%2C6135%2C6139-6146%2C6149%2C6151-6153%2C6163%2C6167%2C6169%2C6177%2C6179%2C6185-6187%2C6196%2C6200%2C6202-6203%2C6205%2C6208%2C6215%2C6225-6226%2C6229%2C6231%2C6235-6236%2C6238%2C6240%2C6242%2C6244%2C6246%2C6250%2C6254%2C6319%2C6324%2C6327%2C6351-6352%2C6354%2C6356-6357%2C6359%2C6361
r6367
  +dir_prop: branches/qmmp-1.1 svn:mergeinfo /branches/qmmp-0.9:5574%0A/trunk/qmmp:5275%2C5282-5283%2C5296-5300%2C5304-5305%2C5310%2C5315-5316%2C5331%2C5333%2C5337%2C5353%2C5367-5379%2C5385-5386%2C5391%2C5420%2C5424-5426%2C5428%2C5442-5444%2C5469%2C5471%2C5476%2C5481%2C5494%2C5497%2C5508-5509%2C5512%2C5517%2C5521%2C5525%2C5538%2C5550%2C5553%2C5556%2C5570%2C5578%2C5605%2C5612%2C5618%2C5621%2C5642%2C5672%2C5677%2C5696%2C5700%2C5702-5703%2C5721-5722%2C5729%2C5740-5746%2C5752%2C5759%2C5778%2C5789%2C5792-5793%2C5797%2C5810%2C5815%2C5824%2C5828%2C5865-5866%2C5876%2C5917%2C5919-5920%2C5928%2C5934%2C5936%2C5949%2C5956-5958%2C5970%2C5972%2C5974%2C5976%2C5978%2C5980%2C5985-5986%2C5991%2C5999%2C6008%2C6014%2C6018-6019%2C6022%2C6026-6027%2C6031-6037%2C6047%2C6059-6061%2C6065%2C6075%2C6080%2C6085%2C6112%2C6115%2C6117%2C6119-6124%2C6126%2C6130-6131%2C6135%2C6139-6146%2C6149%2C6151-6153%2C6163%2C6167%2C6169%2C6177%2C6179%2C6185-6187%2C6196%2C6200%2C6202-6203%2C6205%2C6208%2C6215%2C6225-6226%2C6229%2C6231%2C6235-6236%2C6238%2C6240%2C6242%2C6244%2C6246%2C6250%2C6254%2C6319%2C6324%2C6327%2C6351-6352%2C6354%2C6356-6357%2C6359%2C6361%2C6363-6366
r6368
r6373
  +dir_prop: branches/qmmp-1.1 svn:mergeinfo /branches/qmmp-0.9:5574%0A/trunk/qmmp:5275%2C5282-5283%2C5296-5300%2C5304-5305%2C5310%2C5315-5316%2C5331%2C5333%2C5337%2C5353%2C5367-5379%2C5385-5386%2C5391%2C5420%2C5424-5426%2C5428%2C5442-5444%2C5469%2C5471%2C5476%2C5481%2C5494%2C5497%2C5508-5509%2C5512%2C5517%2C5521%2C5525%2C5538%2C5550%2C5553%2C5556%2C5570%2C5578%2C5605%2C5612%2C5618%2C5621%2C5642%2C5672%2C5677%2C5696%2C5700%2C5702-5703%2C5721-5722%2C5729%2C5740-5746%2C5752%2C5759%2C5778%2C5789%2C5792-5793%2C5797%2C5810%2C5815%2C5824%2C5828%2C5865-5866%2C5876%2C5917%2C5919-5920%2C5928%2C5934%2C5936%2C5949%2C5956-5958%2C5970%2C5972%2C5974%2C5976%2C5978%2C5980%2C5985-5986%2C5991%2C5999%2C6008%2C6014%2C6018-6019%2C6022%2C6026-6027%2C6031-6037%2C6047%2C6059-6061%2C6065%2C6075%2C6080%2C6085%2C6112%2C6115%2C6117%2C6119-6124%2C6126%2C6130-6131%2C6135%2C6139-6146%2C6149%2C6151-6153%2C6163%2C6167%2C6169%2C6177%2C6179%2C6185-6187%2C6196%2C6200%2C6202-6203%2C6205%2C6208%2C6215%2C6225-6226%2C6229%2C6231%2C6235-6236%2C6238%2C6240%2C6242%2C6244%2C6246%2C6250%2C6254%2C6319%2C6324%2C6327%2C6351-6352%2C6354%2C6356-6357%2C6359%2C6361%2C6363-6366%2C6371
r6374
  +dir_prop: branches/qmmp-1.1 svn:mergeinfo /branches/qmmp-0.9:5574%0A/trunk/qmmp:5275%2C5282-5283%2C5296-5300%2C5304-5305%2C5310%2C5315-5316%2C5331%2C5333%2C5337%2C5353%2C5367-5379%2C5385-5386%2C5391%2C5420%2C5424-5426%2C5428%2C5442-5444%2C5469%2C5471%2C5476%2C5481%2C5494%2C5497%2C5508-5509%2C5512%2C5517%2C5521%2C5525%2C5538%2C5550%2C5553%2C5556%2C5570%2C5578%2C5605%2C5612%2C5618%2C5621%2C5642%2C5672%2C5677%2C5696%2C5700%2C5702-5703%2C5721-5722%2C5729%2C5740-5746%2C5752%2C5759%2C5778%2C5789%2C5792-5793%2C5797%2C5810%2C5815%2C5824%2C5828%2C5865-5866%2C5876%2C5917%2C5919-5920%2C5928%2C5934%2C5936%2C5949%2C5956-5958%2C5970%2C5972%2C5974%2C5976%2C5978%2C5980%2C5985-5986%2C5991%2C5999%2C6008%2C6014%2C6018-6019%2C6022%2C6026-6027%2C6031-6037%2C6047%2C6059-6061%2C6065%2C6075%2C6080%2C6085%2C6112%2C6115%2C6117%2C6119-6124%2C6126%2C6130-6131%2C6135%2C6139-6146%2C6149%2C6151-6153%2C6163%2C6167%2C6169%2C6177%2C6179%2C6185-6187%2C6196%2C6200%2C6202-6203%2C6205%2C6208%2C6215%2C6225-6226%2C6229%2C6231%2C6235-6236%2C6238%2C6240%2C6242%2C6244%2C6246%2C6250%2C6254%2C6319%2C6324%2C6327%2C6351-6352%2C6354%2C6356-6357%2C6359%2C6361%2C6363-6366%2C6371-6372
r6375
  +dir_prop: branches/qmmp-1.1 svn:mergeinfo /branches/qmmp-0.9:5574%0A/trunk/qmmp:5275%2C5282-5283%2C5296-5300%2C5304-5305%2C5310%2C5315-5316%2C5331%2C5333%2C5337%2C5353%2C5367-5379%2C5385-5386%2C5391%2C5420%2C5424-5426%2C5428%2C5442-5444%2C5469%2C5471%2C5476%2C5481%2C5494%2C5497%2C5508-5509%2C5512%2C5517%2C5521%2C5525%2C5538%2C5550%2C5553%2C5556%2C5570%2C5578%2C5605%2C5612%2C5618%2C5621%2C5642%2C5672%2C5677%2C5696%2C5700%2C5702-5703%2C5721-5722%2C5729%2C5740-5746%2C5752%2C5759%2C5778%2C5789%2C5792-5793%2C5797%2C5810%2C5815%2C5824%2C5828%2C5865-5866%2C5876%2C5917%2C5919-5920%2C5928%2C5934%2C5936%2C5949%2C5956-5958%2C5970%2C5972%2C5974%2C5976%2C5978%2C5980%2C5985-5986%2C5991%2C5999%2C6008%2C6014%2C6018-6019%2C6022%2C6026-6027%2C6031-6037%2C6047%2C6059-6061%2C6065%2C6075%2C6080%2C6085%2C6112%2C6115%2C6117%2C6119-6124%2C6126%2C6130-6131%2C6135%2C6139-6146%2C6149%2C6151-6153%2C6163%2C6167%2C6169%2C6177%2C6179%2C6185-6187%2C6196%2C6200%2C6202-6203%2C6205%2C6208%2C6215%2C6225-6226%2C6229%2C6231%2C6235-6236%2C6238%2C6240%2C6242%2C6244%2C6246%2C6250%2C6254%2C6319%2C6324%2C6327%2C6351-6352%2C6354%2C6356-6357%2C6359%2C6361%2C6363-6366%2C6370-6372
r6376
r6379
  +dir_prop: branches/qmmp-1.1 svn:mergeinfo /branches/qmmp-0.9:5574%0A/trunk/qmmp:5275%2C5282-5283%2C5296-5300%2C5304-5305%2C5310%2C5315-5316%2C5331%2C5333%2C5337%2C5353%2C5367-5379%2C5385-5386%2C5391%2C5420%2C5424-5426%2C5428%2C5442-5444%2C5469%2C5471%2C5476%2C5481%2C5494%2C5497%2C5508-5509%2C5512%2C5517%2C5521%2C5525%2C5538%2C5550%2C5553%2C5556%2C5570%2C5578%2C5605%2C5612%2C5618%2C5621%2C5642%2C5672%2C5677%2C5696%2C5700%2C5702-5703%2C5721-5722%2C5729%2C5740-5746%2C5752%2C5759%2C5778%2C5789%2C5792-5793%2C5797%2C5810%2C5815%2C5824%2C5828%2C5865-5866%2C5876%2C5917%2C5919-5920%2C5928%2C5934%2C5936%2C5949%2C5956-5958%2C5970%2C5972%2C5974%2C5976%2C5978%2C5980%2C5985-5986%2C5991%2C5999%2C6008%2C6014%2C6018-6019%2C6022%2C6026-6027%2C6031-6037%2C6047%2C6059-6061%2C6065%2C6075%2C6080%2C6085%2C6112%2C6115%2C6117%2C6119-6124%2C6126%2C6130-6131%2C6135%2C6139-6146%2C6149%2C6151-6153%2C6163%2C6167%2C6169%2C6177%2C6179%2C6185-6187%2C6196%2C6200%2C6202-6203%2C6205%2C6208%2C6215%2C6225-6226%2C6229%2C6231%2C6235-6236%2C6238%2C6240%2C6242%2C6244%2C6246%2C6250%2C6254%2C6319%2C6324%2C6327%2C6351-6352%2C6354%2C6356-6357%2C6359%2C6361%2C6363-6366%2C6370-6372%2C6378
r6387
  +dir_prop: branches/qmmp-1.1 svn:mergeinfo /branches/qmmp-0.9:5574%0A/trunk/qmmp:5275%2C5282-5283%2C5296-5300%2C5304-5305%2C5310%2C5315-5316%2C5331%2C5333%2C5337%2C5353%2C5367-5379%2C5385-5386%2C5391%2C5420%2C5424-5426%2C5428%2C5442-5444%2C5469%2C5471%2C5476%2C5481%2C5494%2C5497%2C5508-5509%2C5512%2C5517%2C5521%2C5525%2C5538%2C5550%2C5553%2C5556%2C5570%2C5578%2C5605%2C5612%2C5618%2C5621%2C5642%2C5672%2C5677%2C5696%2C5700%2C5702-5703%2C5721-5722%2C5729%2C5740-5746%2C5752%2C5759%2C5778%2C5789%2C5792-5793%2C5797%2C5810%2C5815%2C5824%2C5828%2C5865-5866%2C5876%2C5917%2C5919-5920%2C5928%2C5934%2C5936%2C5949%2C5956-5958%2C5970%2C5972%2C5974%2C5976%2C5978%2C5980%2C5985-5986%2C5991%2C5999%2C6008%2C6014%2C6018-6019%2C6022%2C6026-6027%2C6031-6037%2C6047%2C6059-6061%2C6065%2C6075%2C6080%2C6085%2C6112%2C6115%2C6117%2C6119-6124%2C6126%2C6130-6131%2C6135%2C6139-6146%2C6149%2C6151-6153%2C6163%2C6167%2C6169%2C6177%2C6179%2C6185-6187%2C6196%2C6200%2C6202-6203%2C6205%2C6208%2C6215%2C6225-6226%2C6229%2C6231%2C6235-6236%2C6238%2C6240%2C6242%2C6244%2C6246%2C6250%2C6254%2C6319%2C6324%2C6327%2C6351-6352%2C6354%2C6356-6357%2C6359%2C6361%2C6363-6366%2C6370-6372%2C6378%2C6386
r6389
  +dir_prop: branches/qmmp-1.1 svn:mergeinfo /branches/qmmp-0.9:5574%0A/trunk/qmmp:5275%2C5282-5283%2C5296-5300%2C5304-5305%2C5310%2C5315-5316%2C5331%2C5333%2C5337%2C5353%2C5367-5379%2C5385-5386%2C5391%2C5420%2C5424-5426%2C5428%2C5442-5444%2C5469%2C5471%2C5476%2C5481%2C5494%2C5497%2C5508-5509%2C5512%2C5517%2C5521%2C5525%2C5538%2C5550%2C5553%2C5556%2C5570%2C5578%2C5605%2C5612%2C5618%2C5621%2C5642%2C5672%2C5677%2C5696%2C5700%2C5702-5703%2C5721-5722%2C5729%2C5740-5746%2C5752%2C5759%2C5778%2C5789%2C5792-5793%2C5797%2C5810%2C5815%2C5824%2C5828%2C5865-5866%2C5876%2C5917%2C5919-5920%2C5928%2C5934%2C5936%2C5949%2C5956-5958%2C5970%2C5972%2C5974%2C5976%2C5978%2C5980%2C5985-5986%2C5991%2C5999%2C6008%2C6014%2C6018-6019%2C6022%2C6026-6027%2C6031-6037%2C6047%2C6059-6061%2C6065%2C6075%2C6080%2C6085%2C6112%2C6115%2C6117%2C6119-6124%2C6126%2C6130-6131%2C6135%2C6139-6146%2C6149%2C6151-6153%2C6163%2C6167%2C6169%2C6177%2C6179%2C6185-6187%2C6196%2C6200%2C6202-6203%2C6205%2C6208%2C6215%2C6225-6226%2C6229%2C6231%2C6235-6236%2C6238%2C6240%2C6242%2C6244%2C6246%2C6250%2C6254%2C6319%2C6324%2C6327%2C6351-6352%2C6354%2C6356-6357%2C6359%2C6361%2C6363-6366%2C6370-6372%2C6378%2C6386%2C6388
r6400
r6405
  +dir_prop: branches/qmmp-1.1 svn:mergeinfo /branches/qmmp-0.9:5574%0A/trunk/qmmp:5275%2C5282-5283%2C5296-5300%2C5304-5305%2C5310%2C5315-5316%2C5331%2C5333%2C5337%2C5353%2C5367-5379%2C5385-5386%2C5391%2C5420%2C5424-5426%2C5428%2C5442-5444%2C5469%2C5471%2C5476%2C5481%2C5494%2C5497%2C5508-5509%2C5512%2C5517%2C5521%2C5525%2C5538%2C5550%2C5553%2C5556%2C5570%2C5578%2C5605%2C5612%2C5618%2C5621%2C5642%2C5672%2C5677%2C5696%2C5700%2C5702-5703%2C5721-5722%2C5729%2C5740-5746%2C5752%2C5759%2C5778%2C5789%2C5792-5793%2C5797%2C5810%2C5815%2C5824%2C5828%2C5865-5866%2C5876%2C5917%2C5919-5920%2C5928%2C5934%2C5936%2C5949%2C5956-5958%2C5970%2C5972%2C5974%2C5976%2C5978%2C5980%2C5985-5986%2C5991%2C5999%2C6008%2C6014%2C6018-6019%2C6022%2C6026-6027%2C6031-6037%2C6047%2C6059-6061%2C6065%2C6075%2C6080%2C6085%2C6112%2C6115%2C6117%2C6119-6124%2C6126%2C6130-6131%2C6135%2C6139-6146%2C6149%2C6151-6153%2C6163%2C6167%2C6169%2C6177%2C6179%2C6185-6187%2C6196%2C6200%2C6202-6203%2C6205%2C6208%2C6215%2C6225-6226%2C6229%2C6231%2C6235-6236%2C6238%2C6240%2C6242%2C6244%2C6246%2C6250%2C6254%2C6319%2C6324%2C6327%2C6351-6352%2C6354%2C6356-6357%2C6359%2C6361%2C6363-6366%2C6370-6372%2C6378%2C6386%2C6388%2C6403
r6415
r6417
  -empty_dir: branches/qmmp-1.1/src/app/lxdesupport.cpp
  -empty_dir: branches/qmmp-1.1/src/app/lxdesupport.h
  -empty_dir: branches/qmmp-1.1/src/app/xfcesupport.cpp
  -empty_dir: branches/qmmp-1.1/src/app/xfcesupport.h
r6418
r6422
r6423
r6428
  +dir_prop: branches/qmmp-1.1 svn:mergeinfo /branches/qmmp-0.9:5574%0A/trunk/qmmp:5275%2C5282-5283%2C5296-5300%2C5304-5305%2C5310%2C5315-5316%2C5331%2C5333%2C5337%2C5353%2C5367-5379%2C5385-5386%2C5391%2C5420%2C5424-5426%2C5428%2C5442-5444%2C5469%2C5471%2C5476%2C5481%2C5494%2C5497%2C5508-5509%2C5512%2C5517%2C5521%2C5525%2C5538%2C5550%2C5553%2C5556%2C5570%2C5578%2C5605%2C5612%2C5618%2C5621%2C5642%2C5672%2C5677%2C5696%2C5700%2C5702-5703%2C5721-5722%2C5729%2C5740-5746%2C5752%2C5759%2C5778%2C5789%2C5792-5793%2C5797%2C5810%2C5815%2C5824%2C5828%2C5865-5866%2C5876%2C5917%2C5919-5920%2C5928%2C5934%2C5936%2C5949%2C5956-5958%2C5970%2C5972%2C5974%2C5976%2C5978%2C5980%2C5985-5986%2C5991%2C5999%2C6008%2C6014%2C6018-6019%2C6022%2C6026-6027%2C6031-6037%2C6047%2C6059-6061%2C6065%2C6075%2C6080%2C6085%2C6112%2C6115%2C6117%2C6119-6124%2C6126%2C6130-6131%2C6135%2C6139-6146%2C6149%2C6151-6153%2C6163%2C6167%2C6169%2C6177%2C6179%2C6185-6187%2C6196%2C6200%2C6202-6203%2C6205%2C6208%2C6215%2C6225-6226%2C6229%2C6231%2C6235-6236%2C6238%2C6240%2C6242%2C6244%2C6246%2C6250%2C6254%2C6319%2C6324%2C6327%2C6351-6352%2C6354%2C6356-6357%2C6359%2C6361%2C6363-6366%2C6370-6372%2C6378%2C6386%2C6388%2C6403%2C6426
r6430
  +dir_prop: branches/qmmp-1.1 svn:mergeinfo /branches/qmmp-0.9:5574%0A/trunk/qmmp:5275%2C5282-5283%2C5296-5300%2C5304-5305%2C5310%2C5315-5316%2C5331%2C5333%2C5337%2C5353%2C5367-5379%2C5385-5386%2C5391%2C5420%2C5424-5426%2C5428%2C5442-5444%2C5469%2C5471%2C5476%2C5481%2C5494%2C5497%2C5508-5509%2C5512%2C5517%2C5521%2C5525%2C5538%2C5550%2C5553%2C5556%2C5570%2C5578%2C5605%2C5612%2C5618%2C5621%2C5642%2C5672%2C5677%2C5696%2C5700%2C5702-5703%2C5721-5722%2C5729%2C5740-5746%2C5752%2C5759%2C5778%2C5789%2C5792-5793%2C5797%2C5810%2C5815%2C5824%2C5828%2C5865-5866%2C5876%2C5917%2C5919-5920%2C5928%2C5934%2C5936%2C5949%2C5956-5958%2C5970%2C5972%2C5974%2C5976%2C5978%2C5980%2C5985-5986%2C5991%2C5999%2C6008%2C6014%2C6018-6019%2C6022%2C6026-6027%2C6031-6037%2C6047%2C6059-6061%2C6065%2C6075%2C6080%2C6085%2C6112%2C6115%2C6117%2C6119-6124%2C6126%2C6130-6131%2C6135%2C6139-6146%2C6149%2C6151-6153%2C6163%2C6167%2C6169%2C6177%2C6179%2C6185-6187%2C6196%2C6200%2C6202-6203%2C6205%2C6208%2C6215%2C6225-6226%2C6229%2C6231%2C6235-6236%2C6238%2C6240%2C6242%2C6244%2C6246%2C6250%2C6254%2C6319%2C6324%2C6327%2C6351-6352%2C6354%2C6356-6357%2C6359%2C6361%2C6363-6366%2C6370-6372%2C6378%2C6386%2C6388%2C6403%2C6426%2C6429
r6432
  +dir_prop: branches/qmmp-1.1 svn:mergeinfo /branches/qmmp-0.9:5574%0A/trunk/qmmp:5275%2C5282-5283%2C5296-5300%2C5304-5305%2C5310%2C5315-5316%2C5331%2C5333%2C5337%2C5353%2C5367-5379%2C5385-5386%2C5391%2C5420%2C5424-5426%2C5428%2C5442-5444%2C5469%2C5471%2C5476%2C5481%2C5494%2C5497%2C5508-5509%2C5512%2C5517%2C5521%2C5525%2C5538%2C5550%2C5553%2C5556%2C5570%2C5578%2C5605%2C5612%2C5618%2C5621%2C5642%2C5672%2C5677%2C5696%2C5700%2C5702-5703%2C5721-5722%2C5729%2C5740-5746%2C5752%2C5759%2C5778%2C5789%2C5792-5793%2C5797%2C5810%2C5815%2C5824%2C5828%2C5865-5866%2C5876%2C5917%2C5919-5920%2C5928%2C5934%2C5936%2C5949%2C5956-5958%2C5970%2C5972%2C5974%2C5976%2C5978%2C5980%2C5985-5986%2C5991%2C5999%2C6008%2C6014%2C6018-6019%2C6022%2C6026-6027%2C6031-6037%2C6047%2C6059-6061%2C6065%2C6075%2C6080%2C6085%2C6112%2C6115%2C6117%2C6119-6124%2C6126%2C6130-6131%2C6135%2C6139-6146%2C6149%2C6151-6153%2C6163%2C6167%2C6169%2C6177%2C6179%2C6185-6187%2C6196%2C6200%2C6202-6203%2C6205%2C6208%2C6215%2C6225-6226%2C6229%2C6231%2C6235-6236%2C6238%2C6240%2C6242%2C6244%2C6246%2C6250%2C6254%2C6319%2C6324%2C6327%2C6351-6352%2C6354%2C6356-6357%2C6359%2C6361%2C6363-6366%2C6370-6372%2C6378%2C6386%2C6388%2C6403%2C6426%2C6429%2C6431
r6434
  +dir_prop: branches/qmmp-1.1 svn:mergeinfo /branches/qmmp-0.9:5574%0A/trunk/qmmp:5275%2C5282-5283%2C5296-5300%2C5304-5305%2C5310%2C5315-5316%2C5331%2C5333%2C5337%2C5353%2C5367-5379%2C5385-5386%2C5391%2C5420%2C5424-5426%2C5428%2C5442-5444%2C5469%2C5471%2C5476%2C5481%2C5494%2C5497%2C5508-5509%2C5512%2C5517%2C5521%2C5525%2C5538%2C5550%2C5553%2C5556%2C5570%2C5578%2C5605%2C5612%2C5618%2C5621%2C5642%2C5672%2C5677%2C5696%2C5700%2C5702-5703%2C5721-5722%2C5729%2C5740-5746%2C5752%2C5759%2C5778%2C5789%2C5792-5793%2C5797%2C5810%2C5815%2C5824%2C5828%2C5865-5866%2C5876%2C5917%2C5919-5920%2C5928%2C5934%2C5936%2C5949%2C5956-5958%2C5970%2C5972%2C5974%2C5976%2C5978%2C5980%2C5985-5986%2C5991%2C5999%2C6008%2C6014%2C6018-6019%2C6022%2C6026-6027%2C6031-6037%2C6047%2C6059-6061%2C6065%2C6075%2C6080%2C6085%2C6112%2C6115%2C6117%2C6119-6124%2C6126%2C6130-6131%2C6135%2C6139-6146%2C6149%2C6151-6153%2C6163%2C6167%2C6169%2C6177%2C6179%2C6185-6187%2C6196%2C6200%2C6202-6203%2C6205%2C6208%2C6215%2C6225-6226%2C6229%2C6231%2C6235-6236%2C6238%2C6240%2C6242%2C6244%2C6246%2C6250%2C6254%2C6319%2C6324%2C6327%2C6351-6352%2C6354%2C6356-6357%2C6359%2C6361%2C6363-6366%2C6370-6372%2C6378%2C6386%2C6388%2C6403%2C6426%2C6429%2C6431%2C6433
r6436
r6442
r6448
  +dir_prop: branches/qmmp-1.1 svn:mergeinfo /branches/qmmp-0.9:5574%0A/trunk/qmmp:5275%2C5282-5283%2C5296-5300%2C5304-5305%2C5310%2C5315-5316%2C5331%2C5333%2C5337%2C5353%2C5367-5379%2C5385-5386%2C5391%2C5420%2C5424-5426%2C5428%2C5442-5444%2C5469%2C5471%2C5476%2C5481%2C5494%2C5497%2C5508-5509%2C5512%2C5517%2C5521%2C5525%2C5538%2C5550%2C5553%2C5556%2C5570%2C5578%2C5605%2C5612%2C5618%2C5621%2C5642%2C5672%2C5677%2C5696%2C5700%2C5702-5703%2C5721-5722%2C5729%2C5740-5746%2C5752%2C5759%2C5778%2C5789%2C5792-5793%2C5797%2C5810%2C5815%2C5824%2C5828%2C5865-5866%2C5876%2C5917%2C5919-5920%2C5928%2C5934%2C5936%2C5949%2C5956-5958%2C5970%2C5972%2C5974%2C5976%2C5978%2C5980%2C5985-5986%2C5991%2C5999%2C6008%2C6014%2C6018-6019%2C6022%2C6026-6027%2C6031-6037%2C6047%2C6059-6061%2C6065%2C6075%2C6080%2C6085%2C6112%2C6115%2C6117%2C6119-6124%2C6126%2C6130-6131%2C6135%2C6139-6146%2C6149%2C6151-6153%2C6163%2C6167%2C6169%2C6177%2C6179%2C6185-6187%2C6196%2C6200%2C6202-6203%2C6205%2C6208%2C6215%2C6225-6226%2C6229%2C6231%2C6235-6236%2C6238%2C6240%2C6242%2C6244%2C6246%2C6250%2C6254%2C6319%2C6324%2C6327%2C6351-6352%2C6354%2C6356-6357%2C6359%2C6361%2C6363-6366%2C6370-6372%2C6378%2C6386%2C6388%2C6403%2C6426%2C6429%2C6431%2C6433%2C6447
r6452
  +dir_prop: branches/qmmp-1.1 svn:mergeinfo /branches/qmmp-0.9:5574%0A/trunk/qmmp:5275%2C5282-5283%2C5296-5300%2C5304-5305%2C5310%2C5315-5316%2C5331%2C5333%2C5337%2C5353%2C5367-5379%2C5385-5386%2C5391%2C5420%2C5424-5426%2C5428%2C5442-5444%2C5469%2C5471%2C5476%2C5481%2C5494%2C5497%2C5508-5509%2C5512%2C5517%2C5521%2C5525%2C5538%2C5550%2C5553%2C5556%2C5570%2C5578%2C5605%2C5612%2C5618%2C5621%2C5642%2C5672%2C5677%2C5696%2C5700%2C5702-5703%2C5721-5722%2C5729%2C5740-5746%2C5752%2C5759%2C5778%2C5789%2C5792-5793%2C5797%2C5810%2C5815%2C5824%2C5828%2C5865-5866%2C5876%2C5917%2C5919-5920%2C5928%2C5934%2C5936%2C5949%2C5956-5958%2C5970%2C5972%2C5974%2C5976%2C5978%2C5980%2C5985-5986%2C5991%2C5999%2C6008%2C6014%2C6018-6019%2C6022%2C6026-6027%2C6031-6037%2C6047%2C6059-6061%2C6065%2C6075%2C6080%2C6085%2C6112%2C6115%2C6117%2C6119-6124%2C6126%2C6130-6131%2C6135%2C6139-6146%2C6149%2C6151-6153%2C6163%2C6167%2C6169%2C6177%2C6179%2C6185-6187%2C6196%2C6200%2C6202-6203%2C6205%2C6208%2C6215%2C6225-6226%2C6229%2C6231%2C6235-6236%2C6238%2C6240%2C6242%2C6244%2C6246%2C6250%2C6254%2C6319%2C6324%2C6327%2C6351-6352%2C6354%2C6356-6357%2C6359%2C6361%2C6363-6366%2C6370-6372%2C6378%2C6386%2C6388%2C6403%2C6426%2C6429%2C6431%2C6433%2C6447%2C6451
r6454
  +dir_prop: branches/qmmp-1.1 svn:mergeinfo /branches/qmmp-0.9:5574%0A/trunk/qmmp:5275%2C5282-5283%2C5296-5300%2C5304-5305%2C5310%2C5315-5316%2C5331%2C5333%2C5337%2C5353%2C5367-5379%2C5385-5386%2C5391%2C5420%2C5424-5426%2C5428%2C5442-5444%2C5469%2C5471%2C5476%2C5481%2C5494%2C5497%2C5508-5509%2C5512%2C5517%2C5521%2C5525%2C5538%2C5550%2C5553%2C5556%2C5570%2C5578%2C5605%2C5612%2C5618%2C5621%2C5642%2C5672%2C5677%2C5696%2C5700%2C5702-5703%2C5721-5722%2C5729%2C5740-5746%2C5752%2C5759%2C5778%2C5789%2C5792-5793%2C5797%2C5810%2C5815%2C5824%2C5828%2C5865-5866%2C5876%2C5917%2C5919-5920%2C5928%2C5934%2C5936%2C5949%2C5956-5958%2C5970%2C5972%2C5974%2C5976%2C5978%2C5980%2C5985-5986%2C5991%2C5999%2C6008%2C6014%2C6018-6019%2C6022%2C6026-6027%2C6031-6037%2C6047%2C6059-6061%2C6065%2C6075%2C6080%2C6085%2C6112%2C6115%2C6117%2C6119-6124%2C6126%2C6130-6131%2C6135%2C6139-6146%2C6149%2C6151-6153%2C6163%2C6167%2C6169%2C6177%2C6179%2C6185-6187%2C6196%2C6200%2C6202-6203%2C6205%2C6208%2C6215%2C6225-6226%2C6229%2C6231%2C6235-6236%2C6238%2C6240%2C6242%2C6244%2C6246%2C6250%2C6254%2C6319%2C6324%2C6327%2C6351-6352%2C6354%2C6356-6357%2C6359%2C6361%2C6363-6366%2C6370-6372%2C6378%2C6386%2C6388%2C6403%2C6426%2C6429%2C6431%2C6433%2C6447%2C6451%2C6453
r6455
r6458
  +dir_prop: branches/qmmp-1.1 svn:mergeinfo /branches/qmmp-0.9:5574%0A/trunk/qmmp:5275%2C5282-5283%2C5296-5300%2C5304-5305%2C5310%2C5315-5316%2C5331%2C5333%2C5337%2C5353%2C5367-5379%2C5385-5386%2C5391%2C5420%2C5424-5426%2C5428%2C5442-5444%2C5469%2C5471%2C5476%2C5481%2C5494%2C5497%2C5508-5509%2C5512%2C5517%2C5521%2C5525%2C5538%2C5550%2C5553%2C5556%2C5570%2C5578%2C5605%2C5612%2C5618%2C5621%2C5642%2C5672%2C5677%2C5696%2C5700%2C5702-5703%2C5721-5722%2C5729%2C5740-5746%2C5752%2C5759%2C5778%2C5789%2C5792-5793%2C5797%2C5810%2C5815%2C5824%2C5828%2C5865-5866%2C5876%2C5917%2C5919-5920%2C5928%2C5934%2C5936%2C5949%2C5956-5958%2C5970%2C5972%2C5974%2C5976%2C5978%2C5980%2C5985-5986%2C5991%2C5999%2C6008%2C6014%2C6018-6019%2C6022%2C6026-6027%2C6031-6037%2C6047%2C6059-6061%2C6065%2C6075%2C6080%2C6085%2C6112%2C6115%2C6117%2C6119-6124%2C6126%2C6130-6131%2C6135%2C6139-6146%2C6149%2C6151-6153%2C6163%2C6167%2C6169%2C6177%2C6179%2C6185-6187%2C6196%2C6200%2C6202-6203%2C6205%2C6208%2C6215%2C6225-6226%2C6229%2C6231%2C6235-6236%2C6238%2C6240%2C6242%2C6244%2C6246%2C6250%2C6254%2C6319%2C6324%2C6327%2C6351-6352%2C6354%2C6356-6357%2C6359%2C6361%2C6363-6366%2C6370-6372%2C6378%2C6386%2C6388%2C6403%2C6426%2C6429%2C6431%2C6433%2C6447%2C6451%2C6453%2C6456-6457
r6460
  +dir_prop: branches/qmmp-1.1 svn:mergeinfo /branches/qmmp-0.9:5574%0A/trunk/qmmp:5275%2C5282-5283%2C5296-5300%2C5304-5305%2C5310%2C5315-5316%2C5331%2C5333%2C5337%2C5353%2C5367-5379%2C5385-5386%2C5391%2C5420%2C5424-5426%2C5428%2C5442-5444%2C5469%2C5471%2C5476%2C5481%2C5494%2C5497%2C5508-5509%2C5512%2C5517%2C5521%2C5525%2C5538%2C5550%2C5553%2C5556%2C5570%2C5578%2C5605%2C5612%2C5618%2C5621%2C5642%2C5672%2C5677%2C5696%2C5700%2C5702-5703%2C5721-5722%2C5729%2C5740-5746%2C5752%2C5759%2C5778%2C5789%2C5792-5793%2C5797%2C5810%2C5815%2C5824%2C5828%2C5865-5866%2C5876%2C5917%2C5919-5920%2C5928%2C5934%2C5936%2C5949%2C5956-5958%2C5970%2C5972%2C5974%2C5976%2C5978%2C5980%2C5985-5986%2C5991%2C5999%2C6008%2C6014%2C6018-6019%2C6022%2C6026-6027%2C6031-6037%2C6047%2C6059-6061%2C6065%2C6075%2C6080%2C6085%2C6112%2C6115%2C6117%2C6119-6124%2C6126%2C6130-6131%2C6135%2C6139-6146%2C6149%2C6151-6153%2C6163%2C6167%2C6169%2C6177%2C6179%2C6185-6187%2C6196%2C6200%2C6202-6203%2C6205%2C6208%2C6215%2C6225-6226%2C6229%2C6231%2C6235-6236%2C6238%2C6240%2C6242%2C6244%2C6246%2C6250%2C6254%2C6319%2C6324%2C6327%2C6351-6352%2C6354%2C6356-6357%2C6359%2C6361%2C6363-6366%2C6370-6372%2C6378%2C6386%2C6388%2C6403%2C6426%2C6429%2C6431%2C6433%2C6447%2C6451%2C6453%2C6456-6457%2C6459
r6461
r6462
r6463
r6464
r6465
r6466
r6467
r6470
  +dir_prop: branches/qmmp-1.1 svn:mergeinfo /branches/qmmp-0.9:5574%0A/trunk/qmmp:5275%2C5282-5283%2C5296-5300%2C5304-5305%2C5310%2C5315-5316%2C5331%2C5333%2C5337%2C5353%2C5367-5379%2C5385-5386%2C5391%2C5420%2C5424-5426%2C5428%2C5442-5444%2C5469%2C5471%2C5476%2C5481%2C5494%2C5497%2C5508-5509%2C5512%2C5517%2C5521%2C5525%2C5538%2C5550%2C5553%2C5556%2C5570%2C5578%2C5605%2C5612%2C5618%2C5621%2C5642%2C5672%2C5677%2C5696%2C5700%2C5702-5703%2C5721-5722%2C5729%2C5740-5746%2C5752%2C5759%2C5778%2C5789%2C5792-5793%2C5797%2C5810%2C5815%2C5824%2C5828%2C5865-5866%2C5876%2C5917%2C5919-5920%2C5928%2C5934%2C5936%2C5949%2C5956-5958%2C5970%2C5972%2C5974%2C5976%2C5978%2C5980%2C5985-5986%2C5991%2C5999%2C6008%2C6014%2C6018-6019%2C6022%2C6026-6027%2C6031-6037%2C6047%2C6059-6061%2C6065%2C6075%2C6080%2C6085%2C6112%2C6115%2C6117%2C6119-6124%2C6126%2C6130-6131%2C6135%2C6139-6146%2C6149%2C6151-6153%2C6163%2C6167%2C6169%2C6177%2C6179%2C6185-6187%2C6196%2C6200%2C6202-6203%2C6205%2C6208%2C6215%2C6225-6226%2C6229%2C6231%2C6235-6236%2C6238%2C6240%2C6242%2C6244%2C6246%2C6250%2C6254%2C6319%2C6324%2C6327%2C6351-6352%2C6354%2C6356-6357%2C6359%2C6361%2C6363-6366%2C6370-6372%2C6378%2C6386%2C6388%2C6403%2C6426%2C6429%2C6431%2C6433%2C6447%2C6451%2C6453%2C6456-6457%2C6459%2C6469
r6475
  +dir_prop: branches/qmmp-1.1 svn:mergeinfo /branches/qmmp-0.9:5574%0A/trunk/qmmp:5275%2C5282-5283%2C5296-5300%2C5304-5305%2C5310%2C5315-5316%2C5331%2C5333%2C5337%2C5353%2C5367-5379%2C5385-5386%2C5391%2C5420%2C5424-5426%2C5428%2C5442-5444%2C5469%2C5471%2C5476%2C5481%2C5494%2C5497%2C5508-5509%2C5512%2C5517%2C5521%2C5525%2C5538%2C5550%2C5553%2C5556%2C5570%2C5578%2C5605%2C5612%2C5618%2C5621%2C5642%2C5672%2C5677%2C5696%2C5700%2C5702-5703%2C5721-5722%2C5729%2C5740-5746%2C5752%2C5759%2C5778%2C5789%2C5792-5793%2C5797%2C5810%2C5815%2C5824%2C5828%2C5865-5866%2C5876%2C5917%2C5919-5920%2C5928%2C5934%2C5936%2C5949%2C5956-5958%2C5970%2C5972%2C5974%2C5976%2C5978%2C5980%2C5985-5986%2C5991%2C5999%2C6008%2C6014%2C6018-6019%2C6022%2C6026-6027%2C6031-6037%2C6047%2C6059-6061%2C6065%2C6075%2C6080%2C6085%2C6112%2C6115%2C6117%2C6119-6124%2C6126%2C6130-6131%2C6135%2C6139-6146%2C6149%2C6151-6153%2C6163%2C6167%2C6169%2C6177%2C6179%2C6185-6187%2C6196%2C6200%2C6202-6203%2C6205%2C6208%2C6215%2C6225-6226%2C6229%2C6231%2C6235-6236%2C6238%2C6240%2C6242%2C6244%2C6246%2C6250%2C6254%2C6319%2C6324%2C6327%2C6351-6352%2C6354%2C6356-6357%2C6359%2C6361%2C6363-6366%2C6370-6372%2C6378%2C6386%2C6388%2C6403%2C6426%2C6429%2C6431%2C6433%2C6447%2C6451%2C6453%2C6456-6457%2C6459%2C6469%2C6474
r6480
  +dir_prop: branches/qmmp-1.1 svn:mergeinfo /branches/qmmp-0.9:5574%0A/trunk/qmmp:5275%2C5282-5283%2C5296-5300%2C5304-5305%2C5310%2C5315-5316%2C5331%2C5333%2C5337%2C5353%2C5367-5379%2C5385-5386%2C5391%2C5420%2C5424-5426%2C5428%2C5442-5444%2C5469%2C5471%2C5476%2C5481%2C5494%2C5497%2C5508-5509%2C5512%2C5517%2C5521%2C5525%2C5538%2C5550%2C5553%2C5556%2C5570%2C5578%2C5605%2C5612%2C5618%2C5621%2C5642%2C5672%2C5677%2C5696%2C5700%2C5702-5703%2C5721-5722%2C5729%2C5740-5746%2C5752%2C5759%2C5778%2C5789%2C5792-5793%2C5797%2C5810%2C5815%2C5824%2C5828%2C5865-5866%2C5876%2C5917%2C5919-5920%2C5928%2C5934%2C5936%2C5949%2C5956-5958%2C5970%2C5972%2C5974%2C5976%2C5978%2C5980%2C5985-5986%2C5991%2C5999%2C6008%2C6014%2C6018-6019%2C6022%2C6026-6027%2C6031-6037%2C6047%2C6059-6061%2C6065%2C6075%2C6080%2C6085%2C6112%2C6115%2C6117%2C6119-6124%2C6126%2C6130-6131%2C6135%2C6139-6146%2C6149%2C6151-6153%2C6163%2C6167%2C6169%2C6177%2C6179%2C6185-6187%2C6196%2C6200%2C6202-6203%2C6205%2C6208%2C6215%2C6225-6226%2C6229%2C6231%2C6235-6236%2C6238%2C6240%2C6242%2C6244%2C6246%2C6250%2C6254%2C6319%2C6324%2C6327%2C6351-6352%2C6354%2C6356-6357%2C6359%2C6361%2C6363-6366%2C6370-6372%2C6378%2C6386%2C6388%2C6403%2C6426%2C6429%2C6431%2C6433%2C6447%2C6451%2C6453%2C6456-6457%2C6459%2C6469%2C6474%2C6478-6479
r6482
  +dir_prop: branches/qmmp-1.1 svn:mergeinfo /branches/qmmp-0.9:5574%0A/trunk/qmmp:5275%2C5282-5283%2C5296-5300%2C5304-5305%2C5310%2C5315-5316%2C5331%2C5333%2C5337%2C5353%2C5367-5379%2C5385-5386%2C5391%2C5420%2C5424-5426%2C5428%2C5442-5444%2C5469%2C5471%2C5476%2C5481%2C5494%2C5497%2C5508-5509%2C5512%2C5517%2C5521%2C5525%2C5538%2C5550%2C5553%2C5556%2C5570%2C5578%2C5605%2C5612%2C5618%2C5621%2C5642%2C5672%2C5677%2C5696%2C5700%2C5702-5703%2C5721-5722%2C5729%2C5740-5746%2C5752%2C5759%2C5778%2C5789%2C5792-5793%2C5797%2C5810%2C5815%2C5824%2C5828%2C5865-5866%2C5876%2C5917%2C5919-5920%2C5928%2C5934%2C5936%2C5949%2C5956-5958%2C5970%2C5972%2C5974%2C5976%2C5978%2C5980%2C5985-5986%2C5991%2C5999%2C6008%2C6014%2C6018-6019%2C6022%2C6026-6027%2C6031-6037%2C6047%2C6059-6061%2C6065%2C6075%2C6080%2C6085%2C6112%2C6115%2C6117%2C6119-6124%2C6126%2C6130-6131%2C6135%2C6139-6146%2C6149%2C6151-6153%2C6163%2C6167%2C6169%2C6177%2C6179%2C6185-6187%2C6196%2C6200%2C6202-6203%2C6205%2C6208%2C6215%2C6225-6226%2C6229%2C6231%2C6235-6236%2C6238%2C6240%2C6242%2C6244%2C6246%2C6250%2C6254%2C6319%2C6324%2C6327%2C6351-6352%2C6354%2C6356-6357%2C6359%2C6361%2C6363-6366%2C6370-6372%2C6378%2C6386%2C6388%2C6403%2C6426%2C6429%2C6431%2C6433%2C6447%2C6451%2C6453%2C6456-6457%2C6459%2C6469%2C6474%2C6478-6479%2C6481
r6483
r6487
r6493
r6505
r6511
r6517
  +dir_prop: branches/qmmp-1.1 svn:mergeinfo /branches/qmmp-0.9:5574%0A/trunk/qmmp:5275%2C5282-5283%2C5296-5300%2C5304-5305%2C5310%2C5315-5316%2C5331%2C5333%2C5337%2C5353%2C5367-5379%2C5385-5386%2C5391%2C5420%2C5424-5426%2C5428%2C5442-5444%2C5469%2C5471%2C5476%2C5481%2C5494%2C5497%2C5508-5509%2C5512%2C5517%2C5521%2C5525%2C5538%2C5550%2C5553%2C5556%2C5570%2C5578%2C5605%2C5612%2C5618%2C5621%2C5642%2C5672%2C5677%2C5696%2C5700%2C5702-5703%2C5721-5722%2C5729%2C5740-5746%2C5752%2C5759%2C5778%2C5789%2C5792-5793%2C5797%2C5810%2C5815%2C5824%2C5828%2C5865-5866%2C5876%2C5917%2C5919-5920%2C5928%2C5934%2C5936%2C5949%2C5956-5958%2C5970%2C5972%2C5974%2C5976%2C5978%2C5980%2C5985-5986%2C5991%2C5999%2C6008%2C6014%2C6018-6019%2C6022%2C6026-6027%2C6031-6037%2C6047%2C6059-6061%2C6065%2C6075%2C6080%2C6085%2C6112%2C6115%2C6117%2C6119-6124%2C6126%2C6130-6131%2C6135%2C6139-6146%2C6149%2C6151-6153%2C6163%2C6167%2C6169%2C6177%2C6179%2C6185-6187%2C6196%2C6200%2C6202-6203%2C6205%2C6208%2C6215%2C6225-6226%2C6229%2C6231%2C6235-6236%2C6238%2C6240%2C6242%2C6244%2C6246%2C6250%2C6254%2C6319%2C6324%2C6327%2C6351-6352%2C6354%2C6356-6357%2C6359%2C6361%2C6363-6366%2C6370-6372%2C6378%2C6386%2C6388%2C6403%2C6426%2C6429%2C6431%2C6433%2C6447%2C6451%2C6453%2C6456-6457%2C6459%2C6469%2C6474%2C6478-6479%2C6481%2C6515
r6520
r6522
r6528
  +dir_prop: branches/qmmp-1.1 svn:mergeinfo /branches/qmmp-0.9:5574%0A/branches/qmmp-1.2:6526%0A/trunk/qmmp:5275%2C5282-5283%2C5296-5300%2C5304-5305%2C5310%2C5315-5316%2C5331%2C5333%2C5337%2C5353%2C5367-5379%2C5385-5386%2C5391%2C5420%2C5424-5426%2C5428%2C5442-5444%2C5469%2C5471%2C5476%2C5481%2C5494%2C5497%2C5508-5509%2C5512%2C5517%2C5521%2C5525%2C5538%2C5550%2C5553%2C5556%2C5570%2C5578%2C5605%2C5612%2C5618%2C5621%2C5642%2C5672%2C5677%2C5696%2C5700%2C5702-5703%2C5721-5722%2C5729%2C5740-5746%2C5752%2C5759%2C5778%2C5789%2C5792-5793%2C5797%2C5810%2C5815%2C5824%2C5828%2C5865-5866%2C5876%2C5917%2C5919-5920%2C5928%2C5934%2C5936%2C5949%2C5956-5958%2C5970%2C5972%2C5974%2C5976%2C5978%2C5980%2C5985-5986%2C5991%2C5999%2C6008%2C6014%2C6018-6019%2C6022%2C6026-6027%2C6031-6037%2C6047%2C6059-6061%2C6065%2C6075%2C6080%2C6085%2C6112%2C6115%2C6117%2C6119-6124%2C6126%2C6130-6131%2C6135%2C6139-6146%2C6149%2C6151-6153%2C6163%2C6167%2C6169%2C6177%2C6179%2C6185-6187%2C6196%2C6200%2C6202-6203%2C6205%2C6208%2C6215%2C6225-6226%2C6229%2C6231%2C6235-6236%2C6238%2C6240%2C6242%2C6244%2C6246%2C6250%2C6254%2C6319%2C6324%2C6327%2C6351-6352%2C6354%2C6356-6357%2C6359%2C6361%2C6363-6366%2C6370-6372%2C6378%2C6386%2C6388%2C6403%2C6426%2C6429%2C6431%2C6433%2C6447%2C6451%2C6453%2C6456-6457%2C6459%2C6469%2C6474%2C6478-6479%2C6481%2C6515
r6531
  +dir_prop: branches/qmmp-1.1 svn:mergeinfo /branches/qmmp-0.9:5574%0A/branches/qmmp-1.2:6526%2C6530%0A/trunk/qmmp:5275%2C5282-5283%2C5296-5300%2C5304-5305%2C5310%2C5315-5316%2C5331%2C5333%2C5337%2C5353%2C5367-5379%2C5385-5386%2C5391%2C5420%2C5424-5426%2C5428%2C5442-5444%2C5469%2C5471%2C5476%2C5481%2C5494%2C5497%2C5508-5509%2C5512%2C5517%2C5521%2C5525%2C5538%2C5550%2C5553%2C5556%2C5570%2C5578%2C5605%2C5612%2C5618%2C5621%2C5642%2C5672%2C5677%2C5696%2C5700%2C5702-5703%2C5721-5722%2C5729%2C5740-5746%2C5752%2C5759%2C5778%2C5789%2C5792-5793%2C5797%2C5810%2C5815%2C5824%2C5828%2C5865-5866%2C5876%2C5917%2C5919-5920%2C5928%2C5934%2C5936%2C5949%2C5956-5958%2C5970%2C5972%2C5974%2C5976%2C5978%2C5980%2C5985-5986%2C5991%2C5999%2C6008%2C6014%2C6018-6019%2C6022%2C6026-6027%2C6031-6037%2C6047%2C6059-6061%2C6065%2C6075%2C6080%2C6085%2C6112%2C6115%2C6117%2C6119-6124%2C6126%2C6130-6131%2C6135%2C6139-6146%2C6149%2C6151-6153%2C6163%2C6167%2C6169%2C6177%2C6179%2C6185-6187%2C6196%2C6200%2C6202-6203%2C6205%2C6208%2C6215%2C6225-6226%2C6229%2C6231%2C6235-6236%2C6238%2C6240%2C6242%2C6244%2C6246%2C6250%2C6254%2C6319%2C6324%2C6327%2C6351-6352%2C6354%2C6356-6357%2C6359%2C6361%2C6363-6366%2C6370-6372%2C6378%2C6386%2C6388%2C6403%2C6426%2C6429%2C6431%2C6433%2C6447%2C6451%2C6453%2C6456-6457%2C6459%2C6469%2C6474%2C6478-6479%2C6481%2C6515
r6533
  +dir_prop: branches/qmmp-1.1 svn:mergeinfo /branches/qmmp-0.9:5574%0A/branches/qmmp-1.2:6526%2C6530%2C6532%0A/trunk/qmmp:5275%2C5282-5283%2C5296-5300%2C5304-5305%2C5310%2C5315-5316%2C5331%2C5333%2C5337%2C5353%2C5367-5379%2C5385-5386%2C5391%2C5420%2C5424-5426%2C5428%2C5442-5444%2C5469%2C5471%2C5476%2C5481%2C5494%2C5497%2C5508-5509%2C5512%2C5517%2C5521%2C5525%2C5538%2C5550%2C5553%2C5556%2C5570%2C5578%2C5605%2C5612%2C5618%2C5621%2C5642%2C5672%2C5677%2C5696%2C5700%2C5702-5703%2C5721-5722%2C5729%2C5740-5746%2C5752%2C5759%2C5778%2C5789%2C5792-5793%2C5797%2C5810%2C5815%2C5824%2C5828%2C5865-5866%2C5876%2C5917%2C5919-5920%2C5928%2C5934%2C5936%2C5949%2C5956-5958%2C5970%2C5972%2C5974%2C5976%2C5978%2C5980%2C5985-5986%2C5991%2C5999%2C6008%2C6014%2C6018-6019%2C6022%2C6026-6027%2C6031-6037%2C6047%2C6059-6061%2C6065%2C6075%2C6080%2C6085%2C6112%2C6115%2C6117%2C6119-6124%2C6126%2C6130-6131%2C6135%2C6139-6146%2C6149%2C6151-6153%2C6163%2C6167%2C6169%2C6177%2C6179%2C6185-6187%2C6196%2C6200%2C6202-6203%2C6205%2C6208%2C6215%2C6225-6226%2C6229%2C6231%2C6235-6236%2C6238%2C6240%2C6242%2C6244%2C6246%2C6250%2C6254%2C6319%2C6324%2C6327%2C6351-6352%2C6354%2C6356-6357%2C6359%2C6361%2C6363-6366%2C6370-6372%2C6378%2C6386%2C6388%2C6403%2C6426%2C6429%2C6431%2C6433%2C6447%2C6451%2C6453%2C6456-6457%2C6459%2C6469%2C6474%2C6478-6479%2C6481%2C6515
r6537
  +dir_prop: branches/qmmp-1.1 svn:mergeinfo /branches/qmmp-0.9:5574%0A/branches/qmmp-1.2:6526%2C6530%2C6532%0A/trunk/qmmp:5275%2C5282-5283%2C5296-5300%2C5304-5305%2C5310%2C5315-5316%2C5331%2C5333%2C5337%2C5353%2C5367-5379%2C5385-5386%2C5391%2C5420%2C5424-5426%2C5428%2C5442-5444%2C5469%2C5471%2C5476%2C5481%2C5494%2C5497%2C5508-5509%2C5512%2C5517%2C5521%2C5525%2C5538%2C5550%2C5553%2C5556%2C5570%2C5578%2C5605%2C5612%2C5618%2C5621%2C5642%2C5672%2C5677%2C5696%2C5700%2C5702-5703%2C5721-5722%2C5729%2C5740-5746%2C5752%2C5759%2C5778%2C5789%2C5792-5793%2C5797%2C5810%2C5815%2C5824%2C5828%2C5865-5866%2C5876%2C5917%2C5919-5920%2C5928%2C5934%2C5936%2C5949%2C5956-5958%2C5970%2C5972%2C5974%2C5976%2C5978%2C5980%2C5985-5986%2C5991%2C5999%2C6008%2C6014%2C6018-6019%2C6022%2C6026-6027%2C6031-6037%2C6047%2C6059-6061%2C6065%2C6075%2C6080%2C6085%2C6112%2C6115%2C6117%2C6119-6124%2C6126%2C6130-6131%2C6135%2C6139-6146%2C6149%2C6151-6153%2C6163%2C6167%2C6169%2C6177%2C6179%2C6185-6187%2C6196%2C6200%2C6202-6203%2C6205%2C6208%2C6215%2C6225-6226%2C6229%2C6231%2C6235-6236%2C6238%2C6240%2C6242%2C6244%2C6246%2C6250%2C6254%2C6319%2C6324%2C6327%2C6351-6352%2C6354%2C6356-6357%2C6359%2C6361%2C6363-6366%2C6370-6372%2C6378%2C6386%2C6388%2C6403%2C6426%2C6429%2C6431%2C6433%2C6447%2C6451%2C6453%2C6456-6457%2C6459%2C6469%2C6474%2C6478-6479%2C6481%2C6515%2C6535
r6541
  +dir_prop: branches/qmmp-1.1 svn:mergeinfo /branches/qmmp-0.9:5574%0A/branches/qmmp-1.2:6526%2C6530%2C6532%0A/trunk/qmmp:5275%2C5282-5283%2C5296-5300%2C5304-5305%2C5310%2C5315-5316%2C5331%2C5333%2C5337%2C5353%2C5367-5379%2C5385-5386%2C5391%2C5420%2C5424-5426%2C5428%2C5442-5444%2C5469%2C5471%2C5476%2C5481%2C5494%2C5497%2C5508-5509%2C5512%2C5517%2C5521%2C5525%2C5538%2C5550%2C5553%2C5556%2C5570%2C5578%2C5605%2C5612%2C5618%2C5621%2C5642%2C5672%2C5677%2C5696%2C5700%2C5702-5703%2C5721-5722%2C5729%2C5740-5746%2C5752%2C5759%2C5778%2C5789%2C5792-5793%2C5797%2C5810%2C5815%2C5824%2C5828%2C5865-5866%2C5876%2C5917%2C5919-5920%2C5928%2C5934%2C5936%2C5949%2C5956-5958%2C5970%2C5972%2C5974%2C5976%2C5978%2C5980%2C5985-5986%2C5991%2C5999%2C6008%2C6014%2C6018-6019%2C6022%2C6026-6027%2C6031-6037%2C6047%2C6059-6061%2C6065%2C6075%2C6080%2C6085%2C6112%2C6115%2C6117%2C6119-6124%2C6126%2C6130-6131%2C6135%2C6139-6146%2C6149%2C6151-6153%2C6163%2C6167%2C6169%2C6177%2C6179%2C6185-6187%2C6196%2C6200%2C6202-6203%2C6205%2C6208%2C6215%2C6225-6226%2C6229%2C6231%2C6235-6236%2C6238%2C6240%2C6242%2C6244%2C6246%2C6250%2C6254%2C6319%2C6324%2C6327%2C6351-6352%2C6354%2C6356-6357%2C6359%2C6361%2C6363-6366%2C6370-6372%2C6378%2C6386%2C6388%2C6403%2C6426%2C6429%2C6431%2C6433%2C6447%2C6451%2C6453%2C6456-6457%2C6459%2C6469%2C6474%2C6478-6479%2C6481%2C6515%2C6535%2C6539
r6543
r6549
  +dir_prop: branches/qmmp-1.1 svn:mergeinfo /branches/qmmp-0.9:5574%0A/branches/qmmp-1.2:6526%2C6530%2C6532%0A/trunk/qmmp:5275%2C5282-5283%2C5296-5300%2C5304-5305%2C5310%2C5315-5316%2C5331%2C5333%2C5337%2C5353%2C5367-5379%2C5385-5386%2C5391%2C5420%2C5424-5426%2C5428%2C5442-5444%2C5469%2C5471%2C5476%2C5481%2C5494%2C5497%2C5508-5509%2C5512%2C5517%2C5521%2C5525%2C5538%2C5550%2C5553%2C5556%2C5570%2C5578%2C5605%2C5612%2C5618%2C5621%2C5642%2C5672%2C5677%2C5696%2C5700%2C5702-5703%2C5721-5722%2C5729%2C5740-5746%2C5752%2C5759%2C5778%2C5789%2C5792-5793%2C5797%2C5810%2C5815%2C5824%2C5828%2C5865-5866%2C5876%2C5917%2C5919-5920%2C5928%2C5934%2C5936%2C5949%2C5956-5958%2C5970%2C5972%2C5974%2C5976%2C5978%2C5980%2C5985-5986%2C5991%2C5999%2C6008%2C6014%2C6018-6019%2C6022%2C6026-6027%2C6031-6037%2C6047%2C6059-6061%2C6065%2C6075%2C6080%2C6085%2C6112%2C6115%2C6117%2C6119-6124%2C6126%2C6130-6131%2C6135%2C6139-6146%2C6149%2C6151-6153%2C6163%2C6167%2C6169%2C6177%2C6179%2C6185-6187%2C6196%2C6200%2C6202-6203%2C6205%2C6208%2C6215%2C6225-6226%2C6229%2C6231%2C6235-6236%2C6238%2C6240%2C6242%2C6244%2C6246%2C6250%2C6254%2C6319%2C6324%2C6327%2C6351-6352%2C6354%2C6356-6357%2C6359%2C6361%2C6363-6366%2C6370-6372%2C6378%2C6386%2C6388%2C6403%2C6426%2C6429%2C6431%2C6433%2C6447%2C6451%2C6453%2C6456-6457%2C6459%2C6469%2C6474%2C6478-6479%2C6481%2C6515%2C6535%2C6539%2C6545-6547
  +dir_prop: branches/qmmp-1.1/src/plugins/Ui/qsui svn:mergeinfo /trunk/qmmp/src/plugins/Ui/qsui:5275%2C5282-5283%2C5296-5300%2C5304-5305%2C5310%2C5315-5316%2C5331%2C5333%2C5337%2C5353%2C5367-5379%2C5386%2C5428%2C5508-5509%2C5512%2C5696%2C5700%2C5789%2C5792-5793%2C5829-5905%2C5934%2C6026-6027%2C6060-6061%2C6144-6146%2C6149%2C6151-6153%2C6169%2C6185-6187%2C6196%2C6202-6203%2C6205%2C6208%2C6225-6226%2C6229%2C6231%2C6236%2C6238%2C6240%2C6327%2C6547%0A/trunk/qmmp/src/plugins/Ui/skinned:5223%2C6018-6019%2C6022
r6556
r6560
r6562
r6573
r6579
  +dir_prop: branches/qmmp-1.1 svn:mergeinfo /branches/qmmp-0.9:5574%0A/branches/qmmp-1.2:6526%2C6530%2C6532%0A/trunk/qmmp:5275%2C5282-5283%2C5296-5300%2C5304-5305%2C5310%2C5315-5316%2C5331%2C5333%2C5337%2C5353%2C5367-5379%2C5385-5386%2C5391%2C5420%2C5424-5426%2C5428%2C5442-5444%2C5469%2C5471%2C5476%2C5481%2C5494%2C5497%2C5508-5509%2C5512%2C5517%2C5521%2C5525%2C5538%2C5550%2C5553%2C5556%2C5570%2C5578%2C5605%2C5612%2C5618%2C5621%2C5642%2C5672%2C5677%2C5696%2C5700%2C5702-5703%2C5721-5722%2C5729%2C5740-5746%2C5752%2C5759%2C5778%2C5789%2C5792-5793%2C5797%2C5810%2C5815%2C5824%2C5828%2C5865-5866%2C5876%2C5917%2C5919-5920%2C5928%2C5934%2C5936%2C5949%2C5956-5958%2C5970%2C5972%2C5974%2C5976%2C5978%2C5980%2C5985-5986%2C5991%2C5999%2C6008%2C6014%2C6018-6019%2C6022%2C6026-6027%2C6031-6037%2C6047%2C6059-6061%2C6065%2C6075%2C6080%2C6085%2C6112%2C6115%2C6117%2C6119-6124%2C6126%2C6130-6131%2C6135%2C6139-6146%2C6149%2C6151-6153%2C6163%2C6167%2C6169%2C6177%2C6179%2C6185-6187%2C6196%2C6200%2C6202-6203%2C6205%2C6208%2C6215%2C6225-6226%2C6229%2C6231%2C6235-6236%2C6238%2C6240%2C6242%2C6244%2C6246%2C6250%2C6254%2C6319%2C6324%2C6327%2C6351-6352%2C6354%2C6356-6357%2C6359%2C6361%2C6363-6366%2C6370-6372%2C6378%2C6386%2C6388%2C6403%2C6426%2C6429%2C6431%2C6433%2C6447%2C6451%2C6453%2C6456-6457%2C6459%2C6469%2C6474%2C6478-6479%2C6481%2C6515%2C6535%2C6539%2C6545-6547%2C6577
  +dir_prop: branches/qmmp-1.1/src/plugins/Ui/qsui svn:mergeinfo /trunk/qmmp/src/plugins/Ui/qsui:5275%2C5282-5283%2C5296-5300%2C5304-5305%2C5310%2C5315-5316%2C5331%2C5333%2C5337%2C5353%2C5367-5379%2C5386%2C5428%2C5508-5509%2C5512%2C5696%2C5700%2C5789%2C5792-5793%2C5829-5905%2C5934%2C6026-6027%2C6060-6061%2C6144-6146%2C6149%2C6151-6153%2C6169%2C6185-6187%2C6196%2C6202-6203%2C6205%2C6208%2C6225-6226%2C6229%2C6231%2C6236%2C6238%2C6240%2C6327%2C6547%2C6577%0A/trunk/qmmp/src/plugins/Ui/skinned:5223%2C6018-6019%2C6022
r6588
  +dir_prop: branches/qmmp-1.1 svn:mergeinfo /branches/qmmp-0.9:5574%0A/branches/qmmp-1.2:6526%2C6530%2C6532%0A/trunk/qmmp:5275%2C5282-5283%2C5296-5300%2C5304-5305%2C5310%2C5315-5316%2C5331%2C5333%2C5337%2C5353%2C5367-5379%2C5385-5386%2C5391%2C5420%2C5424-5426%2C5428%2C5442-5444%2C5469%2C5471%2C5476%2C5481%2C5494%2C5497%2C5508-5509%2C5512%2C5517%2C5521%2C5525%2C5538%2C5550%2C5553%2C5556%2C5570%2C5578%2C5605%2C5612%2C5618%2C5621%2C5642%2C5672%2C5677%2C5696%2C5700%2C5702-5703%2C5721-5722%2C5729%2C5740-5746%2C5752%2C5759%2C5778%2C5789%2C5792-5793%2C5797%2C5810%2C5815%2C5824%2C5828%2C5865-5866%2C5876%2C5917%2C5919-5920%2C5928%2C5934%2C5936%2C5949%2C5956-5958%2C5970%2C5972%2C5974%2C5976%2C5978%2C5980%2C5985-5986%2C5991%2C5999%2C6008%2C6014%2C6018-6019%2C6022%2C6026-6027%2C6031-6037%2C6047%2C6059-6061%2C6065%2C6075%2C6080%2C6085%2C6112%2C6115%2C6117%2C6119-6124%2C6126%2C6130-6131%2C6135%2C6139-6146%2C6149%2C6151-6153%2C6163%2C6167%2C6169%2C6177%2C6179%2C6185-6187%2C6196%2C6200%2C6202-6203%2C6205%2C6208%2C6215%2C6225-6226%2C6229%2C6231%2C6235-6236%2C6238%2C6240%2C6242%2C6244%2C6246%2C6250%2C6254%2C6319%2C6324%2C6327%2C6351-6352%2C6354%2C6356-6357%2C6359%2C6361%2C6363-6366%2C6370-6372%2C6378%2C6386%2C6388%2C6403%2C6426%2C6429%2C6431%2C6433%2C6447%2C6451%2C6453%2C6456-6457%2C6459%2C6469%2C6474%2C6478-6479%2C6481%2C6515%2C6535%2C6539%2C6545-6547%2C6577%2C6586
r6591
r6594
r6598
  +dir_prop: branches/qmmp-1.1 svn:mergeinfo /branches/qmmp-0.9:5574%0A/branches/qmmp-1.2:6526%2C6530%2C6532%2C6597%0A/trunk/qmmp:5275%2C5282-5283%2C5296-5300%2C5304-5305%2C5310%2C5315-5316%2C5331%2C5333%2C5337%2C5353%2C5367-5379%2C5385-5386%2C5391%2C5420%2C5424-5426%2C5428%2C5442-5444%2C5469%2C5471%2C5476%2C5481%2C5494%2C5497%2C5508-5509%2C5512%2C5517%2C5521%2C5525%2C5538%2C5550%2C5553%2C5556%2C5570%2C5578%2C5605%2C5612%2C5618%2C5621%2C5642%2C5672%2C5677%2C5696%2C5700%2C5702-5703%2C5721-5722%2C5729%2C5740-5746%2C5752%2C5759%2C5778%2C5789%2C5792-5793%2C5797%2C5810%2C5815%2C5824%2C5828%2C5865-5866%2C5876%2C5917%2C5919-5920%2C5928%2C5934%2C5936%2C5949%2C5956-5958%2C5970%2C5972%2C5974%2C5976%2C5978%2C5980%2C5985-5986%2C5991%2C5999%2C6008%2C6014%2C6018-6019%2C6022%2C6026-6027%2C6031-6037%2C6047%2C6059-6061%2C6065%2C6075%2C6080%2C6085%2C6112%2C6115%2C6117%2C6119-6124%2C6126%2C6130-6131%2C6135%2C6139-6146%2C6149%2C6151-6153%2C6163%2C6167%2C6169%2C6177%2C6179%2C6185-6187%2C6196%2C6200%2C6202-6203%2C6205%2C6208%2C6215%2C6225-6226%2C6229%2C6231%2C6235-6236%2C6238%2C6240%2C6242%2C6244%2C6246%2C6250%2C6254%2C6319%2C6324%2C6327%2C6351-6352%2C6354%2C6356-6357%2C6359%2C6361%2C6363-6366%2C6370-6372%2C6378%2C6386%2C6388%2C6403%2C6426%2C6429%2C6431%2C6433%2C6447%2C6451%2C6453%2C6456-6457%2C6459%2C6469%2C6474%2C6478-6479%2C6481%2C6515%2C6535%2C6539%2C6545-6547%2C6577%2C6586
r6614
  +dir_prop: branches/qmmp-1.1 svn:mergeinfo /branches/qmmp-0.9:5574%0A/branches/qmmp-1.2:6526%2C6530%2C6532%2C6597%0A/trunk/qmmp:5275%2C5282-5283%2C5296-5300%2C5304-5305%2C5310%2C5315-5316%2C5331%2C5333%2C5337%2C5353%2C5367-5379%2C5385-5386%2C5391%2C5420%2C5424-5426%2C5428%2C5442-5444%2C5469%2C5471%2C5476%2C5481%2C5494%2C5497%2C5508-5509%2C5512%2C5517%2C5521%2C5525%2C5538%2C5550%2C5553%2C5556%2C5570%2C5578%2C5605%2C5612%2C5618%2C5621%2C5642%2C5672%2C5677%2C5696%2C5700%2C5702-5703%2C5721-5722%2C5729%2C5740-5746%2C5752%2C5759%2C5778%2C5789%2C5792-5793%2C5797%2C5810%2C5815%2C5824%2C5828%2C5865-5866%2C5876%2C5917%2C5919-5920%2C5928%2C5934%2C5936%2C5949%2C5956-5958%2C5970%2C5972%2C5974%2C5976%2C5978%2C5980%2C5985-5986%2C5991%2C5999%2C6008%2C6014%2C6018-6019%2C6022%2C6026-6027%2C6031-6037%2C6047%2C6059-6061%2C6065%2C6075%2C6080%2C6085%2C6112%2C6115%2C6117%2C6119-6124%2C6126%2C6130-6131%2C6135%2C6139-6146%2C6149%2C6151-6153%2C6163%2C6167%2C6169%2C6177%2C6179%2C6185-6187%2C6196%2C6200%2C6202-6203%2C6205%2C6208%2C6215%2C6225-6226%2C6229%2C6231%2C6235-6236%2C6238%2C6240%2C6242%2C6244%2C6246%2C6250%2C6254%2C6319%2C6324%2C6327%2C6351-6352%2C6354%2C6356-6357%2C6359%2C6361%2C6363-6366%2C6370-6372%2C6378%2C6386%2C6388%2C6403%2C6426%2C6429%2C6431%2C6433%2C6447%2C6451%2C6453%2C6456-6457%2C6459%2C6469%2C6474%2C6478-6479%2C6481%2C6515%2C6535%2C6539%2C6545-6547%2C6577%2C6586%2C6612
r6618
  +dir_prop: branches/qmmp-1.1 svn:mergeinfo /branches/qmmp-0.9:5574%0A/branches/qmmp-1.2:6526%2C6530%2C6532%2C6597%0A/trunk/qmmp:5275%2C5282-5283%2C5296-5300%2C5304-5305%2C5310%2C5315-5316%2C5331%2C5333%2C5337%2C5353%2C5367-5379%2C5385-5386%2C5391%2C5420%2C5424-5426%2C5428%2C5442-5444%2C5469%2C5471%2C5476%2C5481%2C5494%2C5497%2C5508-5509%2C5512%2C5517%2C5521%2C5525%2C5538%2C5550%2C5553%2C5556%2C5570%2C5578%2C5605%2C5612%2C5618%2C5621%2C5642%2C5672%2C5677%2C5696%2C5700%2C5702-5703%2C5721-5722%2C5729%2C5740-5746%2C5752%2C5759%2C5778%2C5789%2C5792-5793%2C5797%2C5810%2C5815%2C5824%2C5828%2C5865-5866%2C5876%2C5917%2C5919-5920%2C5928%2C5934%2C5936%2C5949%2C5956-5958%2C5970%2C5972%2C5974%2C5976%2C5978%2C5980%2C5985-5986%2C5991%2C5999%2C6008%2C6014%2C6018-6019%2C6022%2C6026-6027%2C6031-6037%2C6047%2C6059-6061%2C6065%2C6075%2C6080%2C6085%2C6112%2C6115%2C6117%2C6119-6124%2C6126%2C6130-6131%2C6135%2C6139-6146%2C6149%2C6151-6153%2C6163%2C6167%2C6169%2C6177%2C6179%2C6185-6187%2C6196%2C6200%2C6202-6203%2C6205%2C6208%2C6215%2C6225-6226%2C6229%2C6231%2C6235-6236%2C6238%2C6240%2C6242%2C6244%2C6246%2C6250%2C6254%2C6319%2C6324%2C6327%2C6351-6352%2C6354%2C6356-6357%2C6359%2C6361%2C6363-6366%2C6370-6372%2C6378%2C6386%2C6388%2C6403%2C6426%2C6429%2C6431%2C6433%2C6447%2C6451%2C6453%2C6456-6457%2C6459%2C6469%2C6474%2C6478-6479%2C6481%2C6515%2C6535%2C6539%2C6545-6547%2C6577%2C6586%2C6612%2C6616
r6622
  +dir_prop: branches/qmmp-1.1 svn:mergeinfo /branches/qmmp-0.9:5574%0A/branches/qmmp-1.2:6526%2C6530%2C6532%2C6597%0A/trunk/qmmp:5275%2C5282-5283%2C5296-5300%2C5304-5305%2C5310%2C5315-5316%2C5331%2C5333%2C5337%2C5353%2C5367-5379%2C5385-5386%2C5391%2C5420%2C5424-5426%2C5428%2C5442-5444%2C5469%2C5471%2C5476%2C5481%2C5494%2C5497%2C5508-5509%2C5512%2C5517%2C5521%2C5525%2C5538%2C5550%2C5553%2C5556%2C5570%2C5578%2C5605%2C5612%2C5618%2C5621%2C5642%2C5672%2C5677%2C5696%2C5700%2C5702-5703%2C5721-5722%2C5729%2C5740-5746%2C5752%2C5759%2C5778%2C5789%2C5792-5793%2C5797%2C5810%2C5815%2C5824%2C5828%2C5865-5866%2C5876%2C5917%2C5919-5920%2C5928%2C5934%2C5936%2C5949%2C5956-5958%2C5970%2C5972%2C5974%2C5976%2C5978%2C5980%2C5985-5986%2C5991%2C5999%2C6008%2C6014%2C6018-6019%2C6022%2C6026-6027%2C6031-6037%2C6047%2C6059-6061%2C6065%2C6075%2C6080%2C6085%2C6112%2C6115%2C6117%2C6119-6124%2C6126%2C6130-6131%2C6135%2C6139-6146%2C6149%2C6151-6153%2C6163%2C6167%2C6169%2C6177%2C6179%2C6185-6187%2C6196%2C6200%2C6202-6203%2C6205%2C6208%2C6215%2C6225-6226%2C6229%2C6231%2C6235-6236%2C6238%2C6240%2C6242%2C6244%2C6246%2C6250%2C6254%2C6319%2C6324%2C6327%2C6351-6352%2C6354%2C6356-6357%2C6359%2C6361%2C6363-6366%2C6370-6372%2C6378%2C6386%2C6388%2C6403%2C6426%2C6429%2C6431%2C6433%2C6447%2C6451%2C6453%2C6456-6457%2C6459%2C6469%2C6474%2C6478-6479%2C6481%2C6515%2C6535%2C6539%2C6545-6547%2C6577%2C6586%2C6612%2C6616%2C6620
r6626
  +dir_prop: branches/qmmp-1.1 svn:mergeinfo /branches/qmmp-0.9:5574%0A/branches/qmmp-1.2:6526%2C6530%2C6532%2C6597%0A/trunk/qmmp:5275%2C5282-5283%2C5296-5300%2C5304-5305%2C5310%2C5315-5316%2C5331%2C5333%2C5337%2C5353%2C5367-5379%2C5385-5386%2C5391%2C5420%2C5424-5426%2C5428%2C5442-5444%2C5469%2C5471%2C5476%2C5481%2C5494%2C5497%2C5508-5509%2C5512%2C5517%2C5521%2C5525%2C5538%2C5550%2C5553%2C5556%2C5570%2C5578%2C5605%2C5612%2C5618%2C5621%2C5642%2C5672%2C5677%2C5696%2C5700%2C5702-5703%2C5721-5722%2C5729%2C5740-5746%2C5752%2C5759%2C5778%2C5789%2C5792-5793%2C5797%2C5810%2C5815%2C5824%2C5828%2C5865-5866%2C5876%2C5917%2C5919-5920%2C5928%2C5934%2C5936%2C5949%2C5956-5958%2C5970%2C5972%2C5974%2C5976%2C5978%2C5980%2C5985-5986%2C5991%2C5999%2C6008%2C6014%2C6018-6019%2C6022%2C6026-6027%2C6031-6037%2C6047%2C6059-6061%2C6065%2C6075%2C6080%2C6085%2C6112%2C6115%2C6117%2C6119-6124%2C6126%2C6130-6131%2C6135%2C6139-6146%2C6149%2C6151-6153%2C6163%2C6167%2C6169%2C6177%2C6179%2C6185-6187%2C6196%2C6200%2C6202-6203%2C6205%2C6208%2C6215%2C6225-6226%2C6229%2C6231%2C6235-6236%2C6238%2C6240%2C6242%2C6244%2C6246%2C6250%2C6254%2C6319%2C6324%2C6327%2C6351-6352%2C6354%2C6356-6357%2C6359%2C6361%2C6363-6366%2C6370-6372%2C6378%2C6386%2C6388%2C6403%2C6426%2C6429%2C6431%2C6433%2C6447%2C6451%2C6453%2C6456-6457%2C6459%2C6469%2C6474%2C6478-6479%2C6481%2C6515%2C6535%2C6539%2C6545-6547%2C6577%2C6586%2C6612%2C6616%2C6620%2C6624
r6636
r6640
  +dir_prop: branches/qmmp-1.1 svn:mergeinfo /branches/qmmp-0.9:5574%0A/branches/qmmp-1.2:6526%2C6530%2C6532%2C6597%0A/trunk/qmmp:5275%2C5282-5283%2C5296-5300%2C5304-5305%2C5310%2C5315-5316%2C5331%2C5333%2C5337%2C5353%2C5367-5379%2C5385-5386%2C5391%2C5420%2C5424-5426%2C5428%2C5442-5444%2C5469%2C5471%2C5476%2C5481%2C5494%2C5497%2C5508-5509%2C5512%2C5517%2C5521%2C5525%2C5538%2C5550%2C5553%2C5556%2C5570%2C5578%2C5605%2C5612%2C5618%2C5621%2C5642%2C5672%2C5677%2C5696%2C5700%2C5702-5703%2C5721-5722%2C5729%2C5740-5746%2C5752%2C5759%2C5778%2C5789%2C5792-5793%2C5797%2C5810%2C5815%2C5824%2C5828%2C5865-5866%2C5876%2C5917%2C5919-5920%2C5928%2C5934%2C5936%2C5949%2C5956-5958%2C5970%2C5972%2C5974%2C5976%2C5978%2C5980%2C5985-5986%2C5991%2C5999%2C6008%2C6014%2C6018-6019%2C6022%2C6026-6027%2C6031-6037%2C6047%2C6059-6061%2C6065%2C6075%2C6080%2C6085%2C6112%2C6115%2C6117%2C6119-6124%2C6126%2C6130-6131%2C6135%2C6139-6146%2C6149%2C6151-6153%2C6163%2C6167%2C6169%2C6177%2C6179%2C6185-6187%2C6196%2C6200%2C6202-6203%2C6205%2C6208%2C6215%2C6225-6226%2C6229%2C6231%2C6235-6236%2C6238%2C6240%2C6242%2C6244%2C6246%2C6250%2C6254%2C6319%2C6324%2C6327%2C6351-6352%2C6354%2C6356-6357%2C6359%2C6361%2C6363-6366%2C6370-6372%2C6378%2C6386%2C6388%2C6403%2C6426%2C6429%2C6431%2C6433%2C6447%2C6451%2C6453%2C6456-6457%2C6459%2C6469%2C6474%2C6478-6479%2C6481%2C6515%2C6535%2C6539%2C6545-6547%2C6577%2C6586%2C6612%2C6616%2C6620%2C6624%2C6637
r6648
r6649
r6659
r6662
r6664
r6673
  +dir_prop: branches/qmmp-1.1 svn:mergeinfo /branches/qmmp-0.9:5574%0A/branches/qmmp-1.2:6526%2C6530%2C6532%2C6597%0A/trunk/qmmp:5275%2C5282-5283%2C5296-5300%2C5304-5305%2C5310%2C5315-5316%2C5331%2C5333%2C5337%2C5353%2C5367-5379%2C5385-5386%2C5391%2C5420%2C5424-5426%2C5428%2C5442-5444%2C5469%2C5471%2C5476%2C5481%2C5494%2C5497%2C5508-5509%2C5512%2C5517%2C5521%2C5525%2C5538%2C5550%2C5553%2C5556%2C5570%2C5578%2C5605%2C5612%2C5618%2C5621%2C5642%2C5672%2C5677%2C5696%2C5700%2C5702-5703%2C5721-5722%2C5729%2C5740-5746%2C5752%2C5759%2C5778%2C5789%2C5792-5793%2C5797%2C5810%2C5815%2C5824%2C5828%2C5865-5866%2C5876%2C5917%2C5919-5920%2C5928%2C5934%2C5936%2C5949%2C5956-5958%2C5970%2C5972%2C5974%2C5976%2C5978%2C5980%2C5985-5986%2C5991%2C5999%2C6008%2C6014%2C6018-6019%2C6022%2C6026-6027%2C6031-6037%2C6047%2C6059-6061%2C6065%2C6075%2C6080%2C6085%2C6112%2C6115%2C6117%2C6119-6124%2C6126%2C6130-6131%2C6135%2C6139-6146%2C6149%2C6151-6153%2C6163%2C6167%2C6169%2C6177%2C6179%2C6185-6187%2C6196%2C6200%2C6202-6203%2C6205%2C6208%2C6215%2C6225-6226%2C6229%2C6231%2C6235-6236%2C6238%2C6240%2C6242%2C6244%2C6246%2C6250%2C6254%2C6319%2C6324%2C6327%2C6351-6352%2C6354%2C6356-6357%2C6359%2C6361%2C6363-6366%2C6370-6372%2C6378%2C6386%2C6388%2C6403%2C6426%2C6429%2C6431%2C6433%2C6447%2C6451%2C6453%2C6456-6457%2C6459%2C6469%2C6474%2C6478-6479%2C6481%2C6515%2C6535%2C6539%2C6545-6547%2C6577%2C6586%2C6612%2C6616%2C6620%2C6624%2C6637%2C6671
r6679
  +dir_prop: branches/qmmp-1.1 svn:mergeinfo /branches/qmmp-0.9:5574%0A/branches/qmmp-1.2:6526%2C6530%2C6532%2C6597%0A/trunk/qmmp:5275%2C5282-5283%2C5296-5300%2C5304-5305%2C5310%2C5315-5316%2C5331%2C5333%2C5337%2C5353%2C5367-5379%2C5385-5386%2C5391%2C5420%2C5424-5426%2C5428%2C5442-5444%2C5469%2C5471%2C5476%2C5481%2C5494%2C5497%2C5508-5509%2C5512%2C5517%2C5521%2C5525%2C5538%2C5550%2C5553%2C5556%2C5570%2C5578%2C5605%2C5612%2C5618%2C5621%2C5642%2C5672%2C5677%2C5696%2C5700%2C5702-5703%2C5721-5722%2C5729%2C5740-5746%2C5752%2C5759%2C5778%2C5789%2C5792-5793%2C5797%2C5810%2C5815%2C5824%2C5828%2C5865-5866%2C5876%2C5917%2C5919-5920%2C5928%2C5934%2C5936%2C5949%2C5956-5958%2C5970%2C5972%2C5974%2C5976%2C5978%2C5980%2C5985-5986%2C5991%2C5999%2C6008%2C6014%2C6018-6019%2C6022%2C6026-6027%2C6031-6037%2C6047%2C6059-6061%2C6065%2C6075%2C6080%2C6085%2C6112%2C6115%2C6117%2C6119-6124%2C6126%2C6130-6131%2C6135%2C6139-6146%2C6149%2C6151-6153%2C6163%2C6167%2C6169%2C6177%2C6179%2C6185-6187%2C6196%2C6200%2C6202-6203%2C6205%2C6208%2C6215%2C6225-6226%2C6229%2C6231%2C6235-6236%2C6238%2C6240%2C6242%2C6244%2C6246%2C6250%2C6254%2C6319%2C6324%2C6327%2C6351-6352%2C6354%2C6356-6357%2C6359%2C6361%2C6363-6366%2C6370-6372%2C6378%2C6386%2C6388%2C6403%2C6426%2C6429%2C6431%2C6433%2C6447%2C6451%2C6453%2C6456-6457%2C6459%2C6469%2C6474%2C6478-6479%2C6481%2C6515%2C6535%2C6539%2C6545-6547%2C6577%2C6586%2C6612%2C6616%2C6620%2C6624%2C6637%2C6671%2C6677
r6682
r6685
  +dir_prop: branches/qmmp-1.1 svn:mergeinfo /branches/qmmp-0.9:5574%0A/branches/qmmp-1.2:6526%2C6530%2C6532%2C6597%0A/trunk/qmmp:5275%2C5282-5283%2C5296-5300%2C5304-5305%2C5310%2C5315-5316%2C5331%2C5333%2C5337%2C5353%2C5367-5379%2C5385-5386%2C5391%2C5420%2C5424-5426%2C5428%2C5442-5444%2C5469%2C5471%2C5476%2C5481%2C5494%2C5497%2C5508-5509%2C5512%2C5517%2C5521%2C5525%2C5538%2C5550%2C5553%2C5556%2C5570%2C5578%2C5605%2C5612%2C5618%2C5621%2C5642%2C5672%2C5677%2C5696%2C5700%2C5702-5703%2C5721-5722%2C5729%2C5740-5746%2C5752%2C5759%2C5778%2C5789%2C5792-5793%2C5797%2C5810%2C5815%2C5824%2C5828%2C5865-5866%2C5876%2C5917%2C5919-5920%2C5928%2C5934%2C5936%2C5949%2C5956-5958%2C5970%2C5972%2C5974%2C5976%2C5978%2C5980%2C5985-5986%2C5991%2C5999%2C6008%2C6014%2C6018-6019%2C6022%2C6026-6027%2C6031-6037%2C6047%2C6059-6061%2C6065%2C6075%2C6080%2C6085%2C6112%2C6115%2C6117%2C6119-6124%2C6126%2C6130-6131%2C6135%2C6139-6146%2C6149%2C6151-6153%2C6163%2C6167%2C6169%2C6177%2C6179%2C6185-6187%2C6196%2C6200%2C6202-6203%2C6205%2C6208%2C6215%2C6225-6226%2C6229%2C6231%2C6235-6236%2C6238%2C6240%2C6242%2C6244%2C6246%2C6250%2C6254%2C6319%2C6324%2C6327%2C6351-6352%2C6354%2C6356-6357%2C6359%2C6361%2C6363-6366%2C6370-6372%2C6378%2C6386%2C6388%2C6403%2C6426%2C6429%2C6431%2C6433%2C6447%2C6451%2C6453%2C6456-6457%2C6459%2C6469%2C6474%2C6478-6479%2C6481%2C6515%2C6535%2C6539%2C6545-6547%2C6577%2C6586%2C6612%2C6616%2C6620%2C6624%2C6637%2C6671%2C6677%2C6683
r6688
r6691
  +dir_prop: branches/qmmp-1.1 svn:mergeinfo /branches/qmmp-0.9:5574%0A/branches/qmmp-1.2:6526%2C6530%2C6532%2C6597%0A/trunk/qmmp:5275%2C5282-5283%2C5296-5300%2C5304-5305%2C5310%2C5315-5316%2C5331%2C5333%2C5337%2C5353%2C5367-5379%2C5385-5386%2C5391%2C5420%2C5424-5426%2C5428%2C5442-5444%2C5469%2C5471%2C5476%2C5481%2C5494%2C5497%2C5508-5509%2C5512%2C5517%2C5521%2C5525%2C5538%2C5550%2C5553%2C5556%2C5570%2C5578%2C5605%2C5612%2C5618%2C5621%2C5642%2C5672%2C5677%2C5696%2C5700%2C5702-5703%2C5721-5722%2C5729%2C5740-5746%2C5752%2C5759%2C5778%2C5789%2C5792-5793%2C5797%2C5810%2C5815%2C5824%2C5828%2C5865-5866%2C5876%2C5917%2C5919-5920%2C5928%2C5934%2C5936%2C5949%2C5956-5958%2C5970%2C5972%2C5974%2C5976%2C5978%2C5980%2C5985-5986%2C5991%2C5999%2C6008%2C6014%2C6018-6019%2C6022%2C6026-6027%2C6031-6037%2C6047%2C6059-6061%2C6065%2C6075%2C6080%2C6085%2C6112%2C6115%2C6117%2C6119-6124%2C6126%2C6130-6131%2C6135%2C6139-6146%2C6149%2C6151-6153%2C6163%2C6167%2C6169%2C6177%2C6179%2C6185-6187%2C6196%2C6200%2C6202-6203%2C6205%2C6208%2C6215%2C6225-6226%2C6229%2C6231%2C6235-6236%2C6238%2C6240%2C6242%2C6244%2C6246%2C6250%2C6254%2C6319%2C6324%2C6327%2C6351-6352%2C6354%2C6356-6357%2C6359%2C6361%2C6363-6366%2C6370-6372%2C6378%2C6386%2C6388%2C6403%2C6426%2C6429%2C6431%2C6433%2C6447%2C6451%2C6453%2C6456-6457%2C6459%2C6469%2C6474%2C6478-6479%2C6481%2C6515%2C6535%2C6539%2C6545-6547%2C6577%2C6586%2C6612%2C6616%2C6620%2C6624%2C6637%2C6671%2C6677%2C6683%2C6689
r6694
r6700
r6706
  +dir_prop: branches/qmmp-1.1 svn:mergeinfo /branches/qmmp-0.9:5574%0A/branches/qmmp-1.2:6526%2C6530%2C6532%2C6597%0A/trunk/qmmp:5275%2C5282-5283%2C5296-5300%2C5304-5305%2C5310%2C5315-5316%2C5331%2C5333%2C5337%2C5353%2C5367-5379%2C5385-5386%2C5391%2C5420%2C5424-5426%2C5428%2C5442-5444%2C5469%2C5471%2C5476%2C5481%2C5494%2C5497%2C5508-5509%2C5512%2C5517%2C5521%2C5525%2C5538%2C5550%2C5553%2C5556%2C5570%2C5578%2C5605%2C5612%2C5618%2C5621%2C5642%2C5672%2C5677%2C5696%2C5700%2C5702-5703%2C5721-5722%2C5729%2C5740-5746%2C5752%2C5759%2C5778%2C5789%2C5792-5793%2C5797%2C5810%2C5815%2C5824%2C5828%2C5865-5866%2C5876%2C5917%2C5919-5920%2C5928%2C5934%2C5936%2C5949%2C5956-5958%2C5970%2C5972%2C5974%2C5976%2C5978%2C5980%2C5985-5986%2C5991%2C5999%2C6008%2C6014%2C6018-6019%2C6022%2C6026-6027%2C6031-6037%2C6047%2C6059-6061%2C6065%2C6075%2C6080%2C6085%2C6112%2C6115%2C6117%2C6119-6124%2C6126%2C6130-6131%2C6135%2C6139-6146%2C6149%2C6151-6153%2C6163%2C6167%2C6169%2C6177%2C6179%2C6185-6187%2C6196%2C6200%2C6202-6203%2C6205%2C6208%2C6215%2C6225-6226%2C6229%2C6231%2C6235-6236%2C6238%2C6240%2C6242%2C6244%2C6246%2C6250%2C6254%2C6319%2C6324%2C6327%2C6351-6352%2C6354%2C6356-6357%2C6359%2C6361%2C6363-6366%2C6370-6372%2C6378%2C6386%2C6388%2C6403%2C6426%2C6429%2C6431%2C6433%2C6447%2C6451%2C6453%2C6456-6457%2C6459%2C6469%2C6474%2C6478-6479%2C6481%2C6515%2C6535%2C6539%2C6545-6547%2C6577%2C6586%2C6612%2C6616%2C6620%2C6624%2C6637%2C6671%2C6677%2C6683%2C6689%2C6704
r6713
  +dir_prop: branches/qmmp-1.1 svn:mergeinfo /branches/qmmp-0.10:6712%0A/branches/qmmp-0.9:5574%0A/branches/qmmp-1.2:6526%2C6530%2C6532%2C6597%0A/trunk/qmmp:5275%2C5282-5283%2C5296-5300%2C5304-5305%2C5310%2C5315-5316%2C5331%2C5333%2C5337%2C5353%2C5367-5379%2C5385-5386%2C5391%2C5420%2C5424-5426%2C5428%2C5442-5444%2C5469%2C5471%2C5476%2C5481%2C5494%2C5497%2C5508-5509%2C5512%2C5517%2C5521%2C5525%2C5538%2C5550%2C5553%2C5556%2C5570%2C5578%2C5605%2C5612%2C5618%2C5621%2C5642%2C5672%2C5677%2C5696%2C5700%2C5702-5703%2C5721-5722%2C5729%2C5740-5746%2C5752%2C5759%2C5778%2C5789%2C5792-5793%2C5797%2C5810%2C5815%2C5824%2C5828%2C5865-5866%2C5876%2C5917%2C5919-5920%2C5928%2C5934%2C5936%2C5949%2C5956-5958%2C5970%2C5972%2C5974%2C5976%2C5978%2C5980%2C5985-5986%2C5991%2C5999%2C6008%2C6014%2C6018-6019%2C6022%2C6026-6027%2C6031-6037%2C6047%2C6059-6061%2C6065%2C6075%2C6080%2C6085%2C6112%2C6115%2C6117%2C6119-6124%2C6126%2C6130-6131%2C6135%2C6139-6146%2C6149%2C6151-6153%2C6163%2C6167%2C6169%2C6177%2C6179%2C6185-6187%2C6196%2C6200%2C6202-6203%2C6205%2C6208%2C6215%2C6225-6226%2C6229%2C6231%2C6235-6236%2C6238%2C6240%2C6242%2C6244%2C6246%2C6250%2C6254%2C6319%2C6324%2C6327%2C6351-6352%2C6354%2C6356-6357%2C6359%2C6361%2C6363-6366%2C6370-6372%2C6378%2C6386%2C6388%2C6403%2C6426%2C6429%2C6431%2C6433%2C6447%2C6451%2C6453%2C6456-6457%2C6459%2C6469%2C6474%2C6478-6479%2C6481%2C6515%2C6535%2C6539%2C6545-6547%2C6577%2C6586%2C6612%2C6616%2C6620%2C6624%2C6637%2C6671%2C6677%2C6683%2C6689%2C6704
r6726
  +dir_prop: branches/qmmp-1.1 svn:mergeinfo /branches/qmmp-0.10:6712%2C6725%0A/branches/qmmp-0.9:5574%0A/branches/qmmp-1.2:6526%2C6530%2C6532%2C6597%0A/trunk/qmmp:5275%2C5282-5283%2C5296-5300%2C5304-5305%2C5310%2C5315-5316%2C5331%2C5333%2C5337%2C5353%2C5367-5379%2C5385-5386%2C5391%2C5420%2C5424-5426%2C5428%2C5442-5444%2C5469%2C5471%2C5476%2C5481%2C5494%2C5497%2C5508-5509%2C5512%2C5517%2C5521%2C5525%2C5538%2C5550%2C5553%2C5556%2C5570%2C5578%2C5605%2C5612%2C5618%2C5621%2C5642%2C5672%2C5677%2C5696%2C5700%2C5702-5703%2C5721-5722%2C5729%2C5740-5746%2C5752%2C5759%2C5778%2C5789%2C5792-5793%2C5797%2C5810%2C5815%2C5824%2C5828%2C5865-5866%2C5876%2C5917%2C5919-5920%2C5928%2C5934%2C5936%2C5949%2C5956-5958%2C5970%2C5972%2C5974%2C5976%2C5978%2C5980%2C5985-5986%2C5991%2C5999%2C6008%2C6014%2C6018-6019%2C6022%2C6026-6027%2C6031-6037%2C6047%2C6059-6061%2C6065%2C6075%2C6080%2C6085%2C6112%2C6115%2C6117%2C6119-6124%2C6126%2C6130-6131%2C6135%2C6139-6146%2C6149%2C6151-6153%2C6163%2C6167%2C6169%2C6177%2C6179%2C6185-6187%2C6196%2C6200%2C6202-6203%2C6205%2C6208%2C6215%2C6225-6226%2C6229%2C6231%2C6235-6236%2C6238%2C6240%2C6242%2C6244%2C6246%2C6250%2C6254%2C6319%2C6324%2C6327%2C6351-6352%2C6354%2C6356-6357%2C6359%2C6361%2C6363-6366%2C6370-6372%2C6378%2C6386%2C6388%2C6403%2C6426%2C6429%2C6431%2C6433%2C6447%2C6451%2C6453%2C6456-6457%2C6459%2C6469%2C6474%2C6478-6479%2C6481%2C6515%2C6535%2C6539%2C6545-6547%2C6577%2C6586%2C6612%2C6616%2C6620%2C6624%2C6637%2C6671%2C6677%2C6683%2C6689%2C6704
r6735
r6738
r6748
r6750
r6755
r6788
  +dir_prop: branches/qmmp-1.1 svn:mergeinfo /branches/qmmp-0.10:6712%2C6725%0A/branches/qmmp-0.9:5574%0A/branches/qmmp-1.2:6526%2C6530%2C6532%2C6597%0A/trunk/qmmp:5275%2C5282-5283%2C5296-5300%2C5304-5305%2C5310%2C5315-5316%2C5331%2C5333%2C5337%2C5353%2C5367-5379%2C5385-5386%2C5391%2C5420%2C5424-5426%2C5428%2C5442-5444%2C5469%2C5471%2C5476%2C5481%2C5494%2C5497%2C5508-5509%2C5512%2C5517%2C5521%2C5525%2C5538%2C5550%2C5553%2C5556%2C5570%2C5578%2C5605%2C5612%2C5618%2C5621%2C5642%2C5672%2C5677%2C5696%2C5700%2C5702-5703%2C5721-5722%2C5729%2C5740-5746%2C5752%2C5759%2C5778%2C5789%2C5792-5793%2C5797%2C5810%2C5815%2C5824%2C5828%2C5865-5866%2C5876%2C5917%2C5919-5920%2C5928%2C5934%2C5936%2C5949%2C5956-5958%2C5970%2C5972%2C5974%2C5976%2C5978%2C5980%2C5985-5986%2C5991%2C5999%2C6008%2C6014%2C6018-6019%2C6022%2C6026-6027%2C6031-6037%2C6047%2C6059-6061%2C6065%2C6075%2C6080%2C6085%2C6112%2C6115%2C6117%2C6119-6124%2C6126%2C6130-6131%2C6135%2C6139-6146%2C6149%2C6151-6153%2C6163%2C6167%2C6169%2C6177%2C6179%2C6185-6187%2C6196%2C6200%2C6202-6203%2C6205%2C6208%2C6215%2C6225-6226%2C6229%2C6231%2C6235-6236%2C6238%2C6240%2C6242%2C6244%2C6246%2C6250%2C6254%2C6319%2C6324%2C6327%2C6351-6352%2C6354%2C6356-6357%2C6359%2C6361%2C6363-6366%2C6370-6372%2C6378%2C6386%2C6388%2C6403%2C6426%2C6429%2C6431%2C6433%2C6447%2C6451%2C6453%2C6456-6457%2C6459%2C6469%2C6474%2C6478-6479%2C6481%2C6515%2C6535%2C6539%2C6545-6547%2C6577%2C6586%2C6612%2C6616%2C6620%2C6624%2C6637%2C6671%2C6677%2C6683%2C6689%2C6704%2C6781%2C6783-6785
r6791
  +dir_prop: branches/qmmp-1.1 svn:mergeinfo /branches/qmmp-0.10:6712%2C6725%0A/branches/qmmp-0.9:5574%0A/branches/qmmp-1.2:6526%2C6530%2C6532%2C6597%0A/trunk/qmmp:5275%2C5282-5283%2C5296-5300%2C5304-5305%2C5310%2C5315-5316%2C5331%2C5333%2C5337%2C5353%2C5367-5379%2C5385-5386%2C5391%2C5420%2C5424-5426%2C5428%2C5442-5444%2C5469%2C5471%2C5476%2C5481%2C5494%2C5497%2C5508-5509%2C5512%2C5517%2C5521%2C5525%2C5538%2C5550%2C5553%2C5556%2C5570%2C5578%2C5605%2C5612%2C5618%2C5621%2C5642%2C5672%2C5677%2C5696%2C5700%2C5702-5703%2C5721-5722%2C5729%2C5740-5746%2C5752%2C5759%2C5778%2C5789%2C5792-5793%2C5797%2C5810%2C5815%2C5824%2C5828%2C5865-5866%2C5876%2C5917%2C5919-5920%2C5928%2C5934%2C5936%2C5949%2C5956-5958%2C5970%2C5972%2C5974%2C5976%2C5978%2C5980%2C5985-5986%2C5991%2C5999%2C6008%2C6014%2C6018-6019%2C6022%2C6026-6027%2C6031-6037%2C6047%2C6059-6061%2C6065%2C6075%2C6080%2C6085%2C6112%2C6115%2C6117%2C6119-6124%2C6126%2C6130-6131%2C6135%2C6139-6146%2C6149%2C6151-6153%2C6163%2C6167%2C6169%2C6177%2C6179%2C6185-6187%2C6196%2C6200%2C6202-6203%2C6205%2C6208%2C6215%2C6225-6226%2C6229%2C6231%2C6235-6236%2C6238%2C6240%2C6242%2C6244%2C6246%2C6250%2C6254%2C6319%2C6324%2C6327%2C6351-6352%2C6354%2C6356-6357%2C6359%2C6361%2C6363-6366%2C6370-6372%2C6378%2C6386%2C6388%2C6403%2C6426%2C6429%2C6431%2C6433%2C6447%2C6451%2C6453%2C6456-6457%2C6459%2C6469%2C6474%2C6478-6479%2C6481%2C6515%2C6535%2C6539%2C6545-6547%2C6577%2C6586%2C6612%2C6616%2C6620%2C6624%2C6637%2C6671%2C6677%2C6683%2C6689%2C6704%2C6781%2C6783-6785%2C6789
  +dir_prop: branches/qmmp-1.1/src/plugins/Ui/qsui svn:mergeinfo /trunk/qmmp/src/plugins/Ui/qsui:5275%2C5282-5283%2C5296-5300%2C5304-5305%2C5310%2C5315-5316%2C5331%2C5333%2C5337%2C5353%2C5367-5379%2C5386%2C5428%2C5508-5509%2C5512%2C5696%2C5700%2C5789%2C5792-5793%2C5829-5905%2C5934%2C6026-6027%2C6060-6061%2C6144-6146%2C6149%2C6151-6153%2C6169%2C6185-6187%2C6196%2C6202-6203%2C6205%2C6208%2C6225-6226%2C6229%2C6231%2C6236%2C6238%2C6240%2C6327%2C6547%2C6577%2C6789%0A/trunk/qmmp/src/plugins/Ui/skinned:5223%2C6018-6019%2C6022
r6797
  +dir_prop: branches/qmmp-1.1 svn:mergeinfo /branches/qmmp-0.10:6712%2C6725%0A/branches/qmmp-0.9:5574%0A/branches/qmmp-1.2:6526%2C6530%2C6532%2C6597%0A/trunk/qmmp:5275%2C5282-5283%2C5296-5300%2C5304-5305%2C5310%2C5315-5316%2C5331%2C5333%2C5337%2C5353%2C5367-5379%2C5385-5386%2C5391%2C5420%2C5424-5426%2C5428%2C5442-5444%2C5469%2C5471%2C5476%2C5481%2C5494%2C5497%2C5508-5509%2C5512%2C5517%2C5521%2C5525%2C5538%2C5550%2C5553%2C5556%2C5570%2C5578%2C5605%2C5612%2C5618%2C5621%2C5642%2C5672%2C5677%2C5696%2C5700%2C5702-5703%2C5721-5722%2C5729%2C5740-5746%2C5752%2C5759%2C5778%2C5789%2C5792-5793%2C5797%2C5810%2C5815%2C5824%2C5828%2C5865-5866%2C5876%2C5917%2C5919-5920%2C5928%2C5934%2C5936%2C5949%2C5956-5958%2C5970%2C5972%2C5974%2C5976%2C5978%2C5980%2C5985-5986%2C5991%2C5999%2C6008%2C6014%2C6018-6019%2C6022%2C6026-6027%2C6031-6037%2C6047%2C6059-6061%2C6065%2C6075%2C6080%2C6085%2C6112%2C6115%2C6117%2C6119-6124%2C6126%2C6130-6131%2C6135%2C6139-6146%2C6149%2C6151-6153%2C6163%2C6167%2C6169%2C6177%2C6179%2C6185-6187%2C6196%2C6200%2C6202-6203%2C6205%2C6208%2C6215%2C6225-6226%2C6229%2C6231%2C6235-6236%2C6238%2C6240%2C6242%2C6244%2C6246%2C6250%2C6254%2C6319%2C6324%2C6327%2C6351-6352%2C6354%2C6356-6357%2C6359%2C6361%2C6363-6366%2C6370-6372%2C6378%2C6386%2C6388%2C6403%2C6426%2C6429%2C6431%2C6433%2C6447%2C6451%2C6453%2C6456-6457%2C6459%2C6469%2C6474%2C6478-6479%2C6481%2C6515%2C6535%2C6539%2C6545-6547%2C6577%2C6586%2C6612%2C6616%2C6620%2C6624%2C6637%2C6671%2C6677%2C6683%2C6689%2C6704%2C6781%2C6783-6785%2C6789%2C6796
r6800
  +dir_prop: branches/qmmp-1.1 svn:mergeinfo /branches/qmmp-0.10:6712%2C6725%0A/branches/qmmp-0.9:5574%0A/branches/qmmp-1.2:6526%2C6530%2C6532%2C6597%2C6799%0A/trunk/qmmp:5275%2C5282-5283%2C5296-5300%2C5304-5305%2C5310%2C5315-5316%2C5331%2C5333%2C5337%2C5353%2C5367-5379%2C5385-5386%2C5391%2C5420%2C5424-5426%2C5428%2C5442-5444%2C5469%2C5471%2C5476%2C5481%2C5494%2C5497%2C5508-5509%2C5512%2C5517%2C5521%2C5525%2C5538%2C5550%2C5553%2C5556%2C5570%2C5578%2C5605%2C5612%2C5618%2C5621%2C5642%2C5672%2C5677%2C5696%2C5700%2C5702-5703%2C5721-5722%2C5729%2C5740-5746%2C5752%2C5759%2C5778%2C5789%2C5792-5793%2C5797%2C5810%2C5815%2C5824%2C5828%2C5865-5866%2C5876%2C5917%2C5919-5920%2C5928%2C5934%2C5936%2C5949%2C5956-5958%2C5970%2C5972%2C5974%2C5976%2C5978%2C5980%2C5985-5986%2C5991%2C5999%2C6008%2C6014%2C6018-6019%2C6022%2C6026-6027%2C6031-6037%2C6047%2C6059-6061%2C6065%2C6075%2C6080%2C6085%2C6112%2C6115%2C6117%2C6119-6124%2C6126%2C6130-6131%2C6135%2C6139-6146%2C6149%2C6151-6153%2C6163%2C6167%2C6169%2C6177%2C6179%2C6185-6187%2C6196%2C6200%2C6202-6203%2C6205%2C6208%2C6215%2C6225-6226%2C6229%2C6231%2C6235-6236%2C6238%2C6240%2C6242%2C6244%2C6246%2C6250%2C6254%2C6319%2C6324%2C6327%2C6351-6352%2C6354%2C6356-6357%2C6359%2C6361%2C6363-6366%2C6370-6372%2C6378%2C6386%2C6388%2C6403%2C6426%2C6429%2C6431%2C6433%2C6447%2C6451%2C6453%2C6456-6457%2C6459%2C6469%2C6474%2C6478-6479%2C6481%2C6515%2C6535%2C6539%2C6545-6547%2C6577%2C6586%2C6612%2C6616%2C6620%2C6624%2C6637%2C6671%2C6677%2C6683%2C6689%2C6704%2C6781%2C6783-6785%2C6789%2C6796
r6805
  +dir_prop: branches/qmmp-1.1 svn:mergeinfo /branches/qmmp-0.10:6712%2C6725%0A/branches/qmmp-0.9:5574%0A/branches/qmmp-1.2:6526%2C6530%2C6532%2C6597%2C6799%0A/trunk/qmmp:5275%2C5282-5283%2C5296-5300%2C5304-5305%2C5310%2C5315-5316%2C5331%2C5333%2C5337%2C5353%2C5367-5379%2C5385-5386%2C5391%2C5420%2C5424-5426%2C5428%2C5442-5444%2C5469%2C5471%2C5476%2C5481%2C5494%2C5497%2C5508-5509%2C5512%2C5517%2C5521%2C5525%2C5538%2C5550%2C5553%2C5556%2C5570%2C5578%2C5605%2C5612%2C5618%2C5621%2C5642%2C5672%2C5677%2C5696%2C5700%2C5702-5703%2C5721-5722%2C5729%2C5740-5746%2C5752%2C5759%2C5778%2C5789%2C5792-5793%2C5797%2C5810%2C5815%2C5824%2C5828%2C5865-5866%2C5876%2C5917%2C5919-5920%2C5928%2C5934%2C5936%2C5949%2C5956-5958%2C5970%2C5972%2C5974%2C5976%2C5978%2C5980%2C5985-5986%2C5991%2C5999%2C6008%2C6014%2C6018-6019%2C6022%2C6026-6027%2C6031-6037%2C6047%2C6059-6061%2C6065%2C6075%2C6080%2C6085%2C6112%2C6115%2C6117%2C6119-6124%2C6126%2C6130-6131%2C6135%2C6139-6146%2C6149%2C6151-6153%2C6163%2C6167%2C6169%2C6177%2C6179%2C6185-6187%2C6196%2C6200%2C6202-6203%2C6205%2C6208%2C6215%2C6225-6226%2C6229%2C6231%2C6235-6236%2C6238%2C6240%2C6242%2C6244%2C6246%2C6250%2C6254%2C6319%2C6324%2C6327%2C6351-6352%2C6354%2C6356-6357%2C6359%2C6361%2C6363-6366%2C6370-6372%2C6378%2C6386%2C6388%2C6403%2C6426%2C6429%2C6431%2C6433%2C6447%2C6451%2C6453%2C6456-6457%2C6459%2C6469%2C6474%2C6478-6479%2C6481%2C6515%2C6535%2C6539%2C6545-6547%2C6577%2C6586%2C6612%2C6616%2C6620%2C6624%2C6637%2C6671%2C6677%2C6683%2C6689%2C6704%2C6781%2C6783-6785%2C6789%2C6796%2C6803
r6810
r6817
  +dir_prop: branches/qmmp-1.1 svn:mergeinfo /branches/qmmp-0.10:6712%2C6725%0A/branches/qmmp-0.9:5574%0A/branches/qmmp-1.2:6526%2C6530%2C6532%2C6597%2C6799%0A/trunk/qmmp:5275%2C5282-5283%2C5296-5300%2C5304-5305%2C5310%2C5315-5316%2C5331%2C5333%2C5337%2C5353%2C5367-5379%2C5385-5386%2C5391%2C5420%2C5424-5426%2C5428%2C5442-5444%2C5469%2C5471%2C5476%2C5481%2C5494%2C5497%2C5508-5509%2C5512%2C5517%2C5521%2C5525%2C5538%2C5550%2C5553%2C5556%2C5570%2C5578%2C5605%2C5612%2C5618%2C5621%2C5642%2C5672%2C5677%2C5696%2C5700%2C5702-5703%2C5721-5722%2C5729%2C5740-5746%2C5752%2C5759%2C5778%2C5789%2C5792-5793%2C5797%2C5810%2C5815%2C5824%2C5828%2C5865-5866%2C5876%2C5917%2C5919-5920%2C5928%2C5934%2C5936%2C5949%2C5956-5958%2C5970%2C5972%2C5974%2C5976%2C5978%2C5980%2C5985-5986%2C5991%2C5999%2C6008%2C6014%2C6018-6019%2C6022%2C6026-6027%2C6031-6037%2C6047%2C6059-6061%2C6065%2C6075%2C6080%2C6085%2C6112%2C6115%2C6117%2C6119-6124%2C6126%2C6130-6131%2C6135%2C6139-6146%2C6149%2C6151-6153%2C6163%2C6167%2C6169%2C6177%2C6179%2C6185-6187%2C6196%2C6200%2C6202-6203%2C6205%2C6208%2C6215%2C6225-6226%2C6229%2C6231%2C6235-6236%2C6238%2C6240%2C6242%2C6244%2C6246%2C6250%2C6254%2C6319%2C6324%2C6327%2C6351-6352%2C6354%2C6356-6357%2C6359%2C6361%2C6363-6366%2C6370-6372%2C6378%2C6386%2C6388%2C6403%2C6426%2C6429%2C6431%2C6433%2C6447%2C6451%2C6453%2C6456-6457%2C6459%2C6469%2C6474%2C6478-6479%2C6481%2C6515%2C6535%2C6539%2C6545-6547%2C6577%2C6586%2C6612%2C6616%2C6620%2C6624%2C6637%2C6671%2C6677%2C6683%2C6689%2C6704%2C6781%2C6783-6785%2C6789%2C6796%2C6803%2C6814-6815
r6828
  +dir_prop: branches/qmmp-1.1 svn:mergeinfo /branches/qmmp-0.10:6712%2C6725%0A/branches/qmmp-0.9:5574%0A/branches/qmmp-1.2:6526%2C6530%2C6532%2C6597%2C6799%2C6827%0A/trunk/qmmp:5275%2C5282-5283%2C5296-5300%2C5304-5305%2C5310%2C5315-5316%2C5331%2C5333%2C5337%2C5353%2C5367-5379%2C5385-5386%2C5391%2C5420%2C5424-5426%2C5428%2C5442-5444%2C5469%2C5471%2C5476%2C5481%2C5494%2C5497%2C5508-5509%2C5512%2C5517%2C5521%2C5525%2C5538%2C5550%2C5553%2C5556%2C5570%2C5578%2C5605%2C5612%2C5618%2C5621%2C5642%2C5672%2C5677%2C5696%2C5700%2C5702-5703%2C5721-5722%2C5729%2C5740-5746%2C5752%2C5759%2C5778%2C5789%2C5792-5793%2C5797%2C5810%2C5815%2C5824%2C5828%2C5865-5866%2C5876%2C5917%2C5919-5920%2C5928%2C5934%2C5936%2C5949%2C5956-5958%2C5970%2C5972%2C5974%2C5976%2C5978%2C5980%2C5985-5986%2C5991%2C5999%2C6008%2C6014%2C6018-6019%2C6022%2C6026-6027%2C6031-6037%2C6047%2C6059-6061%2C6065%2C6075%2C6080%2C6085%2C6112%2C6115%2C6117%2C6119-6124%2C6126%2C6130-6131%2C6135%2C6139-6146%2C6149%2C6151-6153%2C6163%2C6167%2C6169%2C6177%2C6179%2C6185-6187%2C6196%2C6200%2C6202-6203%2C6205%2C6208%2C6215%2C6225-6226%2C6229%2C6231%2C6235-6236%2C6238%2C6240%2C6242%2C6244%2C6246%2C6250%2C6254%2C6319%2C6324%2C6327%2C6351-6352%2C6354%2C6356-6357%2C6359%2C6361%2C6363-6366%2C6370-6372%2C6378%2C6386%2C6388%2C6403%2C6426%2C6429%2C6431%2C6433%2C6447%2C6451%2C6453%2C6456-6457%2C6459%2C6469%2C6474%2C6478-6479%2C6481%2C6515%2C6535%2C6539%2C6545-6547%2C6577%2C6586%2C6612%2C6616%2C6620%2C6624%2C6637%2C6671%2C6677%2C6683%2C6689%2C6704%2C6781%2C6783-6785%2C6789%2C6796%2C6803%2C6814-6815%2C6825
r6830
r6833
  +dir_prop: branches/qmmp-1.1 svn:mergeinfo /branches/qmmp-0.10:6712%2C6725%0A/branches/qmmp-0.9:5574%0A/branches/qmmp-1.2:6526%2C6530%2C6532%2C6597%2C6799%2C6827%0A/trunk/qmmp:5275%2C5282-5283%2C5296-5300%2C5304-5305%2C5310%2C5315-5316%2C5331%2C5333%2C5337%2C5353%2C5367-5379%2C5385-5386%2C5391%2C5420%2C5424-5426%2C5428%2C5442-5444%2C5469%2C5471%2C5476%2C5481%2C5494%2C5497%2C5508-5509%2C5512%2C5517%2C5521%2C5525%2C5538%2C5550%2C5553%2C5556%2C5570%2C5578%2C5605%2C5612%2C5618%2C5621%2C5642%2C5672%2C5677%2C5696%2C5700%2C5702-5703%2C5721-5722%2C5729%2C5740-5746%2C5752%2C5759%2C5778%2C5789%2C5792-5793%2C5797%2C5810%2C5815%2C5824%2C5828%2C5865-5866%2C5876%2C5917%2C5919-5920%2C5928%2C5934%2C5936%2C5949%2C5956-5958%2C5970%2C5972%2C5974%2C5976%2C5978%2C5980%2C5985-5986%2C5991%2C5999%2C6008%2C6014%2C6018-6019%2C6022%2C6026-6027%2C6031-6037%2C6047%2C6059-6061%2C6065%2C6075%2C6080%2C6085%2C6112%2C6115%2C6117%2C6119-6124%2C6126%2C6130-6131%2C6135%2C6139-6146%2C6149%2C6151-6153%2C6163%2C6167%2C6169%2C6177%2C6179%2C6185-6187%2C6196%2C6200%2C6202-6203%2C6205%2C6208%2C6215%2C6225-6226%2C6229%2C6231%2C6235-6236%2C6238%2C6240%2C6242%2C6244%2C6246%2C6250%2C6254%2C6319%2C6324%2C6327%2C6351-6352%2C6354%2C6356-6357%2C6359%2C6361%2C6363-6366%2C6370-6372%2C6378%2C6386%2C6388%2C6403%2C6426%2C6429%2C6431%2C6433%2C6447%2C6451%2C6453%2C6456-6457%2C6459%2C6469%2C6474%2C6478-6479%2C6481%2C6515%2C6535%2C6539%2C6545-6547%2C6577%2C6586%2C6612%2C6616%2C6620%2C6624%2C6637%2C6671%2C6677%2C6683%2C6689%2C6704%2C6781%2C6783-6785%2C6789%2C6796%2C6803%2C6814-6815%2C6825%2C6831
r6836
r6886
r6890
r6900
r6904
  +dir_prop: branches/qmmp-1.1 svn:mergeinfo /branches/qmmp-0.10:6712%2C6725%2C6903%0A/branches/qmmp-0.9:5574%0A/branches/qmmp-1.2:6526%2C6530%2C6532%2C6597%2C6799%2C6827%0A/trunk/qmmp:5275%2C5282-5283%2C5296-5300%2C5304-5305%2C5310%2C5315-5316%2C5331%2C5333%2C5337%2C5353%2C5367-5379%2C5385-5386%2C5391%2C5420%2C5424-5426%2C5428%2C5442-5444%2C5469%2C5471%2C5476%2C5481%2C5494%2C5497%2C5508-5509%2C5512%2C5517%2C5521%2C5525%2C5538%2C5550%2C5553%2C5556%2C5570%2C5578%2C5605%2C5612%2C5618%2C5621%2C5642%2C5672%2C5677%2C5696%2C5700%2C5702-5703%2C5721-5722%2C5729%2C5740-5746%2C5752%2C5759%2C5778%2C5789%2C5792-5793%2C5797%2C5810%2C5815%2C5824%2C5828%2C5865-5866%2C5876%2C5917%2C5919-5920%2C5928%2C5934%2C5936%2C5949%2C5956-5958%2C5970%2C5972%2C5974%2C5976%2C5978%2C5980%2C5985-5986%2C5991%2C5999%2C6008%2C6014%2C6018-6019%2C6022%2C6026-6027%2C6031-6037%2C6047%2C6059-6061%2C6065%2C6075%2C6080%2C6085%2C6112%2C6115%2C6117%2C6119-6124%2C6126%2C6130-6131%2C6135%2C6139-6146%2C6149%2C6151-6153%2C6163%2C6167%2C6169%2C6177%2C6179%2C6185-6187%2C6196%2C6200%2C6202-6203%2C6205%2C6208%2C6215%2C6225-6226%2C6229%2C6231%2C6235-6236%2C6238%2C6240%2C6242%2C6244%2C6246%2C6250%2C6254%2C6319%2C6324%2C6327%2C6351-6352%2C6354%2C6356-6357%2C6359%2C6361%2C6363-6366%2C6370-6372%2C6378%2C6386%2C6388%2C6403%2C6426%2C6429%2C6431%2C6433%2C6447%2C6451%2C6453%2C6456-6457%2C6459%2C6469%2C6474%2C6478-6479%2C6481%2C6515%2C6535%2C6539%2C6545-6547%2C6577%2C6586%2C6612%2C6616%2C6620%2C6624%2C6637%2C6671%2C6677%2C6683%2C6689%2C6704%2C6781%2C6783-6785%2C6789%2C6796%2C6803%2C6814-6815%2C6825%2C6831%2C6901
r6907
  +dir_prop: branches/qmmp-1.1 svn:mergeinfo /branches/qmmp-0.10:6712%2C6725%2C6903%0A/branches/qmmp-0.9:5574%0A/branches/qmmp-1.2:6526%2C6530%2C6532%2C6597%2C6799%2C6827%0A/trunk/qmmp:5275%2C5282-5283%2C5296-5300%2C5304-5305%2C5310%2C5315-5316%2C5331%2C5333%2C5337%2C5353%2C5367-5379%2C5385-5386%2C5391%2C5420%2C5424-5426%2C5428%2C5442-5444%2C5469%2C5471%2C5476%2C5481%2C5494%2C5497%2C5508-5509%2C5512%2C5517%2C5521%2C5525%2C5538%2C5550%2C5553%2C5556%2C5570%2C5578%2C5605%2C5612%2C5618%2C5621%2C5642%2C5672%2C5677%2C5696%2C5700%2C5702-5703%2C5721-5722%2C5729%2C5740-5746%2C5752%2C5759%2C5778%2C5789%2C5792-5793%2C5797%2C5810%2C5815%2C5824%2C5828%2C5865-5866%2C5876%2C5917%2C5919-5920%2C5928%2C5934%2C5936%2C5949%2C5956-5958%2C5970%2C5972%2C5974%2C5976%2C5978%2C5980%2C5985-5986%2C5991%2C5999%2C6008%2C6014%2C6018-6019%2C6022%2C6026-6027%2C6031-6037%2C6047%2C6059-6061%2C6065%2C6075%2C6080%2C6085%2C6112%2C6115%2C6117%2C6119-6124%2C6126%2C6130-6131%2C6135%2C6139-6146%2C6149%2C6151-6153%2C6163%2C6167%2C6169%2C6177%2C6179%2C6185-6187%2C6196%2C6200%2C6202-6203%2C6205%2C6208%2C6215%2C6225-6226%2C6229%2C6231%2C6235-6236%2C6238%2C6240%2C6242%2C6244%2C6246%2C6250%2C6254%2C6319%2C6324%2C6327%2C6351-6352%2C6354%2C6356-6357%2C6359%2C6361%2C6363-6366%2C6370-6372%2C6378%2C6386%2C6388%2C6403%2C6426%2C6429%2C6431%2C6433%2C6447%2C6451%2C6453%2C6456-6457%2C6459%2C6469%2C6474%2C6478-6479%2C6481%2C6515%2C6535%2C6539%2C6545-6547%2C6577%2C6586%2C6612%2C6616%2C6620%2C6624%2C6637%2C6671%2C6677%2C6683%2C6689%2C6704%2C6781%2C6783-6785%2C6789%2C6796%2C6803%2C6814-6815%2C6825%2C6831%2C6901%2C6905
r6911
  +dir_prop: branches/qmmp-1.1 svn:mergeinfo /branches/qmmp-0.10:6712%2C6725%2C6903%0A/branches/qmmp-0.9:5574%0A/branches/qmmp-1.2:6526%2C6530%2C6532%2C6597%2C6799%2C6827%0A/trunk/qmmp:5275%2C5282-5283%2C5296-5300%2C5304-5305%2C5310%2C5315-5316%2C5331%2C5333%2C5337%2C5353%2C5367-5379%2C5385-5386%2C5391%2C5420%2C5424-5426%2C5428%2C5442-5444%2C5469%2C5471%2C5476%2C5481%2C5494%2C5497%2C5508-5509%2C5512%2C5517%2C5521%2C5525%2C5538%2C5550%2C5553%2C5556%2C5570%2C5578%2C5605%2C5612%2C5618%2C5621%2C5642%2C5672%2C5677%2C5696%2C5700%2C5702-5703%2C5721-5722%2C5729%2C5740-5746%2C5752%2C5759%2C5778%2C5789%2C5792-5793%2C5797%2C5810%2C5815%2C5824%2C5828%2C5865-5866%2C5876%2C5917%2C5919-5920%2C5928%2C5934%2C5936%2C5949%2C5956-5958%2C5970%2C5972%2C5974%2C5976%2C5978%2C5980%2C5985-5986%2C5991%2C5999%2C6008%2C6014%2C6018-6019%2C6022%2C6026-6027%2C6031-6037%2C6047%2C6059-6061%2C6065%2C6075%2C6080%2C6085%2C6112%2C6115%2C6117%2C6119-6124%2C6126%2C6130-6131%2C6135%2C6139-6146%2C6149%2C6151-6153%2C6163%2C6167%2C6169%2C6177%2C6179%2C6185-6187%2C6196%2C6200%2C6202-6203%2C6205%2C6208%2C6215%2C6225-6226%2C6229%2C6231%2C6235-6236%2C6238%2C6240%2C6242%2C6244%2C6246%2C6250%2C6254%2C6319%2C6324%2C6327%2C6351-6352%2C6354%2C6356-6357%2C6359%2C6361%2C6363-6366%2C6370-6372%2C6378%2C6386%2C6388%2C6403%2C6426%2C6429%2C6431%2C6433%2C6447%2C6451%2C6453%2C6456-6457%2C6459%2C6469%2C6474%2C6478-6479%2C6481%2C6515%2C6535%2C6539%2C6545-6547%2C6577%2C6586%2C6612%2C6616%2C6620%2C6624%2C6637%2C6671%2C6677%2C6683%2C6689%2C6704%2C6781%2C6783-6785%2C6789%2C6796%2C6803%2C6814-6815%2C6825%2C6831%2C6901%2C6905%2C6909
r6921
  +dir_prop: branches/qmmp-1.1 svn:mergeinfo /branches/qmmp-0.10:6712%2C6725%2C6903%0A/branches/qmmp-0.9:5574%0A/branches/qmmp-1.2:6526%2C6530%2C6532%2C6597%2C6799%2C6827%0A/trunk/qmmp:5275%2C5282-5283%2C5296-5300%2C5304-5305%2C5310%2C5315-5316%2C5331%2C5333%2C5337%2C5353%2C5367-5379%2C5385-5386%2C5391%2C5420%2C5424-5426%2C5428%2C5442-5444%2C5469%2C5471%2C5476%2C5481%2C5494%2C5497%2C5508-5509%2C5512%2C5517%2C5521%2C5525%2C5538%2C5550%2C5553%2C5556%2C5570%2C5578%2C5605%2C5612%2C5618%2C5621%2C5642%2C5672%2C5677%2C5696%2C5700%2C5702-5703%2C5721-5722%2C5729%2C5740-5746%2C5752%2C5759%2C5778%2C5789%2C5792-5793%2C5797%2C5810%2C5815%2C5824%2C5828%2C5865-5866%2C5876%2C5917%2C5919-5920%2C5928%2C5934%2C5936%2C5949%2C5956-5958%2C5970%2C5972%2C5974%2C5976%2C5978%2C5980%2C5985-5986%2C5991%2C5999%2C6008%2C6014%2C6018-6019%2C6022%2C6026-6027%2C6031-6037%2C6047%2C6059-6061%2C6065%2C6075%2C6080%2C6085%2C6112%2C6115%2C6117%2C6119-6124%2C6126%2C6130-6131%2C6135%2C6139-6146%2C6149%2C6151-6153%2C6163%2C6167%2C6169%2C6177%2C6179%2C6185-6187%2C6196%2C6200%2C6202-6203%2C6205%2C6208%2C6215%2C6225-6226%2C6229%2C6231%2C6235-6236%2C6238%2C6240%2C6242%2C6244%2C6246%2C6250%2C6254%2C6319%2C6324%2C6327%2C6351-6352%2C6354%2C6356-6357%2C6359%2C6361%2C6363-6366%2C6370-6372%2C6378%2C6386%2C6388%2C6403%2C6426%2C6429%2C6431%2C6433%2C6447%2C6451%2C6453%2C6456-6457%2C6459%2C6469%2C6474%2C6478-6479%2C6481%2C6515%2C6535%2C6539%2C6545-6547%2C6577%2C6586%2C6612%2C6616%2C6620%2C6624%2C6637%2C6671%2C6677%2C6683%2C6689%2C6704%2C6781%2C6783-6785%2C6789%2C6796%2C6803%2C6814-6815%2C6825%2C6831%2C6901%2C6905%2C6909%2C6919
r6924
r6961
  +dir_prop: branches/qmmp-1.1 svn:mergeinfo /branches/qmmp-0.10:6712%2C6725%2C6903%0A/branches/qmmp-0.9:5574%0A/branches/qmmp-1.2:6526%2C6530%2C6532%2C6597%2C6799%2C6827%0A/trunk/qmmp:5275%2C5282-5283%2C5296-5300%2C5304-5305%2C5310%2C5315-5316%2C5331%2C5333%2C5337%2C5353%2C5367-5379%2C5385-5386%2C5391%2C5420%2C5424-5426%2C5428%2C5442-5444%2C5469%2C5471%2C5476%2C5481%2C5494%2C5497%2C5508-5509%2C5512%2C5517%2C5521%2C5525%2C5538%2C5550%2C5553%2C5556%2C5570%2C5578%2C5605%2C5612%2C5618%2C5621%2C5642%2C5672%2C5677%2C5696%2C5700%2C5702-5703%2C5721-5722%2C5729%2C5740-5746%2C5752%2C5759%2C5778%2C5789%2C5792-5793%2C5797%2C5810%2C5815%2C5824%2C5828%2C5865-5866%2C5876%2C5917%2C5919-5920%2C5928%2C5934%2C5936%2C5949%2C5956-5958%2C5970%2C5972%2C5974%2C5976%2C5978%2C5980%2C5985-5986%2C5991%2C5999%2C6008%2C6014%2C6018-6019%2C6022%2C6026-6027%2C6031-6037%2C6047%2C6059-6061%2C6065%2C6075%2C6080%2C6085%2C6112%2C6115%2C6117%2C6119-6124%2C6126%2C6130-6131%2C6135%2C6139-6146%2C6149%2C6151-6153%2C6163%2C6167%2C6169%2C6177%2C6179%2C6185-6187%2C6196%2C6200%2C6202-6203%2C6205%2C6208%2C6215%2C6225-6226%2C6229%2C6231%2C6235-6236%2C6238%2C6240%2C6242%2C6244%2C6246%2C6250%2C6254%2C6319%2C6324%2C6327%2C6351-6352%2C6354%2C6356-6357%2C6359%2C6361%2C6363-6366%2C6370-6372%2C6378%2C6386%2C6388%2C6403%2C6426%2C6429%2C6431%2C6433%2C6447%2C6451%2C6453%2C6456-6457%2C6459%2C6469%2C6474%2C6478-6479%2C6481%2C6515%2C6535%2C6539%2C6545-6547%2C6577%2C6586%2C6612%2C6616%2C6620%2C6624%2C6637%2C6671%2C6677%2C6683%2C6689%2C6704%2C6781%2C6783-6785%2C6789%2C6796%2C6803%2C6814-6815%2C6825%2C6831%2C6901%2C6905%2C6909%2C6919%2C6958
r6962
  +dir_prop: branches/qmmp-1.1 svn:mergeinfo /branches/qmmp-0.10:6712%2C6725%2C6903%0A/branches/qmmp-0.9:5574%0A/branches/qmmp-1.2:6526%2C6530%2C6532%2C6597%2C6799%2C6827%0A/trunk/qmmp:5275%2C5282-5283%2C5296-5300%2C5304-5305%2C5310%2C5315-5316%2C5331%2C5333%2C5337%2C5353%2C5367-5379%2C5385-5386%2C5391%2C5420%2C5424-5426%2C5428%2C5442-5444%2C5469%2C5471%2C5476%2C5481%2C5494%2C5497%2C5508-5509%2C5512%2C5517%2C5521%2C5525%2C5538%2C5550%2C5553%2C5556%2C5570%2C5578%2C5605%2C5612%2C5618%2C5621%2C5642%2C5672%2C5677%2C5696%2C5700%2C5702-5703%2C5721-5722%2C5729%2C5740-5746%2C5752%2C5759%2C5778%2C5789%2C5792-5793%2C5797%2C5810%2C5815%2C5824%2C5828%2C5865-5866%2C5876%2C5917%2C5919-5920%2C5928%2C5934%2C5936%2C5949%2C5956-5958%2C5970%2C5972%2C5974%2C5976%2C5978%2C5980%2C5985-5986%2C5991%2C5999%2C6008%2C6014%2C6018-6019%2C6022%2C6026-6027%2C6031-6037%2C6047%2C6059-6061%2C6065%2C6075%2C6080%2C6085%2C6112%2C6115%2C6117%2C6119-6124%2C6126%2C6130-6131%2C6135%2C6139-6146%2C6149%2C6151-6153%2C6163%2C6167%2C6169%2C6177%2C6179%2C6185-6187%2C6196%2C6200%2C6202-6203%2C6205%2C6208%2C6215%2C6225-6226%2C6229%2C6231%2C6235-6236%2C6238%2C6240%2C6242%2C6244%2C6246%2C6250%2C6254%2C6319%2C6324%2C6327%2C6351-6352%2C6354%2C6356-6357%2C6359%2C6361%2C6363-6366%2C6370-6372%2C6378%2C6386%2C6388%2C6403%2C6426%2C6429%2C6431%2C6433%2C6447%2C6451%2C6453%2C6456-6457%2C6459%2C6469%2C6474%2C6478-6479%2C6481%2C6515%2C6535%2C6539%2C6545-6547%2C6577%2C6586%2C6612%2C6616%2C6620%2C6624%2C6637%2C6671%2C6677%2C6683%2C6689%2C6704%2C6781%2C6783-6785%2C6789%2C6796%2C6803%2C6814-6815%2C6825%2C6831%2C6901%2C6905%2C6909%2C6919%2C6958-6959
r6966
r6971
r6979
  +dir_prop: branches/qmmp-1.1 svn:mergeinfo /branches/qmmp-0.10:6712%2C6725%2C6903%0A/branches/qmmp-0.9:5574%0A/branches/qmmp-1.2:6526%2C6530%2C6532%2C6597%2C6799%2C6827%2C6975%0A/trunk/qmmp:5275%2C5282-5283%2C5296-5300%2C5304-5305%2C5310%2C5315-5316%2C5331%2C5333%2C5337%2C5353%2C5367-5379%2C5385-5386%2C5391%2C5420%2C5424-5426%2C5428%2C5442-5444%2C5469%2C5471%2C5476%2C5481%2C5494%2C5497%2C5508-5509%2C5512%2C5517%2C5521%2C5525%2C5538%2C5550%2C5553%2C5556%2C5570%2C5578%2C5605%2C5612%2C5618%2C5621%2C5642%2C5672%2C5677%2C5696%2C5700%2C5702-5703%2C5721-5722%2C5729%2C5740-5746%2C5752%2C5759%2C5778%2C5789%2C5792-5793%2C5797%2C5810%2C5815%2C5824%2C5828%2C5865-5866%2C5876%2C5917%2C5919-5920%2C5928%2C5934%2C5936%2C5949%2C5956-5958%2C5970%2C5972%2C5974%2C5976%2C5978%2C5980%2C5985-5986%2C5991%2C5999%2C6008%2C6014%2C6018-6019%2C6022%2C6026-6027%2C6031-6037%2C6047%2C6059-6061%2C6065%2C6075%2C6080%2C6085%2C6112%2C6115%2C6117%2C6119-6124%2C6126%2C6130-6131%2C6135%2C6139-6146%2C6149%2C6151-6153%2C6163%2C6167%2C6169%2C6177%2C6179%2C6185-6187%2C6196%2C6200%2C6202-6203%2C6205%2C6208%2C6215%2C6225-6226%2C6229%2C6231%2C6235-6236%2C6238%2C6240%2C6242%2C6244%2C6246%2C6250%2C6254%2C6319%2C6324%2C6327%2C6351-6352%2C6354%2C6356-6357%2C6359%2C6361%2C6363-6366%2C6370-6372%2C6378%2C6386%2C6388%2C6403%2C6426%2C6429%2C6431%2C6433%2C6447%2C6451%2C6453%2C6456-6457%2C6459%2C6469%2C6474%2C6478-6479%2C6481%2C6515%2C6535%2C6539%2C6545-6547%2C6577%2C6586%2C6612%2C6616%2C6620%2C6624%2C6637%2C6671%2C6677%2C6683%2C6689%2C6704%2C6781%2C6783-6785%2C6789%2C6796%2C6803%2C6814-6815%2C6825%2C6831%2C6901%2C6905%2C6909%2C6919%2C6958-6959
r6981
  +dir_prop: branches/qmmp-1.1 svn:mergeinfo /branches/qmmp-0.10:6712%2C6725%2C6903%0A/branches/qmmp-0.9:5574%0A/branches/qmmp-1.2:6526%2C6530%2C6532%2C6597%2C6799%2C6827%2C6975%2C6980%0A/trunk/qmmp:5275%2C5282-5283%2C5296-5300%2C5304-5305%2C5310%2C5315-5316%2C5331%2C5333%2C5337%2C5353%2C5367-5379%2C5385-5386%2C5391%2C5420%2C5424-5426%2C5428%2C5442-5444%2C5469%2C5471%2C5476%2C5481%2C5494%2C5497%2C5508-5509%2C5512%2C5517%2C5521%2C5525%2C5538%2C5550%2C5553%2C5556%2C5570%2C5578%2C5605%2C5612%2C5618%2C5621%2C5642%2C5672%2C5677%2C5696%2C5700%2C5702-5703%2C5721-5722%2C5729%2C5740-5746%2C5752%2C5759%2C5778%2C5789%2C5792-5793%2C5797%2C5810%2C5815%2C5824%2C5828%2C5865-5866%2C5876%2C5917%2C5919-5920%2C5928%2C5934%2C5936%2C5949%2C5956-5958%2C5970%2C5972%2C5974%2C5976%2C5978%2C5980%2C5985-5986%2C5991%2C5999%2C6008%2C6014%2C6018-6019%2C6022%2C6026-6027%2C6031-6037%2C6047%2C6059-6061%2C6065%2C6075%2C6080%2C6085%2C6112%2C6115%2C6117%2C6119-6124%2C6126%2C6130-6131%2C6135%2C6139-6146%2C6149%2C6151-6153%2C6163%2C6167%2C6169%2C6177%2C6179%2C6185-6187%2C6196%2C6200%2C6202-6203%2C6205%2C6208%2C6215%2C6225-6226%2C6229%2C6231%2C6235-6236%2C6238%2C6240%2C6242%2C6244%2C6246%2C6250%2C6254%2C6319%2C6324%2C6327%2C6351-6352%2C6354%2C6356-6357%2C6359%2C6361%2C6363-6366%2C6370-6372%2C6378%2C6386%2C6388%2C6403%2C6426%2C6429%2C6431%2C6433%2C6447%2C6451%2C6453%2C6456-6457%2C6459%2C6469%2C6474%2C6478-6479%2C6481%2C6515%2C6535%2C6539%2C6545-6547%2C6577%2C6586%2C6612%2C6616%2C6620%2C6624%2C6637%2C6671%2C6677%2C6683%2C6689%2C6704%2C6781%2C6783-6785%2C6789%2C6796%2C6803%2C6814-6815%2C6825%2C6831%2C6901%2C6905%2C6909%2C6919%2C6958-6959
r7002
  +dir_prop: branches/qmmp-1.1 svn:mergeinfo /branches/qmmp-0.10:6712%2C6725%2C6903%0A/branches/qmmp-0.9:5574%0A/branches/qmmp-1.2:6526%2C6530%2C6532%2C6597%2C6799%2C6827%2C6975%2C6980%0A/trunk/qmmp:5275%2C5282-5283%2C5296-5300%2C5304-5305%2C5310%2C5315-5316%2C5331%2C5333%2C5337%2C5353%2C5367-5379%2C5385-5386%2C5391%2C5420%2C5424-5426%2C5428%2C5442-5444%2C5469%2C5471%2C5476%2C5481%2C5494%2C5497%2C5508-5509%2C5512%2C5517%2C5521%2C5525%2C5538%2C5550%2C5553%2C5556%2C5570%2C5578%2C5605%2C5612%2C5618%2C5621%2C5642%2C5672%2C5677%2C5696%2C5700%2C5702-5703%2C5721-5722%2C5729%2C5740-5746%2C5752%2C5759%2C5778%2C5789%2C5792-5793%2C5797%2C5810%2C5815%2C5824%2C5828%2C5865-5866%2C5876%2C5917%2C5919-5920%2C5928%2C5934%2C5936%2C5949%2C5956-5958%2C5970%2C5972%2C5974%2C5976%2C5978%2C5980%2C5985-5986%2C5991%2C5999%2C6008%2C6014%2C6018-6019%2C6022%2C6026-6027%2C6031-6037%2C6047%2C6059-6061%2C6065%2C6075%2C6080%2C6085%2C6112%2C6115%2C6117%2C6119-6124%2C6126%2C6130-6131%2C6135%2C6139-6146%2C6149%2C6151-6153%2C6163%2C6167%2C6169%2C6177%2C6179%2C6185-6187%2C6196%2C6200%2C6202-6203%2C6205%2C6208%2C6215%2C6225-6226%2C6229%2C6231%2C6235-6236%2C6238%2C6240%2C6242%2C6244%2C6246%2C6250%2C6254%2C6319%2C6324%2C6327%2C6351-6352%2C6354%2C6356-6357%2C6359%2C6361%2C6363-6366%2C6370-6372%2C6378%2C6386%2C6388%2C6403%2C6426%2C6429%2C6431%2C6433%2C6447%2C6451%2C6453%2C6456-6457%2C6459%2C6469%2C6474%2C6478-6479%2C6481%2C6515%2C6535%2C6539%2C6545-6547%2C6577%2C6586%2C6612%2C6616%2C6620%2C6624%2C6637%2C6671%2C6677%2C6683%2C6689%2C6704%2C6781%2C6783-6785%2C6789%2C6796%2C6803%2C6814-6815%2C6825%2C6831%2C6901%2C6905%2C6909%2C6919%2C6958-6959%2C7000
r7005
  +dir_prop: branches/qmmp-1.1 svn:mergeinfo /branches/qmmp-0.10:6712%2C6725%2C6903%0A/branches/qmmp-0.9:5574%0A/branches/qmmp-1.2:6526%2C6530%2C6532%2C6597%2C6799%2C6827%2C6975%2C6980%0A/trunk/qmmp:5275%2C5282-5283%2C5296-5300%2C5304-5305%2C5310%2C5315-5316%2C5331%2C5333%2C5337%2C5353%2C5367-5379%2C5385-5386%2C5391%2C5420%2C5424-5426%2C5428%2C5442-5444%2C5469%2C5471%2C5476%2C5481%2C5494%2C5497%2C5508-5509%2C5512%2C5517%2C5521%2C5525%2C5538%2C5550%2C5553%2C5556%2C5570%2C5578%2C5605%2C5612%2C5618%2C5621%2C5642%2C5672%2C5677%2C5696%2C5700%2C5702-5703%2C5721-5722%2C5729%2C5740-5746%2C5752%2C5759%2C5778%2C5789%2C5792-5793%2C5797%2C5810%2C5815%2C5824%2C5828%2C5865-5866%2C5876%2C5917%2C5919-5920%2C5928%2C5934%2C5936%2C5949%2C5956-5958%2C5970%2C5972%2C5974%2C5976%2C5978%2C5980%2C5985-5986%2C5991%2C5999%2C6008%2C6014%2C6018-6019%2C6022%2C6026-6027%2C6031-6037%2C6047%2C6059-6061%2C6065%2C6075%2C6080%2C6085%2C6112%2C6115%2C6117%2C6119-6124%2C6126%2C6130-6131%2C6135%2C6139-6146%2C6149%2C6151-6153%2C6163%2C6167%2C6169%2C6177%2C6179%2C6185-6187%2C6196%2C6200%2C6202-6203%2C6205%2C6208%2C6215%2C6225-6226%2C6229%2C6231%2C6235-6236%2C6238%2C6240%2C6242%2C6244%2C6246%2C6250%2C6254%2C6319%2C6324%2C6327%2C6351-6352%2C6354%2C6356-6357%2C6359%2C6361%2C6363-6366%2C6370-6372%2C6378%2C6386%2C6388%2C6403%2C6426%2C6429%2C6431%2C6433%2C6447%2C6451%2C6453%2C6456-6457%2C6459%2C6469%2C6474%2C6478-6479%2C6481%2C6515%2C6535%2C6539%2C6545-6547%2C6577%2C6586%2C6612%2C6616%2C6620%2C6624%2C6637%2C6671%2C6677%2C6683%2C6689%2C6704%2C6781%2C6783-6785%2C6789%2C6796%2C6803%2C6814-6815%2C6825%2C6831%2C6901%2C6905%2C6909%2C6919%2C6958-6959%2C7000%2C7003
r7009
  +dir_prop: branches/qmmp-1.1 svn:mergeinfo /branches/qmmp-0.10:6712%2C6725%2C6903%0A/branches/qmmp-0.9:5574%0A/branches/qmmp-1.2:6526%2C6530%2C6532%2C6597%2C6799%2C6827%2C6975%2C6980%2C7008%0A/trunk/qmmp:5275%2C5282-5283%2C5296-5300%2C5304-5305%2C5310%2C5315-5316%2C5331%2C5333%2C5337%2C5353%2C5367-5379%2C5385-5386%2C5391%2C5420%2C5424-5426%2C5428%2C5442-5444%2C5469%2C5471%2C5476%2C5481%2C5494%2C5497%2C5508-5509%2C5512%2C5517%2C5521%2C5525%2C5538%2C5550%2C5553%2C5556%2C5570%2C5578%2C5605%2C5612%2C5618%2C5621%2C5642%2C5672%2C5677%2C5696%2C5700%2C5702-5703%2C5721-5722%2C5729%2C5740-5746%2C5752%2C5759%2C5778%2C5789%2C5792-5793%2C5797%2C5810%2C5815%2C5824%2C5828%2C5865-5866%2C5876%2C5917%2C5919-5920%2C5928%2C5934%2C5936%2C5949%2C5956-5958%2C5970%2C5972%2C5974%2C5976%2C5978%2C5980%2C5985-5986%2C5991%2C5999%2C6008%2C6014%2C6018-6019%2C6022%2C6026-6027%2C6031-6037%2C6047%2C6059-6061%2C6065%2C6075%2C6080%2C6085%2C6112%2C6115%2C6117%2C6119-6124%2C6126%2C6130-6131%2C6135%2C6139-6146%2C6149%2C6151-6153%2C6163%2C6167%2C6169%2C6177%2C6179%2C6185-6187%2C6196%2C6200%2C6202-6203%2C6205%2C6208%2C6215%2C6225-6226%2C6229%2C6231%2C6235-6236%2C6238%2C6240%2C6242%2C6244%2C6246%2C6250%2C6254%2C6319%2C6324%2C6327%2C6351-6352%2C6354%2C6356-6357%2C6359%2C6361%2C6363-6366%2C6370-6372%2C6378%2C6386%2C6388%2C6403%2C6426%2C6429%2C6431%2C6433%2C6447%2C6451%2C6453%2C6456-6457%2C6459%2C6469%2C6474%2C6478-6479%2C6481%2C6515%2C6535%2C6539%2C6545-6547%2C6577%2C6586%2C6612%2C6616%2C6620%2C6624%2C6637%2C6671%2C6677%2C6683%2C6689%2C6704%2C6781%2C6783-6785%2C6789%2C6796%2C6803%2C6814-6815%2C6825%2C6831%2C6901%2C6905%2C6909%2C6919%2C6958-6959%2C7000%2C7003
r7013
  +dir_prop: branches/qmmp-1.1 svn:mergeinfo /branches/qmmp-0.10:6712%2C6725%2C6903%0A/branches/qmmp-0.9:5574%0A/branches/qmmp-1.2:6526%2C6530%2C6532%2C6597%2C6799%2C6827%2C6975%2C6980%2C7008%2C7012%0A/trunk/qmmp:5275%2C5282-5283%2C5296-5300%2C5304-5305%2C5310%2C5315-5316%2C5331%2C5333%2C5337%2C5353%2C5367-5379%2C5385-5386%2C5391%2C5420%2C5424-5426%2C5428%2C5442-5444%2C5469%2C5471%2C5476%2C5481%2C5494%2C5497%2C5508-5509%2C5512%2C5517%2C5521%2C5525%2C5538%2C5550%2C5553%2C5556%2C5570%2C5578%2C5605%2C5612%2C5618%2C5621%2C5642%2C5672%2C5677%2C5696%2C5700%2C5702-5703%2C5721-5722%2C5729%2C5740-5746%2C5752%2C5759%2C5778%2C5789%2C5792-5793%2C5797%2C5810%2C5815%2C5824%2C5828%2C5865-5866%2C5876%2C5917%2C5919-5920%2C5928%2C5934%2C5936%2C5949%2C5956-5958%2C5970%2C5972%2C5974%2C5976%2C5978%2C5980%2C5985-5986%2C5991%2C5999%2C6008%2C6014%2C6018-6019%2C6022%2C6026-6027%2C6031-6037%2C6047%2C6059-6061%2C6065%2C6075%2C6080%2C6085%2C6112%2C6115%2C6117%2C6119-6124%2C6126%2C6130-6131%2C6135%2C6139-6146%2C6149%2C6151-6153%2C6163%2C6167%2C6169%2C6177%2C6179%2C6185-6187%2C6196%2C6200%2C6202-6203%2C6205%2C6208%2C6215%2C6225-6226%2C6229%2C6231%2C6235-6236%2C6238%2C6240%2C6242%2C6244%2C6246%2C6250%2C6254%2C6319%2C6324%2C6327%2C6351-6352%2C6354%2C6356-6357%2C6359%2C6361%2C6363-6366%2C6370-6372%2C6378%2C6386%2C6388%2C6403%2C6426%2C6429%2C6431%2C6433%2C6447%2C6451%2C6453%2C6456-6457%2C6459%2C6469%2C6474%2C6478-6479%2C6481%2C6515%2C6535%2C6539%2C6545-6547%2C6577%2C6586%2C6612%2C6616%2C6620%2C6624%2C6637%2C6671%2C6677%2C6683%2C6689%2C6704%2C6781%2C6783-6785%2C6789%2C6796%2C6803%2C6814-6815%2C6825%2C6831%2C6901%2C6905%2C6909%2C6919%2C6958-6959%2C7000%2C7003
r7014
r7018
r7020
r7039
  +dir_prop: branches/qmmp-1.1 svn:mergeinfo /branches/qmmp-0.10:6712%2C6725%2C6903%2C7038%0A/branches/qmmp-0.9:5574%0A/branches/qmmp-1.2:6526%2C6530%2C6532%2C6597%2C6799%2C6827%2C6975%2C6980%2C7008%2C7012%0A/trunk/qmmp:5275%2C5282-5283%2C5296-5300%2C5304-5305%2C5310%2C5315-5316%2C5331%2C5333%2C5337%2C5353%2C5367-5379%2C5385-5386%2C5391%2C5420%2C5424-5426%2C5428%2C5442-5444%2C5469%2C5471%2C5476%2C5481%2C5494%2C5497%2C5508-5509%2C5512%2C5517%2C5521%2C5525%2C5538%2C5550%2C5553%2C5556%2C5570%2C5578%2C5605%2C5612%2C5618%2C5621%2C5642%2C5672%2C5677%2C5696%2C5700%2C5702-5703%2C5721-5722%2C5729%2C5740-5746%2C5752%2C5759%2C5778%2C5789%2C5792-5793%2C5797%2C5810%2C5815%2C5824%2C5828%2C5865-5866%2C5876%2C5917%2C5919-5920%2C5928%2C5934%2C5936%2C5949%2C5956-5958%2C5970%2C5972%2C5974%2C5976%2C5978%2C5980%2C5985-5986%2C5991%2C5999%2C6008%2C6014%2C6018-6019%2C6022%2C6026-6027%2C6031-6037%2C6047%2C6059-6061%2C6065%2C6075%2C6080%2C6085%2C6112%2C6115%2C6117%2C6119-6124%2C6126%2C6130-6131%2C6135%2C6139-6146%2C6149%2C6151-6153%2C6163%2C6167%2C6169%2C6177%2C6179%2C6185-6187%2C6196%2C6200%2C6202-6203%2C6205%2C6208%2C6215%2C6225-6226%2C6229%2C6231%2C6235-6236%2C6238%2C6240%2C6242%2C6244%2C6246%2C6250%2C6254%2C6319%2C6324%2C6327%2C6351-6352%2C6354%2C6356-6357%2C6359%2C6361%2C6363-6366%2C6370-6372%2C6378%2C6386%2C6388%2C6403%2C6426%2C6429%2C6431%2C6433%2C6447%2C6451%2C6453%2C6456-6457%2C6459%2C6469%2C6474%2C6478-6479%2C6481%2C6515%2C6535%2C6539%2C6545-6547%2C6577%2C6586%2C6612%2C6616%2C6620%2C6624%2C6637%2C6671%2C6677%2C6683%2C6689%2C6704%2C6781%2C6783-6785%2C6789%2C6796%2C6803%2C6814-6815%2C6825%2C6831%2C6901%2C6905%2C6909%2C6919%2C6958-6959%2C7000%2C7003%2C7036
r7042
  +dir_prop: branches/qmmp-1.1 svn:mergeinfo /branches/qmmp-0.10:6712%2C6725%2C6903%2C7038%0A/branches/qmmp-0.9:5574%0A/branches/qmmp-1.2:6526%2C6530%2C6532%2C6597%2C6799%2C6827%2C6975%2C6980%2C7008%2C7012%0A/trunk/qmmp:5275%2C5282-5283%2C5296-5300%2C5304-5305%2C5310%2C5315-5316%2C5331%2C5333%2C5337%2C5353%2C5367-5379%2C5385-5386%2C5391%2C5420%2C5424-5426%2C5428%2C5442-5444%2C5469%2C5471%2C5476%2C5481%2C5494%2C5497%2C5508-5509%2C5512%2C5517%2C5521%2C5525%2C5538%2C5550%2C5553%2C5556%2C5570%2C5578%2C5605%2C5612%2C5618%2C5621%2C5642%2C5672%2C5677%2C5696%2C5700%2C5702-5703%2C5721-5722%2C5729%2C5740-5746%2C5752%2C5759%2C5778%2C5789%2C5792-5793%2C5797%2C5810%2C5815%2C5824%2C5828%2C5865-5866%2C5876%2C5917%2C5919-5920%2C5928%2C5934%2C5936%2C5949%2C5956-5958%2C5970%2C5972%2C5974%2C5976%2C5978%2C5980%2C5985-5986%2C5991%2C5999%2C6008%2C6014%2C6018-6019%2C6022%2C6026-6027%2C6031-6037%2C6047%2C6059-6061%2C6065%2C6075%2C6080%2C6085%2C6112%2C6115%2C6117%2C6119-6124%2C6126%2C6130-6131%2C6135%2C6139-6146%2C6149%2C6151-6153%2C6163%2C6167%2C6169%2C6177%2C6179%2C6185-6187%2C6196%2C6200%2C6202-6203%2C6205%2C6208%2C6215%2C6225-6226%2C6229%2C6231%2C6235-6236%2C6238%2C6240%2C6242%2C6244%2C6246%2C6250%2C6254%2C6319%2C6324%2C6327%2C6351-6352%2C6354%2C6356-6357%2C6359%2C6361%2C6363-6366%2C6370-6372%2C6378%2C6386%2C6388%2C6403%2C6426%2C6429%2C6431%2C6433%2C6447%2C6451%2C6453%2C6456-6457%2C6459%2C6469%2C6474%2C6478-6479%2C6481%2C6515%2C6535%2C6539%2C6545-6547%2C6577%2C6586%2C6612%2C6616%2C6620%2C6624%2C6637%2C6671%2C6677%2C6683%2C6689%2C6704%2C6781%2C6783-6785%2C6789%2C6796%2C6803%2C6814-6815%2C6825%2C6831%2C6901%2C6905%2C6909%2C6919%2C6958-6959%2C7000%2C7003%2C7036%2C7040
r7059
  +dir_prop: branches/qmmp-1.1 svn:mergeinfo /branches/qmmp-0.10:6712%2C6725%2C6903%2C7038%2C7058%0A/branches/qmmp-0.9:5574%0A/branches/qmmp-1.2:6526%2C6530%2C6532%2C6597%2C6799%2C6827%2C6975%2C6980%2C7008%2C7012%0A/trunk/qmmp:5275%2C5282-5283%2C5296-5300%2C5304-5305%2C5310%2C5315-5316%2C5331%2C5333%2C5337%2C5353%2C5367-5379%2C5385-5386%2C5391%2C5420%2C5424-5426%2C5428%2C5442-5444%2C5469%2C5471%2C5476%2C5481%2C5494%2C5497%2C5508-5509%2C5512%2C5517%2C5521%2C5525%2C5538%2C5550%2C5553%2C5556%2C5570%2C5578%2C5605%2C5612%2C5618%2C5621%2C5642%2C5672%2C5677%2C5696%2C5700%2C5702-5703%2C5721-5722%2C5729%2C5740-5746%2C5752%2C5759%2C5778%2C5789%2C5792-5793%2C5797%2C5810%2C5815%2C5824%2C5828%2C5865-5866%2C5876%2C5917%2C5919-5920%2C5928%2C5934%2C5936%2C5949%2C5956-5958%2C5970%2C5972%2C5974%2C5976%2C5978%2C5980%2C5985-5986%2C5991%2C5999%2C6008%2C6014%2C6018-6019%2C6022%2C6026-6027%2C6031-6037%2C6047%2C6059-6061%2C6065%2C6075%2C6080%2C6085%2C6112%2C6115%2C6117%2C6119-6124%2C6126%2C6130-6131%2C6135%2C6139-6146%2C6149%2C6151-6153%2C6163%2C6167%2C6169%2C6177%2C6179%2C6185-6187%2C6196%2C6200%2C6202-6203%2C6205%2C6208%2C6215%2C6225-6226%2C6229%2C6231%2C6235-6236%2C6238%2C6240%2C6242%2C6244%2C6246%2C6250%2C6254%2C6319%2C6324%2C6327%2C6351-6352%2C6354%2C6356-6357%2C6359%2C6361%2C6363-6366%2C6370-6372%2C6378%2C6386%2C6388%2C6403%2C6426%2C6429%2C6431%2C6433%2C6447%2C6451%2C6453%2C6456-6457%2C6459%2C6469%2C6474%2C6478-6479%2C6481%2C6515%2C6535%2C6539%2C6545-6547%2C6577%2C6586%2C6612%2C6616%2C6620%2C6624%2C6637%2C6671%2C6677%2C6683%2C6689%2C6704%2C6781%2C6783-6785%2C6789%2C6796%2C6803%2C6814-6815%2C6825%2C6831%2C6901%2C6905%2C6909%2C6919%2C6958-6959%2C7000%2C7003%2C7036%2C7040
r7064
r7068
  +dir_prop: branches/qmmp-1.1 svn:mergeinfo /branches/qmmp-0.10:6712%2C6725%2C6903%2C7038%2C7058%0A/branches/qmmp-0.9:5574%0A/branches/qmmp-1.2:6526%2C6530%2C6532%2C6597%2C6799%2C6827%2C6975%2C6980%2C7008%2C7012%0A/trunk/qmmp:5275%2C5282-5283%2C5296-5300%2C5304-5305%2C5310%2C5315-5316%2C5331%2C5333%2C5337%2C5353%2C5367-5379%2C5385-5386%2C5391%2C5420%2C5424-5426%2C5428%2C5442-5444%2C5469%2C5471%2C5476%2C5481%2C5494%2C5497%2C5508-5509%2C5512%2C5517%2C5521%2C5525%2C5538%2C5550%2C5553%2C5556%2C5570%2C5578%2C5605%2C5612%2C5618%2C5621%2C5642%2C5672%2C5677%2C5696%2C5700%2C5702-5703%2C5721-5722%2C5729%2C5740-5746%2C5752%2C5759%2C5778%2C5789%2C5792-5793%2C5797%2C5810%2C5815%2C5824%2C5828%2C5865-5866%2C5876%2C5917%2C5919-5920%2C5928%2C5934%2C5936%2C5949%2C5956-5958%2C5970%2C5972%2C5974%2C5976%2C5978%2C5980%2C5985-5986%2C5991%2C5999%2C6008%2C6014%2C6018-6019%2C6022%2C6026-6027%2C6031-6037%2C6047%2C6059-6061%2C6065%2C6075%2C6080%2C6085%2C6112%2C6115%2C6117%2C6119-6124%2C6126%2C6130-6131%2C6135%2C6139-6146%2C6149%2C6151-6153%2C6163%2C6167%2C6169%2C6177%2C6179%2C6185-6187%2C6196%2C6200%2C6202-6203%2C6205%2C6208%2C6215%2C6225-6226%2C6229%2C6231%2C6235-6236%2C6238%2C6240%2C6242%2C6244%2C6246%2C6250%2C6254%2C6319%2C6324%2C6327%2C6351-6352%2C6354%2C6356-6357%2C6359%2C6361%2C6363-6366%2C6370-6372%2C6378%2C6386%2C6388%2C6403%2C6426%2C6429%2C6431%2C6433%2C6447%2C6451%2C6453%2C6456-6457%2C6459%2C6469%2C6474%2C6478-6479%2C6481%2C6515%2C6535%2C6539%2C6545-6547%2C6577%2C6586%2C6612%2C6616%2C6620%2C6624%2C6637%2C6671%2C6677%2C6683%2C6689%2C6704%2C6781%2C6783-6785%2C6789%2C6796%2C6803%2C6814-6815%2C6825%2C6831%2C6901%2C6905%2C6909%2C6919%2C6958-6959%2C7000%2C7003%2C7036%2C7040%2C7066
r7076
  +dir_prop: branches/qmmp-1.1 svn:mergeinfo /branches/qmmp-0.10:6712%2C6725%2C6903%2C7038%2C7058%2C7075%0A/branches/qmmp-0.9:5574%0A/branches/qmmp-1.2:6526%2C6530%2C6532%2C6597%2C6799%2C6827%2C6975%2C6980%2C7008%2C7012%0A/trunk/qmmp:5275%2C5282-5283%2C5296-5300%2C5304-5305%2C5310%2C5315-5316%2C5331%2C5333%2C5337%2C5353%2C5367-5379%2C5385-5386%2C5391%2C5420%2C5424-5426%2C5428%2C5442-5444%2C5469%2C5471%2C5476%2C5481%2C5494%2C5497%2C5508-5509%2C5512%2C5517%2C5521%2C5525%2C5538%2C5550%2C5553%2C5556%2C5570%2C5578%2C5605%2C5612%2C5618%2C5621%2C5642%2C5672%2C5677%2C5696%2C5700%2C5702-5703%2C5721-5722%2C5729%2C5740-5746%2C5752%2C5759%2C5778%2C5789%2C5792-5793%2C5797%2C5810%2C5815%2C5824%2C5828%2C5865-5866%2C5876%2C5917%2C5919-5920%2C5928%2C5934%2C5936%2C5949%2C5956-5958%2C5970%2C5972%2C5974%2C5976%2C5978%2C5980%2C5985-5986%2C5991%2C5999%2C6008%2C6014%2C6018-6019%2C6022%2C6026-6027%2C6031-6037%2C6047%2C6059-6061%2C6065%2C6075%2C6080%2C6085%2C6112%2C6115%2C6117%2C6119-6124%2C6126%2C6130-6131%2C6135%2C6139-6146%2C6149%2C6151-6153%2C6163%2C6167%2C6169%2C6177%2C6179%2C6185-6187%2C6196%2C6200%2C6202-6203%2C6205%2C6208%2C6215%2C6225-6226%2C6229%2C6231%2C6235-6236%2C6238%2C6240%2C6242%2C6244%2C6246%2C6250%2C6254%2C6319%2C6324%2C6327%2C6351-6352%2C6354%2C6356-6357%2C6359%2C6361%2C6363-6366%2C6370-6372%2C6378%2C6386%2C6388%2C6403%2C6426%2C6429%2C6431%2C6433%2C6447%2C6451%2C6453%2C6456-6457%2C6459%2C6469%2C6474%2C6478-6479%2C6481%2C6515%2C6535%2C6539%2C6545-6547%2C6577%2C6586%2C6612%2C6616%2C6620%2C6624%2C6637%2C6671%2C6677%2C6683%2C6689%2C6704%2C6781%2C6783-6785%2C6789%2C6796%2C6803%2C6814-6815%2C6825%2C6831%2C6901%2C6905%2C6909%2C6919%2C6958-6959%2C7000%2C7003%2C7036%2C7040%2C7066
r7097
  +dir_prop: branches/qmmp-1.1 svn:mergeinfo /branches/qmmp-0.10:6712%2C6725%2C6903%2C7038%2C7058%2C7075%0A/branches/qmmp-0.9:5574%0A/branches/qmmp-1.2:6526%2C6530%2C6532%2C6597%2C6799%2C6827%2C6975%2C6980%2C7008%2C7012%2C7096%0A/trunk/qmmp:5275%2C5282-5283%2C5296-5300%2C5304-5305%2C5310%2C5315-5316%2C5331%2C5333%2C5337%2C5353%2C5367-5379%2C5385-5386%2C5391%2C5420%2C5424-5426%2C5428%2C5442-5444%2C5469%2C5471%2C5476%2C5481%2C5494%2C5497%2C5508-5509%2C5512%2C5517%2C5521%2C5525%2C5538%2C5550%2C5553%2C5556%2C5570%2C5578%2C5605%2C5612%2C5618%2C5621%2C5642%2C5672%2C5677%2C5696%2C5700%2C5702-5703%2C5721-5722%2C5729%2C5740-5746%2C5752%2C5759%2C5778%2C5789%2C5792-5793%2C5797%2C5810%2C5815%2C5824%2C5828%2C5865-5866%2C5876%2C5917%2C5919-5920%2C5928%2C5934%2C5936%2C5949%2C5956-5958%2C5970%2C5972%2C5974%2C5976%2C5978%2C5980%2C5985-5986%2C5991%2C5999%2C6008%2C6014%2C6018-6019%2C6022%2C6026-6027%2C6031-6037%2C6047%2C6059-6061%2C6065%2C6075%2C6080%2C6085%2C6112%2C6115%2C6117%2C6119-6124%2C6126%2C6130-6131%2C6135%2C6139-6146%2C6149%2C6151-6153%2C6163%2C6167%2C6169%2C6177%2C6179%2C6185-6187%2C6196%2C6200%2C6202-6203%2C6205%2C6208%2C6215%2C6225-6226%2C6229%2C6231%2C6235-6236%2C6238%2C6240%2C6242%2C6244%2C6246%2C6250%2C6254%2C6319%2C6324%2C6327%2C6351-6352%2C6354%2C6356-6357%2C6359%2C6361%2C6363-6366%2C6370-6372%2C6378%2C6386%2C6388%2C6403%2C6426%2C6429%2C6431%2C6433%2C6447%2C6451%2C6453%2C6456-6457%2C6459%2C6469%2C6474%2C6478-6479%2C6481%2C6515%2C6535%2C6539%2C6545-6547%2C6577%2C6586%2C6612%2C6616%2C6620%2C6624%2C6637%2C6671%2C6677%2C6683%2C6689%2C6704%2C6781%2C6783-6785%2C6789%2C6796%2C6803%2C6814-6815%2C6825%2C6831%2C6901%2C6905%2C6909%2C6919%2C6958-6959%2C7000%2C7003%2C7036%2C7040%2C7066%2C7094
r7100
  +dir_prop: branches/qmmp-1.1 svn:mergeinfo /branches/qmmp-0.10:6712%2C6725%2C6903%2C7038%2C7058%2C7075%0A/branches/qmmp-0.9:5574%0A/branches/qmmp-1.2:6526%2C6530%2C6532%2C6597%2C6799%2C6827%2C6975%2C6980%2C7008%2C7012%2C7096%0A/trunk/qmmp:5275%2C5282-5283%2C5296-5300%2C5304-5305%2C5310%2C5315-5316%2C5331%2C5333%2C5337%2C5353%2C5367-5379%2C5385-5386%2C5391%2C5420%2C5424-5426%2C5428%2C5442-5444%2C5469%2C5471%2C5476%2C5481%2C5494%2C5497%2C5508-5509%2C5512%2C5517%2C5521%2C5525%2C5538%2C5550%2C5553%2C5556%2C5570%2C5578%2C5605%2C5612%2C5618%2C5621%2C5642%2C5672%2C5677%2C5696%2C5700%2C5702-5703%2C5721-5722%2C5729%2C5740-5746%2C5752%2C5759%2C5778%2C5789%2C5792-5793%2C5797%2C5810%2C5815%2C5824%2C5828%2C5865-5866%2C5876%2C5917%2C5919-5920%2C5928%2C5934%2C5936%2C5949%2C5956-5958%2C5970%2C5972%2C5974%2C5976%2C5978%2C5980%2C5985-5986%2C5991%2C5999%2C6008%2C6014%2C6018-6019%2C6022%2C6026-6027%2C6031-6037%2C6047%2C6059-6061%2C6065%2C6075%2C6080%2C6085%2C6112%2C6115%2C6117%2C6119-6124%2C6126%2C6130-6131%2C6135%2C6139-6146%2C6149%2C6151-6153%2C6163%2C6167%2C6169%2C6177%2C6179%2C6185-6187%2C6196%2C6200%2C6202-6203%2C6205%2C6208%2C6215%2C6225-6226%2C6229%2C6231%2C6235-6236%2C6238%2C6240%2C6242%2C6244%2C6246%2C6250%2C6254%2C6319%2C6324%2C6327%2C6351-6352%2C6354%2C6356-6357%2C6359%2C6361%2C6363-6366%2C6370-6372%2C6378%2C6386%2C6388%2C6403%2C6426%2C6429%2C6431%2C6433%2C6447%2C6451%2C6453%2C6456-6457%2C6459%2C6469%2C6474%2C6478-6479%2C6481%2C6515%2C6535%2C6539%2C6545-6547%2C6577%2C6586%2C6612%2C6616%2C6620%2C6624%2C6637%2C6671%2C6677%2C6683%2C6689%2C6704%2C6781%2C6783-6785%2C6789%2C6796%2C6803%2C6814-6815%2C6825%2C6831%2C6901%2C6905%2C6909%2C6919%2C6958-6959%2C7000%2C7003%2C7036%2C7040%2C7066%2C7094%2C7098
r7104
  +dir_prop: branches/qmmp-1.1 svn:mergeinfo /branches/qmmp-0.10:6712%2C6725%2C6903%2C7038%2C7058%2C7075%2C7102-7103%0A/branches/qmmp-0.9:5574%0A/branches/qmmp-1.2:6526%2C6530%2C6532%2C6597%2C6799%2C6827%2C6975%2C6980%2C7008%2C7012%2C7096%0A/trunk/qmmp:5275%2C5282-5283%2C5296-5300%2C5304-5305%2C5310%2C5315-5316%2C5331%2C5333%2C5337%2C5353%2C5367-5379%2C5385-5386%2C5391%2C5420%2C5424-5426%2C5428%2C5442-5444%2C5469%2C5471%2C5476%2C5481%2C5494%2C5497%2C5508-5509%2C5512%2C5517%2C5521%2C5525%2C5538%2C5550%2C5553%2C5556%2C5570%2C5578%2C5605%2C5612%2C5618%2C5621%2C5642%2C5672%2C5677%2C5696%2C5700%2C5702-5703%2C5721-5722%2C5729%2C5740-5746%2C5752%2C5759%2C5778%2C5789%2C5792-5793%2C5797%2C5810%2C5815%2C5824%2C5828%2C5865-5866%2C5876%2C5917%2C5919-5920%2C5928%2C5934%2C5936%2C5949%2C5956-5958%2C5970%2C5972%2C5974%2C5976%2C5978%2C5980%2C5985-5986%2C5991%2C5999%2C6008%2C6014%2C6018-6019%2C6022%2C6026-6027%2C6031-6037%2C6047%2C6059-6061%2C6065%2C6075%2C6080%2C6085%2C6112%2C6115%2C6117%2C6119-6124%2C6126%2C6130-6131%2C6135%2C6139-6146%2C6149%2C6151-6153%2C6163%2C6167%2C6169%2C6177%2C6179%2C6185-6187%2C6196%2C6200%2C6202-6203%2C6205%2C6208%2C6215%2C6225-6226%2C6229%2C6231%2C6235-6236%2C6238%2C6240%2C6242%2C6244%2C6246%2C6250%2C6254%2C6319%2C6324%2C6327%2C6351-6352%2C6354%2C6356-6357%2C6359%2C6361%2C6363-6366%2C6370-6372%2C6378%2C6386%2C6388%2C6403%2C6426%2C6429%2C6431%2C6433%2C6447%2C6451%2C6453%2C6456-6457%2C6459%2C6469%2C6474%2C6478-6479%2C6481%2C6515%2C6535%2C6539%2C6545-6547%2C6577%2C6586%2C6612%2C6616%2C6620%2C6624%2C6637%2C6671%2C6677%2C6683%2C6689%2C6704%2C6781%2C6783-6785%2C6789%2C6796%2C6803%2C6814-6815%2C6825%2C6831%2C6901%2C6905%2C6909%2C6919%2C6958-6959%2C7000%2C7003%2C7036%2C7040%2C7066%2C7094%2C7098
r7105
r7110
r7127
  +dir_prop: branches/qmmp-1.1 svn:mergeinfo /branches/qmmp-0.10:6712%2C6725%2C6903%2C7038%2C7058%2C7075%2C7102-7103%0A/branches/qmmp-0.9:5574%0A/branches/qmmp-1.2:6526%2C6530%2C6532%2C6597%2C6799%2C6827%2C6975%2C6980%2C7008%2C7012%2C7096%0A/trunk/qmmp:5275%2C5282-5283%2C5296-5300%2C5304-5305%2C5310%2C5315-5316%2C5331%2C5333%2C5337%2C5353%2C5367-5379%2C5385-5386%2C5391%2C5420%2C5424-5426%2C5428%2C5442-5444%2C5469%2C5471%2C5476%2C5481%2C5494%2C5497%2C5508-5509%2C5512%2C5517%2C5521%2C5525%2C5538%2C5550%2C5553%2C5556%2C5570%2C5578%2C5605%2C5612%2C5618%2C5621%2C5642%2C5672%2C5677%2C5696%2C5700%2C5702-5703%2C5721-5722%2C5729%2C5740-5746%2C5752%2C5759%2C5778%2C5789%2C5792-5793%2C5797%2C5810%2C5815%2C5824%2C5828%2C5865-5866%2C5876%2C5917%2C5919-5920%2C5928%2C5934%2C5936%2C5949%2C5956-5958%2C5970%2C5972%2C5974%2C5976%2C5978%2C5980%2C5985-5986%2C5991%2C5999%2C6008%2C6014%2C6018-6019%2C6022%2C6026-6027%2C6031-6037%2C6047%2C6059-6061%2C6065%2C6075%2C6080%2C6085%2C6112%2C6115%2C6117%2C6119-6124%2C6126%2C6130-6131%2C6135%2C6139-6146%2C6149%2C6151-6153%2C6163%2C6167%2C6169%2C6177%2C6179%2C6185-6187%2C6196%2C6200%2C6202-6203%2C6205%2C6208%2C6215%2C6225-6226%2C6229%2C6231%2C6235-6236%2C6238%2C6240%2C6242%2C6244%2C6246%2C6250%2C6254%2C6319%2C6324%2C6327%2C6351-6352%2C6354%2C6356-6357%2C6359%2C6361%2C6363-6366%2C6370-6372%2C6378%2C6386%2C6388%2C6403%2C6426%2C6429%2C6431%2C6433%2C6447%2C6451%2C6453%2C6456-6457%2C6459%2C6469%2C6474%2C6478-6479%2C6481%2C6515%2C6535%2C6539%2C6545-6547%2C6577%2C6586%2C6612%2C6616%2C6620%2C6624%2C6637%2C6671%2C6677%2C6683%2C6689%2C6704%2C6781%2C6783-6785%2C6789%2C6796%2C6803%2C6814-6815%2C6825%2C6831%2C6901%2C6905%2C6909%2C6919%2C6958-6959%2C7000%2C7003%2C7036%2C7040%2C7066%2C7094%2C7098%2C7122
r7133
  +dir_prop: branches/qmmp-1.1 svn:mergeinfo /branches/qmmp-0.10:6712%2C6725%2C6903%2C7038%2C7058%2C7075%2C7102-7103%0A/branches/qmmp-0.9:5574%0A/branches/qmmp-1.2:6526%2C6530%2C6532%2C6597%2C6799%2C6827%2C6975%2C6980%2C7008%2C7012%2C7096%2C7131%0A/trunk/qmmp:5275%2C5282-5283%2C5296-5300%2C5304-5305%2C5310%2C5315-5316%2C5331%2C5333%2C5337%2C5353%2C5367-5379%2C5385-5386%2C5391%2C5420%2C5424-5426%2C5428%2C5442-5444%2C5469%2C5471%2C5476%2C5481%2C5494%2C5497%2C5508-5509%2C5512%2C5517%2C5521%2C5525%2C5538%2C5550%2C5553%2C5556%2C5570%2C5578%2C5605%2C5612%2C5618%2C5621%2C5642%2C5672%2C5677%2C5696%2C5700%2C5702-5703%2C5721-5722%2C5729%2C5740-5746%2C5752%2C5759%2C5778%2C5789%2C5792-5793%2C5797%2C5810%2C5815%2C5824%2C5828%2C5865-5866%2C5876%2C5917%2C5919-5920%2C5928%2C5934%2C5936%2C5949%2C5956-5958%2C5970%2C5972%2C5974%2C5976%2C5978%2C5980%2C5985-5986%2C5991%2C5999%2C6008%2C6014%2C6018-6019%2C6022%2C6026-6027%2C6031-6037%2C6047%2C6059-6061%2C6065%2C6075%2C6080%2C6085%2C6112%2C6115%2C6117%2C6119-6124%2C6126%2C6130-6131%2C6135%2C6139-6146%2C6149%2C6151-6153%2C6163%2C6167%2C6169%2C6177%2C6179%2C6185-6187%2C6196%2C6200%2C6202-6203%2C6205%2C6208%2C6215%2C6225-6226%2C6229%2C6231%2C6235-6236%2C6238%2C6240%2C6242%2C6244%2C6246%2C6250%2C6254%2C6319%2C6324%2C6327%2C6351-6352%2C6354%2C6356-6357%2C6359%2C6361%2C6363-6366%2C6370-6372%2C6378%2C6386%2C6388%2C6403%2C6426%2C6429%2C6431%2C6433%2C6447%2C6451%2C6453%2C6456-6457%2C6459%2C6469%2C6474%2C6478-6479%2C6481%2C6515%2C6535%2C6539%2C6545-6547%2C6577%2C6586%2C6612%2C6616%2C6620%2C6624%2C6637%2C6671%2C6677%2C6683%2C6689%2C6704%2C6781%2C6783-6785%2C6789%2C6796%2C6803%2C6814-6815%2C6825%2C6831%2C6901%2C6905%2C6909%2C6919%2C6958-6959%2C7000%2C7003%2C7036%2C7040%2C7066%2C7094%2C7098%2C7122
r7134
r7144
  +dir_prop: branches/qmmp-1.1 svn:mergeinfo /branches/qmmp-0.10:6712%2C6725%2C6903%2C7038%2C7058%2C7075%2C7102-7103%0A/branches/qmmp-0.9:5574%0A/branches/qmmp-1.2:6526%2C6530%2C6532%2C6597%2C6799%2C6827%2C6975%2C6980%2C7008%2C7012%2C7096%2C7131%0A/trunk/qmmp:5275%2C5282-5283%2C5296-5300%2C5304-5305%2C5310%2C5315-5316%2C5331%2C5333%2C5337%2C5353%2C5367-5379%2C5385-5386%2C5391%2C5420%2C5424-5426%2C5428%2C5442-5444%2C5469%2C5471%2C5476%2C5481%2C5494%2C5497%2C5508-5509%2C5512%2C5517%2C5521%2C5525%2C5538%2C5550%2C5553%2C5556%2C5570%2C5578%2C5605%2C5612%2C5618%2C5621%2C5642%2C5672%2C5677%2C5696%2C5700%2C5702-5703%2C5721-5722%2C5729%2C5740-5746%2C5752%2C5759%2C5778%2C5789%2C5792-5793%2C5797%2C5810%2C5815%2C5824%2C5828%2C5865-5866%2C5876%2C5917%2C5919-5920%2C5928%2C5934%2C5936%2C5949%2C5956-5958%2C5970%2C5972%2C5974%2C5976%2C5978%2C5980%2C5985-5986%2C5991%2C5999%2C6008%2C6014%2C6018-6019%2C6022%2C6026-6027%2C6031-6037%2C6047%2C6059-6061%2C6065%2C6075%2C6080%2C6085%2C6112%2C6115%2C6117%2C6119-6124%2C6126%2C6130-6131%2C6135%2C6139-6146%2C6149%2C6151-6153%2C6163%2C6167%2C6169%2C6177%2C6179%2C6185-6187%2C6196%2C6200%2C6202-6203%2C6205%2C6208%2C6215%2C6225-6226%2C6229%2C6231%2C6235-6236%2C6238%2C6240%2C6242%2C6244%2C6246%2C6250%2C6254%2C6319%2C6324%2C6327%2C6351-6352%2C6354%2C6356-6357%2C6359%2C6361%2C6363-6366%2C6370-6372%2C6378%2C6386%2C6388%2C6403%2C6426%2C6429%2C6431%2C6433%2C6447%2C6451%2C6453%2C6456-6457%2C6459%2C6469%2C6474%2C6478-6479%2C6481%2C6515%2C6535%2C6539%2C6545-6547%2C6577%2C6586%2C6612%2C6616%2C6620%2C6624%2C6637%2C6671%2C6677%2C6683%2C6689%2C6704%2C6781%2C6783-6785%2C6789%2C6796%2C6803%2C6814-6815%2C6825%2C6831%2C6901%2C6905%2C6909%2C6919%2C6958-6959%2C7000%2C7003%2C7036%2C7040%2C7066%2C7094%2C7098%2C7122%2C7142
r7149
  +dir_prop: branches/qmmp-1.1 svn:mergeinfo /branches/qmmp-0.10:6712%2C6725%2C6903%2C7038%2C7058%2C7075%2C7102-7103%0A/branches/qmmp-0.9:5574%0A/branches/qmmp-1.2:6526%2C6530%2C6532%2C6597%2C6799%2C6827%2C6975%2C6980%2C7008%2C7012%2C7096%2C7131%0A/trunk/qmmp:5275%2C5282-5283%2C5296-5300%2C5304-5305%2C5310%2C5315-5316%2C5331%2C5333%2C5337%2C5353%2C5367-5379%2C5385-5386%2C5391%2C5420%2C5424-5426%2C5428%2C5442-5444%2C5469%2C5471%2C5476%2C5481%2C5494%2C5497%2C5508-5509%2C5512%2C5517%2C5521%2C5525%2C5538%2C5550%2C5553%2C5556%2C5570%2C5578%2C5605%2C5612%2C5618%2C5621%2C5642%2C5672%2C5677%2C5696%2C5700%2C5702-5703%2C5721-5722%2C5729%2C5740-5746%2C5752%2C5759%2C5778%2C5789%2C5792-5793%2C5797%2C5810%2C5815%2C5824%2C5828%2C5865-5866%2C5876%2C5917%2C5919-5920%2C5928%2C5934%2C5936%2C5949%2C5956-5958%2C5970%2C5972%2C5974%2C5976%2C5978%2C5980%2C5985-5986%2C5991%2C5999%2C6008%2C6014%2C6018-6019%2C6022%2C6026-6027%2C6031-6037%2C6047%2C6059-6061%2C6065%2C6075%2C6080%2C6085%2C6112%2C6115%2C6117%2C6119-6124%2C6126%2C6130-6131%2C6135%2C6139-6146%2C6149%2C6151-6153%2C6163%2C6167%2C6169%2C6177%2C6179%2C6185-6187%2C6196%2C6200%2C6202-6203%2C6205%2C6208%2C6215%2C6225-6226%2C6229%2C6231%2C6235-6236%2C6238%2C6240%2C6242%2C6244%2C6246%2C6250%2C6254%2C6319%2C6324%2C6327%2C6351-6352%2C6354%2C6356-6357%2C6359%2C6361%2C6363-6366%2C6370-6372%2C6378%2C6386%2C6388%2C6403%2C6426%2C6429%2C6431%2C6433%2C6447%2C6451%2C6453%2C6456-6457%2C6459%2C6469%2C6474%2C6478-6479%2C6481%2C6515%2C6535%2C6539%2C6545-6547%2C6577%2C6586%2C6612%2C6616%2C6620%2C6624%2C6637%2C6671%2C6677%2C6683%2C6689%2C6704%2C6781%2C6783-6785%2C6789%2C6796%2C6803%2C6814-6815%2C6825%2C6831%2C6901%2C6905%2C6909%2C6919%2C6958-6959%2C7000%2C7003%2C7036%2C7040%2C7066%2C7094%2C7098%2C7122%2C7142%2C7146
r7154
r7157
r7161
  +dir_prop: branches/qmmp-1.1 svn:mergeinfo /branches/qmmp-0.10:6712%2C6725%2C6903%2C7038%2C7058%2C7075%2C7102-7103%0A/branches/qmmp-0.9:5574%0A/branches/qmmp-1.2:6526%2C6530%2C6532%2C6597%2C6799%2C6827%2C6975%2C6980%2C7008%2C7012%2C7096%2C7131%0A/trunk/qmmp:5275%2C5282-5283%2C5296-5300%2C5304-5305%2C5310%2C5315-5316%2C5331%2C5333%2C5337%2C5353%2C5367-5379%2C5385-5386%2C5391%2C5420%2C5424-5426%2C5428%2C5442-5444%2C5469%2C5471%2C5476%2C5481%2C5494%2C5497%2C5508-5509%2C5512%2C5517%2C5521%2C5525%2C5538%2C5550%2C5553%2C5556%2C5570%2C5578%2C5605%2C5612%2C5618%2C5621%2C5642%2C5672%2C5677%2C5696%2C5700%2C5702-5703%2C5721-5722%2C5729%2C5740-5746%2C5752%2C5759%2C5778%2C5789%2C5792-5793%2C5797%2C5810%2C5815%2C5824%2C5828%2C5865-5866%2C5876%2C5917%2C5919-5920%2C5928%2C5934%2C5936%2C5949%2C5956-5958%2C5970%2C5972%2C5974%2C5976%2C5978%2C5980%2C5985-5986%2C5991%2C5999%2C6008%2C6014%2C6018-6019%2C6022%2C6026-6027%2C6031-6037%2C6047%2C6059-6061%2C6065%2C6075%2C6080%2C6085%2C6112%2C6115%2C6117%2C6119-6124%2C6126%2C6130-6131%2C6135%2C6139-6146%2C6149%2C6151-6153%2C6163%2C6167%2C6169%2C6177%2C6179%2C6185-6187%2C6196%2C6200%2C6202-6203%2C6205%2C6208%2C6215%2C6225-6226%2C6229%2C6231%2C6235-6236%2C6238%2C6240%2C6242%2C6244%2C6246%2C6250%2C6254%2C6319%2C6324%2C6327%2C6351-6352%2C6354%2C6356-6357%2C6359%2C6361%2C6363-6366%2C6370-6372%2C6378%2C6386%2C6388%2C6403%2C6426%2C6429%2C6431%2C6433%2C6447%2C6451%2C6453%2C6456-6457%2C6459%2C6469%2C6474%2C6478-6479%2C6481%2C6515%2C6535%2C6539%2C6545-6547%2C6577%2C6586%2C6612%2C6616%2C6620%2C6624%2C6637%2C6671%2C6677%2C6683%2C6689%2C6704%2C6781%2C6783-6785%2C6789%2C6796%2C6803%2C6814-6815%2C6825%2C6831%2C6901%2C6905%2C6909%2C6919%2C6958-6959%2C7000%2C7003%2C7036%2C7040%2C7066%2C7094%2C7098%2C7122%2C7142%2C7146%2C7159
r7166
  +dir_prop: branches/qmmp-1.1 svn:mergeinfo /branches/qmmp-0.10:6712%2C6725%2C6903%2C7038%2C7058%2C7075%2C7102-7103%0A/branches/qmmp-0.9:5574%0A/branches/qmmp-1.2:6526%2C6530%2C6532%2C6597%2C6799%2C6827%2C6975%2C6980%2C7008%2C7012%2C7096%2C7131%2C7165%0A/trunk/qmmp:5275%2C5282-5283%2C5296-5300%2C5304-5305%2C5310%2C5315-5316%2C5331%2C5333%2C5337%2C5353%2C5367-5379%2C5385-5386%2C5391%2C5420%2C5424-5426%2C5428%2C5442-5444%2C5469%2C5471%2C5476%2C5481%2C5494%2C5497%2C5508-5509%2C5512%2C5517%2C5521%2C5525%2C5538%2C5550%2C5553%2C5556%2C5570%2C5578%2C5605%2C5612%2C5618%2C5621%2C5642%2C5672%2C5677%2C5696%2C5700%2C5702-5703%2C5721-5722%2C5729%2C5740-5746%2C5752%2C5759%2C5778%2C5789%2C5792-5793%2C5797%2C5810%2C5815%2C5824%2C5828%2C5865-5866%2C5876%2C5917%2C5919-5920%2C5928%2C5934%2C5936%2C5949%2C5956-5958%2C5970%2C5972%2C5974%2C5976%2C5978%2C5980%2C5985-5986%2C5991%2C5999%2C6008%2C6014%2C6018-6019%2C6022%2C6026-6027%2C6031-6037%2C6047%2C6059-6061%2C6065%2C6075%2C6080%2C6085%2C6112%2C6115%2C6117%2C6119-6124%2C6126%2C6130-6131%2C6135%2C6139-6146%2C6149%2C6151-6153%2C6163%2C6167%2C6169%2C6177%2C6179%2C6185-6187%2C6196%2C6200%2C6202-6203%2C6205%2C6208%2C6215%2C6225-6226%2C6229%2C6231%2C6235-6236%2C6238%2C6240%2C6242%2C6244%2C6246%2C6250%2C6254%2C6319%2C6324%2C6327%2C6351-6352%2C6354%2C6356-6357%2C6359%2C6361%2C6363-6366%2C6370-6372%2C6378%2C6386%2C6388%2C6403%2C6426%2C6429%2C6431%2C6433%2C6447%2C6451%2C6453%2C6456-6457%2C6459%2C6469%2C6474%2C6478-6479%2C6481%2C6515%2C6535%2C6539%2C6545-6547%2C6577%2C6586%2C6612%2C6616%2C6620%2C6624%2C6637%2C6671%2C6677%2C6683%2C6689%2C6704%2C6781%2C6783-6785%2C6789%2C6796%2C6803%2C6814-6815%2C6825%2C6831%2C6901%2C6905%2C6909%2C6919%2C6958-6959%2C7000%2C7003%2C7036%2C7040%2C7066%2C7094%2C7098%2C7122%2C7142%2C7146%2C7159
r7171
  +dir_prop: branches/qmmp-1.1 svn:mergeinfo /branches/qmmp-0.10:6712%2C6725%2C6903%2C7038%2C7058%2C7075%2C7102-7103%0A/branches/qmmp-0.9:5574%0A/branches/qmmp-1.2:6526%2C6530%2C6532%2C6597%2C6799%2C6827%2C6975%2C6980%2C7008%2C7012%2C7096%2C7131%2C7165%0A/trunk/qmmp:5275%2C5282-5283%2C5296-5300%2C5304-5305%2C5310%2C5315-5316%2C5331%2C5333%2C5337%2C5353%2C5367-5379%2C5385-5386%2C5391%2C5420%2C5424-5426%2C5428%2C5442-5444%2C5469%2C5471%2C5476%2C5481%2C5494%2C5497%2C5508-5509%2C5512%2C5517%2C5521%2C5525%2C5538%2C5550%2C5553%2C5556%2C5570%2C5578%2C5605%2C5612%2C5618%2C5621%2C5642%2C5672%2C5677%2C5696%2C5700%2C5702-5703%2C5721-5722%2C5729%2C5740-5746%2C5752%2C5759%2C5778%2C5789%2C5792-5793%2C5797%2C5810%2C5815%2C5824%2C5828%2C5865-5866%2C5876%2C5917%2C5919-5920%2C5928%2C5934%2C5936%2C5949%2C5956-5958%2C5970%2C5972%2C5974%2C5976%2C5978%2C5980%2C5985-5986%2C5991%2C5999%2C6008%2C6014%2C6018-6019%2C6022%2C6026-6027%2C6031-6037%2C6047%2C6059-6061%2C6065%2C6075%2C6080%2C6085%2C6112%2C6115%2C6117%2C6119-6124%2C6126%2C6130-6131%2C6135%2C6139-6146%2C6149%2C6151-6153%2C6163%2C6167%2C6169%2C6177%2C6179%2C6185-6187%2C6196%2C6200%2C6202-6203%2C6205%2C6208%2C6215%2C6225-6226%2C6229%2C6231%2C6235-6236%2C6238%2C6240%2C6242%2C6244%2C6246%2C6250%2C6254%2C6319%2C6324%2C6327%2C6351-6352%2C6354%2C6356-6357%2C6359%2C6361%2C6363-6366%2C6370-6372%2C6378%2C6386%2C6388%2C6403%2C6426%2C6429%2C6431%2C6433%2C6447%2C6451%2C6453%2C6456-6457%2C6459%2C6469%2C6474%2C6478-6479%2C6481%2C6515%2C6535%2C6539%2C6545-6547%2C6577%2C6586%2C6612%2C6616%2C6620%2C6624%2C6637%2C6671%2C6677%2C6683%2C6689%2C6704%2C6781%2C6783-6785%2C6789%2C6796%2C6803%2C6814-6815%2C6825%2C6831%2C6901%2C6905%2C6909%2C6919%2C6958-6959%2C7000%2C7003%2C7036%2C7040%2C7066%2C7094%2C7098%2C7122%2C7142%2C7146%2C7159%2C7169
r7175
  +dir_prop: branches/qmmp-1.1 svn:mergeinfo /branches/qmmp-0.10:6712%2C6725%2C6903%2C7038%2C7058%2C7075%2C7102-7103%0A/branches/qmmp-0.9:5574%0A/branches/qmmp-1.2:6526%2C6530%2C6532%2C6597%2C6799%2C6827%2C6975%2C6980%2C7008%2C7012%2C7096%2C7131%2C7165%2C7173%0A/trunk/qmmp:5275%2C5282-5283%2C5296-5300%2C5304-5305%2C5310%2C5315-5316%2C5331%2C5333%2C5337%2C5353%2C5367-5379%2C5385-5386%2C5391%2C5420%2C5424-5426%2C5428%2C5442-5444%2C5469%2C5471%2C5476%2C5481%2C5494%2C5497%2C5508-5509%2C5512%2C5517%2C5521%2C5525%2C5538%2C5550%2C5553%2C5556%2C5570%2C5578%2C5605%2C5612%2C5618%2C5621%2C5642%2C5672%2C5677%2C5696%2C5700%2C5702-5703%2C5721-5722%2C5729%2C5740-5746%2C5752%2C5759%2C5778%2C5789%2C5792-5793%2C5797%2C5810%2C5815%2C5824%2C5828%2C5865-5866%2C5876%2C5917%2C5919-5920%2C5928%2C5934%2C5936%2C5949%2C5956-5958%2C5970%2C5972%2C5974%2C5976%2C5978%2C5980%2C5985-5986%2C5991%2C5999%2C6008%2C6014%2C6018-6019%2C6022%2C6026-6027%2C6031-6037%2C6047%2C6059-6061%2C6065%2C6075%2C6080%2C6085%2C6112%2C6115%2C6117%2C6119-6124%2C6126%2C6130-6131%2C6135%2C6139-6146%2C6149%2C6151-6153%2C6163%2C6167%2C6169%2C6177%2C6179%2C6185-6187%2C6196%2C6200%2C6202-6203%2C6205%2C6208%2C6215%2C6225-6226%2C6229%2C6231%2C6235-6236%2C6238%2C6240%2C6242%2C6244%2C6246%2C6250%2C6254%2C6319%2C6324%2C6327%2C6351-6352%2C6354%2C6356-6357%2C6359%2C6361%2C6363-6366%2C6370-6372%2C6378%2C6386%2C6388%2C6403%2C6426%2C6429%2C6431%2C6433%2C6447%2C6451%2C6453%2C6456-6457%2C6459%2C6469%2C6474%2C6478-6479%2C6481%2C6515%2C6535%2C6539%2C6545-6547%2C6577%2C6586%2C6612%2C6616%2C6620%2C6624%2C6637%2C6671%2C6677%2C6683%2C6689%2C6704%2C6781%2C6783-6785%2C6789%2C6796%2C6803%2C6814-6815%2C6825%2C6831%2C6901%2C6905%2C6909%2C6919%2C6958-6959%2C7000%2C7003%2C7036%2C7040%2C7066%2C7094%2C7098%2C7122%2C7142%2C7146%2C7159%2C7169
r7182
  +dir_prop: branches/qmmp-1.1 svn:mergeinfo /branches/qmmp-0.10:6712%2C6725%2C6903%2C7038%2C7058%2C7075%2C7102-7103%0A/branches/qmmp-0.9:5574%0A/branches/qmmp-1.2:6526%2C6530%2C6532%2C6597%2C6799%2C6827%2C6975%2C6980%2C7008%2C7012%2C7096%2C7131%2C7165%2C7173%0A/trunk/qmmp:5275%2C5282-5283%2C5296-5300%2C5304-5305%2C5310%2C5315-5316%2C5331%2C5333%2C5337%2C5353%2C5367-5379%2C5385-5386%2C5391%2C5420%2C5424-5426%2C5428%2C5442-5444%2C5469%2C5471%2C5476%2C5481%2C5494%2C5497%2C5508-5509%2C5512%2C5517%2C5521%2C5525%2C5538%2C5550%2C5553%2C5556%2C5570%2C5578%2C5605%2C5612%2C5618%2C5621%2C5642%2C5672%2C5677%2C5696%2C5700%2C5702-5703%2C5721-5722%2C5729%2C5740-5746%2C5752%2C5759%2C5778%2C5789%2C5792-5793%2C5797%2C5810%2C5815%2C5824%2C5828%2C5865-5866%2C5876%2C5917%2C5919-5920%2C5928%2C5934%2C5936%2C5949%2C5956-5958%2C5970%2C5972%2C5974%2C5976%2C5978%2C5980%2C5985-5986%2C5991%2C5999%2C6008%2C6014%2C6018-6019%2C6022%2C6026-6027%2C6031-6037%2C6047%2C6059-6061%2C6065%2C6075%2C6080%2C6085%2C6112%2C6115%2C6117%2C6119-6124%2C6126%2C6130-6131%2C6135%2C6139-6146%2C6149%2C6151-6153%2C6163%2C6167%2C6169%2C6177%2C6179%2C6185-6187%2C6196%2C6200%2C6202-6203%2C6205%2C6208%2C6215%2C6225-6226%2C6229%2C6231%2C6235-6236%2C6238%2C6240%2C6242%2C6244%2C6246%2C6250%2C6254%2C6319%2C6324%2C6327%2C6351-6352%2C6354%2C6356-6357%2C6359%2C6361%2C6363-6366%2C6370-6372%2C6378%2C6386%2C6388%2C6403%2C6426%2C6429%2C6431%2C6433%2C6447%2C6451%2C6453%2C6456-6457%2C6459%2C6469%2C6474%2C6478-6479%2C6481%2C6515%2C6535%2C6539%2C6545-6547%2C6577%2C6586%2C6612%2C6616%2C6620%2C6624%2C6637%2C6671%2C6677%2C6683%2C6689%2C6704%2C6781%2C6783-6785%2C6789%2C6796%2C6803%2C6814-6815%2C6825%2C6831%2C6901%2C6905%2C6909%2C6919%2C6958-6959%2C7000%2C7003%2C7036%2C7040%2C7066%2C7094%2C7098%2C7122%2C7142%2C7146%2C7159%2C7169%2C7180
r7185
r7188
  +dir_prop: branches/qmmp-1.1 svn:mergeinfo /branches/qmmp-0.10:6712%2C6725%2C6903%2C7038%2C7058%2C7075%2C7102-7103%0A/branches/qmmp-0.9:5574%0A/branches/qmmp-1.2:6526%2C6530%2C6532%2C6597%2C6799%2C6827%2C6975%2C6980%2C7008%2C7012%2C7096%2C7131%2C7165%2C7173%0A/trunk/qmmp:5275%2C5282-5283%2C5296-5300%2C5304-5305%2C5310%2C5315-5316%2C5331%2C5333%2C5337%2C5353%2C5367-5379%2C5385-5386%2C5391%2C5420%2C5424-5426%2C5428%2C5442-5444%2C5469%2C5471%2C5476%2C5481%2C5494%2C5497%2C5508-5509%2C5512%2C5517%2C5521%2C5525%2C5538%2C5550%2C5553%2C5556%2C5570%2C5578%2C5605%2C5612%2C5618%2C5621%2C5642%2C5672%2C5677%2C5696%2C5700%2C5702-5703%2C5721-5722%2C5729%2C5740-5746%2C5752%2C5759%2C5778%2C5789%2C5792-5793%2C5797%2C5810%2C5815%2C5824%2C5828%2C5865-5866%2C5876%2C5917%2C5919-5920%2C5928%2C5934%2C5936%2C5949%2C5956-5958%2C5970%2C5972%2C5974%2C5976%2C5978%2C5980%2C5985-5986%2C5991%2C5999%2C6008%2C6014%2C6018-6019%2C6022%2C6026-6027%2C6031-6037%2C6047%2C6059-6061%2C6065%2C6075%2C6080%2C6085%2C6112%2C6115%2C6117%2C6119-6124%2C6126%2C6130-6131%2C6135%2C6139-6146%2C6149%2C6151-6153%2C6163%2C6167%2C6169%2C6177%2C6179%2C6185-6187%2C6196%2C6200%2C6202-6203%2C6205%2C6208%2C6215%2C6225-6226%2C6229%2C6231%2C6235-6236%2C6238%2C6240%2C6242%2C6244%2C6246%2C6250%2C6254%2C6319%2C6324%2C6327%2C6351-6352%2C6354%2C6356-6357%2C6359%2C6361%2C6363-6366%2C6370-6372%2C6378%2C6386%2C6388%2C6403%2C6426%2C6429%2C6431%2C6433%2C6447%2C6451%2C6453%2C6456-6457%2C6459%2C6469%2C6474%2C6478-6479%2C6481%2C6515%2C6535%2C6539%2C6545-6547%2C6577%2C6586%2C6612%2C6616%2C6620%2C6624%2C6637%2C6671%2C6677%2C6683%2C6689%2C6704%2C6781%2C6783-6785%2C6789%2C6796%2C6803%2C6814-6815%2C6825%2C6831%2C6901%2C6905%2C6909%2C6919%2C6958-6959%2C7000%2C7003%2C7036%2C7040%2C7066%2C7094%2C7098%2C7122%2C7142%2C7146%2C7159%2C7169%2C7180%2C7186
r7193
r7196
r7202
  +dir_prop: branches/qmmp-1.1 svn:mergeinfo /branches/qmmp-0.10:6712%2C6725%2C6903%2C7038%2C7058%2C7075%2C7102-7103%0A/branches/qmmp-0.9:5574%0A/branches/qmmp-1.2:6526%2C6530%2C6532%2C6597%2C6799%2C6827%2C6975%2C6980%2C7008%2C7012%2C7096%2C7131%2C7165%2C7173%0A/trunk/qmmp:5275%2C5282-5283%2C5296-5300%2C5304-5305%2C5310%2C5315-5316%2C5331%2C5333%2C5337%2C5353%2C5367-5379%2C5385-5386%2C5391%2C5420%2C5424-5426%2C5428%2C5442-5444%2C5469%2C5471%2C5476%2C5481%2C5494%2C5497%2C5508-5509%2C5512%2C5517%2C5521%2C5525%2C5538%2C5550%2C5553%2C5556%2C5570%2C5578%2C5605%2C5612%2C5618%2C5621%2C5642%2C5672%2C5677%2C5696%2C5700%2C5702-5703%2C5721-5722%2C5729%2C5740-5746%2C5752%2C5759%2C5778%2C5789%2C5792-5793%2C5797%2C5810%2C5815%2C5824%2C5828%2C5865-5866%2C5876%2C5917%2C5919-5920%2C5928%2C5934%2C5936%2C5949%2C5956-5958%2C5970%2C5972%2C5974%2C5976%2C5978%2C5980%2C5985-5986%2C5991%2C5999%2C6008%2C6014%2C6018-6019%2C6022%2C6026-6027%2C6031-6037%2C6047%2C6059-6061%2C6065%2C6075%2C6080%2C6085%2C6112%2C6115%2C6117%2C6119-6124%2C6126%2C6130-6131%2C6135%2C6139-6146%2C6149%2C6151-6153%2C6163%2C6167%2C6169%2C6177%2C6179%2C6185-6187%2C6196%2C6200%2C6202-6203%2C6205%2C6208%2C6215%2C6225-6226%2C6229%2C6231%2C6235-6236%2C6238%2C6240%2C6242%2C6244%2C6246%2C6250%2C6254%2C6319%2C6324%2C6327%2C6351-6352%2C6354%2C6356-6357%2C6359%2C6361%2C6363-6366%2C6370-6372%2C6378%2C6386%2C6388%2C6403%2C6426%2C6429%2C6431%2C6433%2C6447%2C6451%2C6453%2C6456-6457%2C6459%2C6469%2C6474%2C6478-6479%2C6481%2C6515%2C6535%2C6539%2C6545-6547%2C6577%2C6586%2C6612%2C6616%2C6620%2C6624%2C6637%2C6671%2C6677%2C6683%2C6689%2C6704%2C6781%2C6783-6785%2C6789%2C6796%2C6803%2C6814-6815%2C6825%2C6831%2C6901%2C6905%2C6909%2C6919%2C6958-6959%2C7000%2C7003%2C7036%2C7040%2C7066%2C7094%2C7098%2C7122%2C7142%2C7146%2C7159%2C7169%2C7180%2C7186%2C7200
r7205
  +dir_prop: branches/qmmp-1.1 svn:mergeinfo /branches/qmmp-0.10:6712%2C6725%2C6903%2C7038%2C7058%2C7075%2C7102-7103%2C7204%0A/branches/qmmp-0.9:5574%0A/branches/qmmp-1.2:6526%2C6530%2C6532%2C6597%2C6799%2C6827%2C6975%2C6980%2C7008%2C7012%2C7096%2C7131%2C7165%2C7173%0A/trunk/qmmp:5275%2C5282-5283%2C5296-5300%2C5304-5305%2C5310%2C5315-5316%2C5331%2C5333%2C5337%2C5353%2C5367-5379%2C5385-5386%2C5391%2C5420%2C5424-5426%2C5428%2C5442-5444%2C5469%2C5471%2C5476%2C5481%2C5494%2C5497%2C5508-5509%2C5512%2C5517%2C5521%2C5525%2C5538%2C5550%2C5553%2C5556%2C5570%2C5578%2C5605%2C5612%2C5618%2C5621%2C5642%2C5672%2C5677%2C5696%2C5700%2C5702-5703%2C5721-5722%2C5729%2C5740-5746%2C5752%2C5759%2C5778%2C5789%2C5792-5793%2C5797%2C5810%2C5815%2C5824%2C5828%2C5865-5866%2C5876%2C5917%2C5919-5920%2C5928%2C5934%2C5936%2C5949%2C5956-5958%2C5970%2C5972%2C5974%2C5976%2C5978%2C5980%2C5985-5986%2C5991%2C5999%2C6008%2C6014%2C6018-6019%2C6022%2C6026-6027%2C6031-6037%2C6047%2C6059-6061%2C6065%2C6075%2C6080%2C6085%2C6112%2C6115%2C6117%2C6119-6124%2C6126%2C6130-6131%2C6135%2C6139-6146%2C6149%2C6151-6153%2C6163%2C6167%2C6169%2C6177%2C6179%2C6185-6187%2C6196%2C6200%2C6202-6203%2C6205%2C6208%2C6215%2C6225-6226%2C6229%2C6231%2C6235-6236%2C6238%2C6240%2C6242%2C6244%2C6246%2C6250%2C6254%2C6319%2C6324%2C6327%2C6351-6352%2C6354%2C6356-6357%2C6359%2C6361%2C6363-6366%2C6370-6372%2C6378%2C6386%2C6388%2C6403%2C6426%2C6429%2C6431%2C6433%2C6447%2C6451%2C6453%2C6456-6457%2C6459%2C6469%2C6474%2C6478-6479%2C6481%2C6515%2C6535%2C6539%2C6545-6547%2C6577%2C6586%2C6612%2C6616%2C6620%2C6624%2C6637%2C6671%2C6677%2C6683%2C6689%2C6704%2C6781%2C6783-6785%2C6789%2C6796%2C6803%2C6814-6815%2C6825%2C6831%2C6901%2C6905%2C6909%2C6919%2C6958-6959%2C7000%2C7003%2C7036%2C7040%2C7066%2C7094%2C7098%2C7122%2C7142%2C7146%2C7159%2C7169%2C7180%2C7186%2C7200
r7211
r7220
  +dir_prop: branches/qmmp-1.1 svn:mergeinfo /branches/qmmp-0.10:6712%2C6725%2C6903%2C7038%2C7058%2C7075%2C7102-7103%2C7204%2C7219%0A/branches/qmmp-0.9:5574%0A/branches/qmmp-1.2:6526%2C6530%2C6532%2C6597%2C6799%2C6827%2C6975%2C6980%2C7008%2C7012%2C7096%2C7131%2C7165%2C7173%0A/trunk/qmmp:5275%2C5282-5283%2C5296-5300%2C5304-5305%2C5310%2C5315-5316%2C5331%2C5333%2C5337%2C5353%2C5367-5379%2C5385-5386%2C5391%2C5420%2C5424-5426%2C5428%2C5442-5444%2C5469%2C5471%2C5476%2C5481%2C5494%2C5497%2C5508-5509%2C5512%2C5517%2C5521%2C5525%2C5538%2C5550%2C5553%2C5556%2C5570%2C5578%2C5605%2C5612%2C5618%2C5621%2C5642%2C5672%2C5677%2C5696%2C5700%2C5702-5703%2C5721-5722%2C5729%2C5740-5746%2C5752%2C5759%2C5778%2C5789%2C5792-5793%2C5797%2C5810%2C5815%2C5824%2C5828%2C5865-5866%2C5876%2C5917%2C5919-5920%2C5928%2C5934%2C5936%2C5949%2C5956-5958%2C5970%2C5972%2C5974%2C5976%2C5978%2C5980%2C5985-5986%2C5991%2C5999%2C6008%2C6014%2C6018-6019%2C6022%2C6026-6027%2C6031-6037%2C6047%2C6059-6061%2C6065%2C6075%2C6080%2C6085%2C6112%2C6115%2C6117%2C6119-6124%2C6126%2C6130-6131%2C6135%2C6139-6146%2C6149%2C6151-6153%2C6163%2C6167%2C6169%2C6177%2C6179%2C6185-6187%2C6196%2C6200%2C6202-6203%2C6205%2C6208%2C6215%2C6225-6226%2C6229%2C6231%2C6235-6236%2C6238%2C6240%2C6242%2C6244%2C6246%2C6250%2C6254%2C6319%2C6324%2C6327%2C6351-6352%2C6354%2C6356-6357%2C6359%2C6361%2C6363-6366%2C6370-6372%2C6378%2C6386%2C6388%2C6403%2C6426%2C6429%2C6431%2C6433%2C6447%2C6451%2C6453%2C6456-6457%2C6459%2C6469%2C6474%2C6478-6479%2C6481%2C6515%2C6535%2C6539%2C6545-6547%2C6577%2C6586%2C6612%2C6616%2C6620%2C6624%2C6637%2C6671%2C6677%2C6683%2C6689%2C6704%2C6781%2C6783-6785%2C6789%2C6796%2C6803%2C6814-6815%2C6825%2C6831%2C6901%2C6905%2C6909%2C6919%2C6958-6959%2C7000%2C7003%2C7036%2C7040%2C7066%2C7094%2C7098%2C7122%2C7142%2C7146%2C7159%2C7169%2C7180%2C7186%2C7200
r7231
  +dir_prop: branches/qmmp-1.1 svn:mergeinfo /branches/qmmp-0.10:6712%2C6725%2C6903%2C7038%2C7058%2C7075%2C7102-7103%2C7204%2C7219%0A/branches/qmmp-0.9:5574%0A/branches/qmmp-1.2:6526%2C6530%2C6532%2C6597%2C6799%2C6827%2C6975%2C6980%2C7008%2C7012%2C7096%2C7131%2C7165%2C7173%0A/trunk/qmmp:5275%2C5282-5283%2C5296-5300%2C5304-5305%2C5310%2C5315-5316%2C5331%2C5333%2C5337%2C5353%2C5367-5379%2C5385-5386%2C5391%2C5420%2C5424-5426%2C5428%2C5442-5444%2C5469%2C5471%2C5476%2C5481%2C5494%2C5497%2C5508-5509%2C5512%2C5517%2C5521%2C5525%2C5538%2C5550%2C5553%2C5556%2C5570%2C5578%2C5605%2C5612%2C5618%2C5621%2C5642%2C5672%2C5677%2C5696%2C5700%2C5702-5703%2C5721-5722%2C5729%2C5740-5746%2C5752%2C5759%2C5778%2C5789%2C5792-5793%2C5797%2C5810%2C5815%2C5824%2C5828%2C5865-5866%2C5876%2C5917%2C5919-5920%2C5928%2C5934%2C5936%2C5949%2C5956-5958%2C5970%2C5972%2C5974%2C5976%2C5978%2C5980%2C5985-5986%2C5991%2C5999%2C6008%2C6014%2C6018-6019%2C6022%2C6026-6027%2C6031-6037%2C6047%2C6059-6061%2C6065%2C6075%2C6080%2C6085%2C6112%2C6115%2C6117%2C6119-6124%2C6126%2C6130-6131%2C6135%2C6139-6146%2C6149%2C6151-6153%2C6163%2C6167%2C6169%2C6177%2C6179%2C6185-6187%2C6196%2C6200%2C6202-6203%2C6205%2C6208%2C6215%2C6225-6226%2C6229%2C6231%2C6235-6236%2C6238%2C6240%2C6242%2C6244%2C6246%2C6250%2C6254%2C6319%2C6324%2C6327%2C6351-6352%2C6354%2C6356-6357%2C6359%2C6361%2C6363-6366%2C6370-6372%2C6378%2C6386%2C6388%2C6403%2C6426%2C6429%2C6431%2C6433%2C6447%2C6451%2C6453%2C6456-6457%2C6459%2C6469%2C6474%2C6478-6479%2C6481%2C6515%2C6535%2C6539%2C6545-6547%2C6577%2C6586%2C6612%2C6616%2C6620%2C6624%2C6637%2C6671%2C6677%2C6683%2C6689%2C6704%2C6781%2C6783-6785%2C6789%2C6796%2C6803%2C6814-6815%2C6825%2C6831%2C6901%2C6905%2C6909%2C6919%2C6958-6959%2C7000%2C7003%2C7036%2C7040%2C7066%2C7094%2C7098%2C7122%2C7142%2C7146%2C7159%2C7169%2C7180%2C7186%2C7200%2C7223
r7232
r7233
r7235
r7242
  +dir_prop: branches/qmmp-1.1 svn:mergeinfo /branches/qmmp-0.10:6712%2C6725%2C6903%2C7038%2C7058%2C7075%2C7102-7103%2C7204%2C7219%0A/branches/qmmp-0.9:5574%0A/branches/qmmp-1.2:6526%2C6530%2C6532%2C6597%2C6799%2C6827%2C6975%2C6980%2C7008%2C7012%2C7096%2C7131%2C7165%2C7173%0A/trunk/qmmp:5275%2C5282-5283%2C5296-5300%2C5304-5305%2C5310%2C5315-5316%2C5331%2C5333%2C5337%2C5353%2C5367-5379%2C5385-5386%2C5391%2C5420%2C5424-5426%2C5428%2C5442-5444%2C5469%2C5471%2C5476%2C5481%2C5494%2C5497%2C5508-5509%2C5512%2C5517%2C5521%2C5525%2C5538%2C5550%2C5553%2C5556%2C5570%2C5578%2C5605%2C5612%2C5618%2C5621%2C5642%2C5672%2C5677%2C5696%2C5700%2C5702-5703%2C5721-5722%2C5729%2C5740-5746%2C5752%2C5759%2C5778%2C5789%2C5792-5793%2C5797%2C5810%2C5815%2C5824%2C5828%2C5865-5866%2C5876%2C5917%2C5919-5920%2C5928%2C5934%2C5936%2C5949%2C5956-5958%2C5970%2C5972%2C5974%2C5976%2C5978%2C5980%2C5985-5986%2C5991%2C5999%2C6008%2C6014%2C6018-6019%2C6022%2C6026-6027%2C6031-6037%2C6047%2C6059-6061%2C6065%2C6075%2C6080%2C6085%2C6112%2C6115%2C6117%2C6119-6124%2C6126%2C6130-6131%2C6135%2C6139-6146%2C6149%2C6151-6153%2C6163%2C6167%2C6169%2C6177%2C6179%2C6185-6187%2C6196%2C6200%2C6202-6203%2C6205%2C6208%2C6215%2C6225-6226%2C6229%2C6231%2C6235-6236%2C6238%2C6240%2C6242%2C6244%2C6246%2C6250%2C6254%2C6319%2C6324%2C6327%2C6351-6352%2C6354%2C6356-6357%2C6359%2C6361%2C6363-6366%2C6370-6372%2C6378%2C6386%2C6388%2C6403%2C6426%2C6429%2C6431%2C6433%2C6447%2C6451%2C6453%2C6456-6457%2C6459%2C6469%2C6474%2C6478-6479%2C6481%2C6515%2C6535%2C6539%2C6545-6547%2C6577%2C6586%2C6612%2C6616%2C6620%2C6624%2C6637%2C6671%2C6677%2C6683%2C6689%2C6704%2C6781%2C6783-6785%2C6789%2C6796%2C6803%2C6814-6815%2C6825%2C6831%2C6901%2C6905%2C6909%2C6919%2C6958-6959%2C7000%2C7003%2C7036%2C7040%2C7066%2C7094%2C7098%2C7122%2C7142%2C7146%2C7159%2C7169%2C7180%2C7186%2C7200%2C7223%2C7239
r7247
  +dir_prop: branches/qmmp-1.1 svn:mergeinfo /branches/qmmp-0.10:6712%2C6725%2C6903%2C7038%2C7058%2C7075%2C7102-7103%2C7204%2C7219%0A/branches/qmmp-0.9:5574%0A/branches/qmmp-1.2:6526%2C6530%2C6532%2C6597%2C6799%2C6827%2C6975%2C6980%2C7008%2C7012%2C7096%2C7131%2C7165%2C7173%0A/trunk/qmmp:5275%2C5282-5283%2C5296-5300%2C5304-5305%2C5310%2C5315-5316%2C5331%2C5333%2C5337%2C5353%2C5367-5379%2C5385-5386%2C5391%2C5420%2C5424-5426%2C5428%2C5442-5444%2C5469%2C5471%2C5476%2C5481%2C5494%2C5497%2C5508-5509%2C5512%2C5517%2C5521%2C5525%2C5538%2C5550%2C5553%2C5556%2C5570%2C5578%2C5605%2C5612%2C5618%2C5621%2C5642%2C5672%2C5677%2C5696%2C5700%2C5702-5703%2C5721-5722%2C5729%2C5740-5746%2C5752%2C5759%2C5778%2C5789%2C5792-5793%2C5797%2C5810%2C5815%2C5824%2C5828%2C5865-5866%2C5876%2C5917%2C5919-5920%2C5928%2C5934%2C5936%2C5949%2C5956-5958%2C5970%2C5972%2C5974%2C5976%2C5978%2C5980%2C5985-5986%2C5991%2C5999%2C6008%2C6014%2C6018-6019%2C6022%2C6026-6027%2C6031-6037%2C6047%2C6059-6061%2C6065%2C6075%2C6080%2C6085%2C6112%2C6115%2C6117%2C6119-6124%2C6126%2C6130-6131%2C6135%2C6139-6146%2C6149%2C6151-6153%2C6163%2C6167%2C6169%2C6177%2C6179%2C6185-6187%2C6196%2C6200%2C6202-6203%2C6205%2C6208%2C6215%2C6225-6226%2C6229%2C6231%2C6235-6236%2C6238%2C6240%2C6242%2C6244%2C6246%2C6250%2C6254%2C6319%2C6324%2C6327%2C6351-6352%2C6354%2C6356-6357%2C6359%2C6361%2C6363-6366%2C6370-6372%2C6378%2C6386%2C6388%2C6403%2C6426%2C6429%2C6431%2C6433%2C6447%2C6451%2C6453%2C6456-6457%2C6459%2C6469%2C6474%2C6478-6479%2C6481%2C6515%2C6535%2C6539%2C6545-6547%2C6577%2C6586%2C6612%2C6616%2C6620%2C6624%2C6637%2C6671%2C6677%2C6683%2C6689%2C6704%2C6781%2C6783-6785%2C6789%2C6796%2C6803%2C6814-6815%2C6825%2C6831%2C6901%2C6905%2C6909%2C6919%2C6958-6959%2C7000%2C7003%2C7036%2C7040%2C7066%2C7094%2C7098%2C7122%2C7142%2C7146%2C7159%2C7169%2C7180%2C7186%2C7200%2C7223%2C7239%2C7245
r7252
  +dir_prop: branches/qmmp-1.1 svn:mergeinfo /branches/qmmp-0.10:6712%2C6725%2C6903%2C7038%2C7058%2C7075%2C7102-7103%2C7204%2C7219%0A/branches/qmmp-0.9:5574%0A/branches/qmmp-1.2:6526%2C6530%2C6532%2C6597%2C6799%2C6827%2C6975%2C6980%2C7008%2C7012%2C7096%2C7131%2C7165%2C7173%0A/trunk/qmmp:5275%2C5282-5283%2C5296-5300%2C5304-5305%2C5310%2C5315-5316%2C5331%2C5333%2C5337%2C5353%2C5367-5379%2C5385-5386%2C5391%2C5420%2C5424-5426%2C5428%2C5442-5444%2C5469%2C5471%2C5476%2C5481%2C5494%2C5497%2C5508-5509%2C5512%2C5517%2C5521%2C5525%2C5538%2C5550%2C5553%2C5556%2C5570%2C5578%2C5605%2C5612%2C5618%2C5621%2C5642%2C5672%2C5677%2C5696%2C5700%2C5702-5703%2C5721-5722%2C5729%2C5740-5746%2C5752%2C5759%2C5778%2C5789%2C5792-5793%2C5797%2C5810%2C5815%2C5824%2C5828%2C5865-5866%2C5876%2C5917%2C5919-5920%2C5928%2C5934%2C5936%2C5949%2C5956-5958%2C5970%2C5972%2C5974%2C5976%2C5978%2C5980%2C5985-5986%2C5991%2C5999%2C6008%2C6014%2C6018-6019%2C6022%2C6026-6027%2C6031-6037%2C6047%2C6059-6061%2C6065%2C6075%2C6080%2C6085%2C6112%2C6115%2C6117%2C6119-6124%2C6126%2C6130-6131%2C6135%2C6139-6146%2C6149%2C6151-6153%2C6163%2C6167%2C6169%2C6177%2C6179%2C6185-6187%2C6196%2C6200%2C6202-6203%2C6205%2C6208%2C6215%2C6225-6226%2C6229%2C6231%2C6235-6236%2C6238%2C6240%2C6242%2C6244%2C6246%2C6250%2C6254%2C6319%2C6324%2C6327%2C6351-6352%2C6354%2C6356-6357%2C6359%2C6361%2C6363-6366%2C6370-6372%2C6378%2C6386%2C6388%2C6403%2C6426%2C6429%2C6431%2C6433%2C6447%2C6451%2C6453%2C6456-6457%2C6459%2C6469%2C6474%2C6478-6479%2C6481%2C6515%2C6535%2C6539%2C6545-6547%2C6577%2C6586%2C6612%2C6616%2C6620%2C6624%2C6637%2C6671%2C6677%2C6683%2C6689%2C6704%2C6781%2C6783-6785%2C6789%2C6796%2C6803%2C6814-6815%2C6825%2C6831%2C6901%2C6905%2C6909%2C6919%2C6958-6959%2C7000%2C7003%2C7036%2C7040%2C7066%2C7094%2C7098%2C7122%2C7142%2C7146%2C7159%2C7169%2C7180%2C7186%2C7200%2C7223%2C7239%2C7245%2C7250
r7256
  +dir_prop: branches/qmmp-1.1 svn:mergeinfo /branches/qmmp-0.10:6712%2C6725%2C6903%2C7038%2C7058%2C7075%2C7102-7103%2C7204%2C7219%0A/branches/qmmp-0.9:5574%0A/branches/qmmp-1.2:6526%2C6530%2C6532%2C6597%2C6799%2C6827%2C6975%2C6980%2C7008%2C7012%2C7096%2C7131%2C7165%2C7173%0A/trunk/qmmp:5275%2C5282-5283%2C5296-5300%2C5304-5305%2C5310%2C5315-5316%2C5331%2C5333%2C5337%2C5353%2C5367-5379%2C5385-5386%2C5391%2C5420%2C5424-5426%2C5428%2C5442-5444%2C5469%2C5471%2C5476%2C5481%2C5494%2C5497%2C5508-5509%2C5512%2C5517%2C5521%2C5525%2C5538%2C5550%2C5553%2C5556%2C5570%2C5578%2C5605%2C5612%2C5618%2C5621%2C5642%2C5672%2C5677%2C5696%2C5700%2C5702-5703%2C5721-5722%2C5729%2C5740-5746%2C5752%2C5759%2C5778%2C5789%2C5792-5793%2C5797%2C5810%2C5815%2C5824%2C5828%2C5865-5866%2C5876%2C5917%2C5919-5920%2C5928%2C5934%2C5936%2C5949%2C5956-5958%2C5970%2C5972%2C5974%2C5976%2C5978%2C5980%2C5985-5986%2C5991%2C5999%2C6008%2C6014%2C6018-6019%2C6022%2C6026-6027%2C6031-6037%2C6047%2C6059-6061%2C6065%2C6075%2C6080%2C6085%2C6112%2C6115%2C6117%2C6119-6124%2C6126%2C6130-6131%2C6135%2C6139-6146%2C6149%2C6151-6153%2C6163%2C6167%2C6169%2C6177%2C6179%2C6185-6187%2C6196%2C6200%2C6202-6203%2C6205%2C6208%2C6215%2C6225-6226%2C6229%2C6231%2C6235-6236%2C6238%2C6240%2C6242%2C6244%2C6246%2C6250%2C6254%2C6319%2C6324%2C6327%2C6351-6352%2C6354%2C6356-6357%2C6359%2C6361%2C6363-6366%2C6370-6372%2C6378%2C6386%2C6388%2C6403%2C6426%2C6429%2C6431%2C6433%2C6447%2C6451%2C6453%2C6456-6457%2C6459%2C6469%2C6474%2C6478-6479%2C6481%2C6515%2C6535%2C6539%2C6545-6547%2C6577%2C6586%2C6612%2C6616%2C6620%2C6624%2C6637%2C6671%2C6677%2C6683%2C6689%2C6704%2C6781%2C6783-6785%2C6789%2C6796%2C6803%2C6814-6815%2C6825%2C6831%2C6901%2C6905%2C6909%2C6919%2C6958-6959%2C7000%2C7003%2C7036%2C7040%2C7066%2C7094%2C7098%2C7122%2C7142%2C7146%2C7159%2C7169%2C7180%2C7186%2C7200%2C7223%2C7239%2C7245%2C7250%2C7254
r7260
  +dir_prop: branches/qmmp-1.1 svn:mergeinfo /branches/qmmp-0.10:6712%2C6725%2C6903%2C7038%2C7058%2C7075%2C7102-7103%2C7204%2C7219%0A/branches/qmmp-0.9:5574%0A/branches/qmmp-1.2:6526%2C6530%2C6532%2C6597%2C6799%2C6827%2C6975%2C6980%2C7008%2C7012%2C7096%2C7131%2C7165%2C7173%0A/trunk/qmmp:5275%2C5282-5283%2C5296-5300%2C5304-5305%2C5310%2C5315-5316%2C5331%2C5333%2C5337%2C5353%2C5367-5379%2C5385-5386%2C5391%2C5420%2C5424-5426%2C5428%2C5442-5444%2C5469%2C5471%2C5476%2C5481%2C5494%2C5497%2C5508-5509%2C5512%2C5517%2C5521%2C5525%2C5538%2C5550%2C5553%2C5556%2C5570%2C5578%2C5605%2C5612%2C5618%2C5621%2C5642%2C5672%2C5677%2C5696%2C5700%2C5702-5703%2C5721-5722%2C5729%2C5740-5746%2C5752%2C5759%2C5778%2C5789%2C5792-5793%2C5797%2C5810%2C5815%2C5824%2C5828%2C5865-5866%2C5876%2C5917%2C5919-5920%2C5928%2C5934%2C5936%2C5949%2C5956-5958%2C5970%2C5972%2C5974%2C5976%2C5978%2C5980%2C5985-5986%2C5991%2C5999%2C6008%2C6014%2C6018-6019%2C6022%2C6026-6027%2C6031-6037%2C6047%2C6059-6061%2C6065%2C6075%2C6080%2C6085%2C6112%2C6115%2C6117%2C6119-6124%2C6126%2C6130-6131%2C6135%2C6139-6146%2C6149%2C6151-6153%2C6163%2C6167%2C6169%2C6177%2C6179%2C6185-6187%2C6196%2C6200%2C6202-6203%2C6205%2C6208%2C6215%2C6225-6226%2C6229%2C6231%2C6235-6236%2C6238%2C6240%2C6242%2C6244%2C6246%2C6250%2C6254%2C6319%2C6324%2C6327%2C6351-6352%2C6354%2C6356-6357%2C6359%2C6361%2C6363-6366%2C6370-6372%2C6378%2C6386%2C6388%2C6403%2C6426%2C6429%2C6431%2C6433%2C6447%2C6451%2C6453%2C6456-6457%2C6459%2C6469%2C6474%2C6478-6479%2C6481%2C6515%2C6535%2C6539%2C6545-6547%2C6577%2C6586%2C6612%2C6616%2C6620%2C6624%2C6637%2C6671%2C6677%2C6683%2C6689%2C6704%2C6781%2C6783-6785%2C6789%2C6796%2C6803%2C6814-6815%2C6825%2C6831%2C6901%2C6905%2C6909%2C6919%2C6958-6959%2C7000%2C7003%2C7036%2C7040%2C7066%2C7094%2C7098%2C7122%2C7142%2C7146%2C7159%2C7169%2C7180%2C7186%2C7200%2C7223%2C7239%2C7245%2C7250%2C7254%2C7258
r7264
  +dir_prop: branches/qmmp-1.1 svn:mergeinfo /branches/qmmp-0.10:6712%2C6725%2C6903%2C7038%2C7058%2C7075%2C7102-7103%2C7204%2C7219%0A/branches/qmmp-0.9:5574%0A/branches/qmmp-1.2:6526%2C6530%2C6532%2C6597%2C6799%2C6827%2C6975%2C6980%2C7008%2C7012%2C7096%2C7131%2C7165%2C7173%0A/trunk/qmmp:5275%2C5282-5283%2C5296-5300%2C5304-5305%2C5310%2C5315-5316%2C5331%2C5333%2C5337%2C5353%2C5367-5379%2C5385-5386%2C5391%2C5420%2C5424-5426%2C5428%2C5442-5444%2C5469%2C5471%2C5476%2C5481%2C5494%2C5497%2C5508-5509%2C5512%2C5517%2C5521%2C5525%2C5538%2C5550%2C5553%2C5556%2C5570%2C5578%2C5605%2C5612%2C5618%2C5621%2C5642%2C5672%2C5677%2C5696%2C5700%2C5702-5703%2C5721-5722%2C5729%2C5740-5746%2C5752%2C5759%2C5778%2C5789%2C5792-5793%2C5797%2C5810%2C5815%2C5824%2C5828%2C5865-5866%2C5876%2C5917%2C5919-5920%2C5928%2C5934%2C5936%2C5949%2C5956-5958%2C5970%2C5972%2C5974%2C5976%2C5978%2C5980%2C5985-5986%2C5991%2C5999%2C6008%2C6014%2C6018-6019%2C6022%2C6026-6027%2C6031-6037%2C6047%2C6059-6061%2C6065%2C6075%2C6080%2C6085%2C6112%2C6115%2C6117%2C6119-6124%2C6126%2C6130-6131%2C6135%2C6139-6146%2C6149%2C6151-6153%2C6163%2C6167%2C6169%2C6177%2C6179%2C6185-6187%2C6196%2C6200%2C6202-6203%2C6205%2C6208%2C6215%2C6225-6226%2C6229%2C6231%2C6235-6236%2C6238%2C6240%2C6242%2C6244%2C6246%2C6250%2C6254%2C6319%2C6324%2C6327%2C6351-6352%2C6354%2C6356-6357%2C6359%2C6361%2C6363-6366%2C6370-6372%2C6378%2C6386%2C6388%2C6403%2C6426%2C6429%2C6431%2C6433%2C6447%2C6451%2C6453%2C6456-6457%2C6459%2C6469%2C6474%2C6478-6479%2C6481%2C6515%2C6535%2C6539%2C6545-6547%2C6577%2C6586%2C6612%2C6616%2C6620%2C6624%2C6637%2C6671%2C6677%2C6683%2C6689%2C6704%2C6781%2C6783-6785%2C6789%2C6796%2C6803%2C6814-6815%2C6825%2C6831%2C6901%2C6905%2C6909%2C6919%2C6958-6959%2C7000%2C7003%2C7036%2C7040%2C7066%2C7094%2C7098%2C7122%2C7142%2C7146%2C7159%2C7169%2C7180%2C7186%2C7200%2C7223%2C7239%2C7245%2C7250%2C7254%2C7258%2C7262
r7268
  +dir_prop: branches/qmmp-1.1 svn:mergeinfo /branches/qmmp-0.10:6712%2C6725%2C6903%2C7038%2C7058%2C7075%2C7102-7103%2C7204%2C7219%0A/branches/qmmp-0.9:5574%0A/branches/qmmp-1.2:6526%2C6530%2C6532%2C6597%2C6799%2C6827%2C6975%2C6980%2C7008%2C7012%2C7096%2C7131%2C7165%2C7173%0A/trunk/qmmp:5275%2C5282-5283%2C5296-5300%2C5304-5305%2C5310%2C5315-5316%2C5331%2C5333%2C5337%2C5353%2C5367-5379%2C5385-5386%2C5391%2C5420%2C5424-5426%2C5428%2C5442-5444%2C5469%2C5471%2C5476%2C5481%2C5494%2C5497%2C5508-5509%2C5512%2C5517%2C5521%2C5525%2C5538%2C5550%2C5553%2C5556%2C5570%2C5578%2C5605%2C5612%2C5618%2C5621%2C5642%2C5672%2C5677%2C5696%2C5700%2C5702-5703%2C5721-5722%2C5729%2C5740-5746%2C5752%2C5759%2C5778%2C5789%2C5792-5793%2C5797%2C5810%2C5815%2C5824%2C5828%2C5865-5866%2C5876%2C5917%2C5919-5920%2C5928%2C5934%2C5936%2C5949%2C5956-5958%2C5970%2C5972%2C5974%2C5976%2C5978%2C5980%2C5985-5986%2C5991%2C5999%2C6008%2C6014%2C6018-6019%2C6022%2C6026-6027%2C6031-6037%2C6047%2C6059-6061%2C6065%2C6075%2C6080%2C6085%2C6112%2C6115%2C6117%2C6119-6124%2C6126%2C6130-6131%2C6135%2C6139-6146%2C6149%2C6151-6153%2C6163%2C6167%2C6169%2C6177%2C6179%2C6185-6187%2C6196%2C6200%2C6202-6203%2C6205%2C6208%2C6215%2C6225-6226%2C6229%2C6231%2C6235-6236%2C6238%2C6240%2C6242%2C6244%2C6246%2C6250%2C6254%2C6319%2C6324%2C6327%2C6351-6352%2C6354%2C6356-6357%2C6359%2C6361%2C6363-6366%2C6370-6372%2C6378%2C6386%2C6388%2C6403%2C6426%2C6429%2C6431%2C6433%2C6447%2C6451%2C6453%2C6456-6457%2C6459%2C6469%2C6474%2C6478-6479%2C6481%2C6515%2C6535%2C6539%2C6545-6547%2C6577%2C6586%2C6612%2C6616%2C6620%2C6624%2C6637%2C6671%2C6677%2C6683%2C6689%2C6704%2C6781%2C6783-6785%2C6789%2C6796%2C6803%2C6814-6815%2C6825%2C6831%2C6901%2C6905%2C6909%2C6919%2C6958-6959%2C7000%2C7003%2C7036%2C7040%2C7066%2C7094%2C7098%2C7122%2C7142%2C7146%2C7159%2C7169%2C7180%2C7186%2C7200%2C7223%2C7239%2C7245%2C7250%2C7254%2C7258%2C7262%2C7266
r7274
  +dir_prop: branches/qmmp-1.1 svn:mergeinfo /branches/qmmp-0.10:6712%2C6725%2C6903%2C7038%2C7058%2C7075%2C7102-7103%2C7204%2C7219%0A/branches/qmmp-0.9:5574%0A/branches/qmmp-1.2:6526%2C6530%2C6532%2C6597%2C6799%2C6827%2C6975%2C6980%2C7008%2C7012%2C7096%2C7131%2C7165%2C7173%0A/trunk/qmmp:5275%2C5282-5283%2C5296-5300%2C5304-5305%2C5310%2C5315-5316%2C5331%2C5333%2C5337%2C5353%2C5367-5379%2C5385-5386%2C5391%2C5420%2C5424-5426%2C5428%2C5442-5444%2C5469%2C5471%2C5476%2C5481%2C5494%2C5497%2C5508-5509%2C5512%2C5517%2C5521%2C5525%2C5538%2C5550%2C5553%2C5556%2C5570%2C5578%2C5605%2C5612%2C5618%2C5621%2C5642%2C5672%2C5677%2C5696%2C5700%2C5702-5703%2C5721-5722%2C5729%2C5740-5746%2C5752%2C5759%2C5778%2C5789%2C5792-5793%2C5797%2C5810%2C5815%2C5824%2C5828%2C5865-5866%2C5876%2C5917%2C5919-5920%2C5928%2C5934%2C5936%2C5949%2C5956-5958%2C5970%2C5972%2C5974%2C5976%2C5978%2C5980%2C5985-5986%2C5991%2C5999%2C6008%2C6014%2C6018-6019%2C6022%2C6026-6027%2C6031-6037%2C6047%2C6059-6061%2C6065%2C6075%2C6080%2C6085%2C6112%2C6115%2C6117%2C6119-6124%2C6126%2C6130-6131%2C6135%2C6139-6146%2C6149%2C6151-6153%2C6163%2C6167%2C6169%2C6177%2C6179%2C6185-6187%2C6196%2C6200%2C6202-6203%2C6205%2C6208%2C6215%2C6225-6226%2C6229%2C6231%2C6235-6236%2C6238%2C6240%2C6242%2C6244%2C6246%2C6250%2C6254%2C6319%2C6324%2C6327%2C6351-6352%2C6354%2C6356-6357%2C6359%2C6361%2C6363-6366%2C6370-6372%2C6378%2C6386%2C6388%2C6403%2C6426%2C6429%2C6431%2C6433%2C6447%2C6451%2C6453%2C6456-6457%2C6459%2C6469%2C6474%2C6478-6479%2C6481%2C6515%2C6535%2C6539%2C6545-6547%2C6577%2C6586%2C6612%2C6616%2C6620%2C6624%2C6637%2C6671%2C6677%2C6683%2C6689%2C6704%2C6781%2C6783-6785%2C6789%2C6796%2C6803%2C6814-6815%2C6825%2C6831%2C6901%2C6905%2C6909%2C6919%2C6958-6959%2C7000%2C7003%2C7036%2C7040%2C7066%2C7094%2C7098%2C7122%2C7142%2C7146%2C7159%2C7169%2C7180%2C7186%2C7200%2C7223%2C7239%2C7245%2C7250%2C7254%2C7258%2C7262%2C7266%2C7272
r7278
r7283
  +dir_prop: branches/qmmp-1.1 svn:mergeinfo /branches/qmmp-0.10:6712%2C6725%2C6903%2C7038%2C7058%2C7075%2C7102-7103%2C7204%2C7219%0A/branches/qmmp-0.9:5574%0A/branches/qmmp-1.2:6526%2C6530%2C6532%2C6597%2C6799%2C6827%2C6975%2C6980%2C7008%2C7012%2C7096%2C7131%2C7165%2C7173%2C7282%0A/trunk/qmmp:5275%2C5282-5283%2C5296-5300%2C5304-5305%2C5310%2C5315-5316%2C5331%2C5333%2C5337%2C5353%2C5367-5379%2C5385-5386%2C5391%2C5420%2C5424-5426%2C5428%2C5442-5444%2C5469%2C5471%2C5476%2C5481%2C5494%2C5497%2C5508-5509%2C5512%2C5517%2C5521%2C5525%2C5538%2C5550%2C5553%2C5556%2C5570%2C5578%2C5605%2C5612%2C5618%2C5621%2C5642%2C5672%2C5677%2C5696%2C5700%2C5702-5703%2C5721-5722%2C5729%2C5740-5746%2C5752%2C5759%2C5778%2C5789%2C5792-5793%2C5797%2C5810%2C5815%2C5824%2C5828%2C5865-5866%2C5876%2C5917%2C5919-5920%2C5928%2C5934%2C5936%2C5949%2C5956-5958%2C5970%2C5972%2C5974%2C5976%2C5978%2C5980%2C5985-5986%2C5991%2C5999%2C6008%2C6014%2C6018-6019%2C6022%2C6026-6027%2C6031-6037%2C6047%2C6059-6061%2C6065%2C6075%2C6080%2C6085%2C6112%2C6115%2C6117%2C6119-6124%2C6126%2C6130-6131%2C6135%2C6139-6146%2C6149%2C6151-6153%2C6163%2C6167%2C6169%2C6177%2C6179%2C6185-6187%2C6196%2C6200%2C6202-6203%2C6205%2C6208%2C6215%2C6225-6226%2C6229%2C6231%2C6235-6236%2C6238%2C6240%2C6242%2C6244%2C6246%2C6250%2C6254%2C6319%2C6324%2C6327%2C6351-6352%2C6354%2C6356-6357%2C6359%2C6361%2C6363-6366%2C6370-6372%2C6378%2C6386%2C6388%2C6403%2C6426%2C6429%2C6431%2C6433%2C6447%2C6451%2C6453%2C6456-6457%2C6459%2C6469%2C6474%2C6478-6479%2C6481%2C6515%2C6535%2C6539%2C6545-6547%2C6577%2C6586%2C6612%2C6616%2C6620%2C6624%2C6637%2C6671%2C6677%2C6683%2C6689%2C6704%2C6781%2C6783-6785%2C6789%2C6796%2C6803%2C6814-6815%2C6825%2C6831%2C6901%2C6905%2C6909%2C6919%2C6958-6959%2C7000%2C7003%2C7036%2C7040%2C7066%2C7094%2C7098%2C7122%2C7142%2C7146%2C7159%2C7169%2C7180%2C7186%2C7200%2C7223%2C7239%2C7245%2C7250%2C7254%2C7258%2C7262%2C7266%2C7272
r7288
  +dir_prop: branches/qmmp-1.1 svn:mergeinfo /branches/qmmp-0.10:6712%2C6725%2C6903%2C7038%2C7058%2C7075%2C7102-7103%2C7204%2C7219%0A/branches/qmmp-0.9:5574%0A/branches/qmmp-1.2:6526%2C6530%2C6532%2C6597%2C6799%2C6827%2C6975%2C6980%2C7008%2C7012%2C7096%2C7131%2C7165%2C7173%2C7282%0A/trunk/qmmp:5275%2C5282-5283%2C5296-5300%2C5304-5305%2C5310%2C5315-5316%2C5331%2C5333%2C5337%2C5353%2C5367-5379%2C5385-5386%2C5391%2C5420%2C5424-5426%2C5428%2C5442-5444%2C5469%2C5471%2C5476%2C5481%2C5494%2C5497%2C5508-5509%2C5512%2C5517%2C5521%2C5525%2C5538%2C5550%2C5553%2C5556%2C5570%2C5578%2C5605%2C5612%2C5618%2C5621%2C5642%2C5672%2C5677%2C5696%2C5700%2C5702-5703%2C5721-5722%2C5729%2C5740-5746%2C5752%2C5759%2C5778%2C5789%2C5792-5793%2C5797%2C5810%2C5815%2C5824%2C5828%2C5865-5866%2C5876%2C5917%2C5919-5920%2C5928%2C5934%2C5936%2C5949%2C5956-5958%2C5970%2C5972%2C5974%2C5976%2C5978%2C5980%2C5985-5986%2C5991%2C5999%2C6008%2C6014%2C6018-6019%2C6022%2C6026-6027%2C6031-6037%2C6047%2C6059-6061%2C6065%2C6075%2C6080%2C6085%2C6112%2C6115%2C6117%2C6119-6124%2C6126%2C6130-6131%2C6135%2C6139-6146%2C6149%2C6151-6153%2C6163%2C6167%2C6169%2C6177%2C6179%2C6185-6187%2C6196%2C6200%2C6202-6203%2C6205%2C6208%2C6215%2C6225-6226%2C6229%2C6231%2C6235-6236%2C6238%2C6240%2C6242%2C6244%2C6246%2C6250%2C6254%2C6319%2C6324%2C6327%2C6351-6352%2C6354%2C6356-6357%2C6359%2C6361%2C6363-6366%2C6370-6372%2C6378%2C6386%2C6388%2C6403%2C6426%2C6429%2C6431%2C6433%2C6447%2C6451%2C6453%2C6456-6457%2C6459%2C6469%2C6474%2C6478-6479%2C6481%2C6515%2C6535%2C6539%2C6545-6547%2C6577%2C6586%2C6612%2C6616%2C6620%2C6624%2C6637%2C6671%2C6677%2C6683%2C6689%2C6704%2C6781%2C6783-6785%2C6789%2C6796%2C6803%2C6814-6815%2C6825%2C6831%2C6901%2C6905%2C6909%2C6919%2C6958-6959%2C7000%2C7003%2C7036%2C7040%2C7066%2C7094%2C7098%2C7122%2C7142%2C7146%2C7159%2C7169%2C7180%2C7186%2C7200%2C7223%2C7239%2C7245%2C7250%2C7254%2C7258%2C7262%2C7266%2C7272%2C7286
r7314
  +dir_prop: branches/qmmp-1.1 svn:mergeinfo /branches/qmmp-0.10:6712%2C6725%2C6903%2C7038%2C7058%2C7075%2C7102-7103%2C7204%2C7219%0A/branches/qmmp-0.9:5574%0A/branches/qmmp-1.2:6526%2C6530%2C6532%2C6597%2C6799%2C6827%2C6975%2C6980%2C7008%2C7012%2C7096%2C7131%2C7165%2C7173%2C7282%2C7313%0A/trunk/qmmp:5275%2C5282-5283%2C5296-5300%2C5304-5305%2C5310%2C5315-5316%2C5331%2C5333%2C5337%2C5353%2C5367-5379%2C5385-5386%2C5391%2C5420%2C5424-5426%2C5428%2C5442-5444%2C5469%2C5471%2C5476%2C5481%2C5494%2C5497%2C5508-5509%2C5512%2C5517%2C5521%2C5525%2C5538%2C5550%2C5553%2C5556%2C5570%2C5578%2C5605%2C5612%2C5618%2C5621%2C5642%2C5672%2C5677%2C5696%2C5700%2C5702-5703%2C5721-5722%2C5729%2C5740-5746%2C5752%2C5759%2C5778%2C5789%2C5792-5793%2C5797%2C5810%2C5815%2C5824%2C5828%2C5865-5866%2C5876%2C5917%2C5919-5920%2C5928%2C5934%2C5936%2C5949%2C5956-5958%2C5970%2C5972%2C5974%2C5976%2C5978%2C5980%2C5985-5986%2C5991%2C5999%2C6008%2C6014%2C6018-6019%2C6022%2C6026-6027%2C6031-6037%2C6047%2C6059-6061%2C6065%2C6075%2C6080%2C6085%2C6112%2C6115%2C6117%2C6119-6124%2C6126%2C6130-6131%2C6135%2C6139-6146%2C6149%2C6151-6153%2C6163%2C6167%2C6169%2C6177%2C6179%2C6185-6187%2C6196%2C6200%2C6202-6203%2C6205%2C6208%2C6215%2C6225-6226%2C6229%2C6231%2C6235-6236%2C6238%2C6240%2C6242%2C6244%2C6246%2C6250%2C6254%2C6319%2C6324%2C6327%2C6351-6352%2C6354%2C6356-6357%2C6359%2C6361%2C6363-6366%2C6370-6372%2C6378%2C6386%2C6388%2C6403%2C6426%2C6429%2C6431%2C6433%2C6447%2C6451%2C6453%2C6456-6457%2C6459%2C6469%2C6474%2C6478-6479%2C6481%2C6515%2C6535%2C6539%2C6545-6547%2C6577%2C6586%2C6612%2C6616%2C6620%2C6624%2C6637%2C6671%2C6677%2C6683%2C6689%2C6704%2C6781%2C6783-6785%2C6789%2C6796%2C6803%2C6814-6815%2C6825%2C6831%2C6901%2C6905%2C6909%2C6919%2C6958-6959%2C7000%2C7003%2C7036%2C7040%2C7066%2C7094%2C7098%2C7122%2C7142%2C7146%2C7159%2C7169%2C7180%2C7186%2C7200%2C7223%2C7239%2C7245%2C7250%2C7254%2C7258%2C7262%2C7266%2C7272%2C7286
r7317
  +dir_prop: branches/qmmp-1.1 svn:mergeinfo /branches/qmmp-0.10:6712%2C6725%2C6903%2C7038%2C7058%2C7075%2C7102-7103%2C7204%2C7219%0A/branches/qmmp-0.9:5574%0A/branches/qmmp-1.2:6526%2C6530%2C6532%2C6597%2C6799%2C6827%2C6975%2C6980%2C7008%2C7012%2C7096%2C7131%2C7165%2C7173%2C7282%2C7313%0A/trunk/qmmp:5275%2C5282-5283%2C5296-5300%2C5304-5305%2C5310%2C5315-5316%2C5331%2C5333%2C5337%2C5353%2C5367-5379%2C5385-5386%2C5391%2C5420%2C5424-5426%2C5428%2C5442-5444%2C5469%2C5471%2C5476%2C5481%2C5494%2C5497%2C5508-5509%2C5512%2C5517%2C5521%2C5525%2C5538%2C5550%2C5553%2C5556%2C5570%2C5578%2C5605%2C5612%2C5618%2C5621%2C5642%2C5672%2C5677%2C5696%2C5700%2C5702-5703%2C5721-5722%2C5729%2C5740-5746%2C5752%2C5759%2C5778%2C5789%2C5792-5793%2C5797%2C5810%2C5815%2C5824%2C5828%2C5865-5866%2C5876%2C5917%2C5919-5920%2C5928%2C5934%2C5936%2C5949%2C5956-5958%2C5970%2C5972%2C5974%2C5976%2C5978%2C5980%2C5985-5986%2C5991%2C5999%2C6008%2C6014%2C6018-6019%2C6022%2C6026-6027%2C6031-6037%2C6047%2C6059-6061%2C6065%2C6075%2C6080%2C6085%2C6112%2C6115%2C6117%2C6119-6124%2C6126%2C6130-6131%2C6135%2C6139-6146%2C6149%2C6151-6153%2C6163%2C6167%2C6169%2C6177%2C6179%2C6185-6187%2C6196%2C6200%2C6202-6203%2C6205%2C6208%2C6215%2C6225-6226%2C6229%2C6231%2C6235-6236%2C6238%2C6240%2C6242%2C6244%2C6246%2C6250%2C6254%2C6319%2C6324%2C6327%2C6351-6352%2C6354%2C6356-6357%2C6359%2C6361%2C6363-6366%2C6370-6372%2C6378%2C6386%2C6388%2C6403%2C6426%2C6429%2C6431%2C6433%2C6447%2C6451%2C6453%2C6456-6457%2C6459%2C6469%2C6474%2C6478-6479%2C6481%2C6515%2C6535%2C6539%2C6545-6547%2C6577%2C6586%2C6612%2C6616%2C6620%2C6624%2C6637%2C6671%2C6677%2C6683%2C6689%2C6704%2C6781%2C6783-6785%2C6789%2C6796%2C6803%2C6814-6815%2C6825%2C6831%2C6901%2C6905%2C6909%2C6919%2C6958-6959%2C7000%2C7003%2C7036%2C7040%2C7066%2C7094%2C7098%2C7122%2C7142%2C7146%2C7159%2C7169%2C7180%2C7186%2C7200%2C7223%2C7239%2C7245%2C7250%2C7254%2C7258%2C7262%2C7266%2C7272%2C7286%2C7315
r7321
r7327
r7331
  +dir_prop: branches/qmmp-1.1 svn:mergeinfo /branches/qmmp-0.10:6712%2C6725%2C6903%2C7038%2C7058%2C7075%2C7102-7103%2C7204%2C7219%0A/branches/qmmp-0.9:5574%0A/branches/qmmp-1.2:6526%2C6530%2C6532%2C6597%2C6799%2C6827%2C6975%2C6980%2C7008%2C7012%2C7096%2C7131%2C7165%2C7173%2C7282%2C7313%0A/trunk/qmmp:5275%2C5282-5283%2C5296-5300%2C5304-5305%2C5310%2C5315-5316%2C5331%2C5333%2C5337%2C5353%2C5367-5379%2C5385-5386%2C5391%2C5420%2C5424-5426%2C5428%2C5442-5444%2C5469%2C5471%2C5476%2C5481%2C5494%2C5497%2C5508-5509%2C5512%2C5517%2C5521%2C5525%2C5538%2C5550%2C5553%2C5556%2C5570%2C5578%2C5605%2C5612%2C5618%2C5621%2C5642%2C5672%2C5677%2C5696%2C5700%2C5702-5703%2C5721-5722%2C5729%2C5740-5746%2C5752%2C5759%2C5778%2C5789%2C5792-5793%2C5797%2C5810%2C5815%2C5824%2C5828%2C5865-5866%2C5876%2C5917%2C5919-5920%2C5928%2C5934%2C5936%2C5949%2C5956-5958%2C5970%2C5972%2C5974%2C5976%2C5978%2C5980%2C5985-5986%2C5991%2C5999%2C6008%2C6014%2C6018-6019%2C6022%2C6026-6027%2C6031-6037%2C6047%2C6059-6061%2C6065%2C6075%2C6080%2C6085%2C6112%2C6115%2C6117%2C6119-6124%2C6126%2C6130-6131%2C6135%2C6139-6146%2C6149%2C6151-6153%2C6163%2C6167%2C6169%2C6177%2C6179%2C6185-6187%2C6196%2C6200%2C6202-6203%2C6205%2C6208%2C6215%2C6225-6226%2C6229%2C6231%2C6235-6236%2C6238%2C6240%2C6242%2C6244%2C6246%2C6250%2C6254%2C6319%2C6324%2C6327%2C6351-6352%2C6354%2C6356-6357%2C6359%2C6361%2C6363-6366%2C6370-6372%2C6378%2C6386%2C6388%2C6403%2C6426%2C6429%2C6431%2C6433%2C6447%2C6451%2C6453%2C6456-6457%2C6459%2C6469%2C6474%2C6478-6479%2C6481%2C6515%2C6535%2C6539%2C6545-6547%2C6577%2C6586%2C6612%2C6616%2C6620%2C6624%2C6637%2C6671%2C6677%2C6683%2C6689%2C6704%2C6781%2C6783-6785%2C6789%2C6796%2C6803%2C6814-6815%2C6825%2C6831%2C6901%2C6905%2C6909%2C6919%2C6958-6959%2C7000%2C7003%2C7036%2C7040%2C7066%2C7094%2C7098%2C7122%2C7142%2C7146%2C7159%2C7169%2C7180%2C7186%2C7200%2C7223%2C7239%2C7245%2C7250%2C7254%2C7258%2C7262%2C7266%2C7272%2C7286%2C7315%2C7329
r7334
r7340
  +dir_prop: branches/qmmp-1.1 svn:mergeinfo /branches/qmmp-0.10:6712%2C6725%2C6903%2C7038%2C7058%2C7075%2C7102-7103%2C7204%2C7219%0A/branches/qmmp-0.9:5574%0A/branches/qmmp-1.2:6526%2C6530%2C6532%2C6597%2C6799%2C6827%2C6975%2C6980%2C7008%2C7012%2C7096%2C7131%2C7165%2C7173%2C7282%2C7313%0A/trunk/qmmp:5275%2C5282-5283%2C5296-5300%2C5304-5305%2C5310%2C5315-5316%2C5331%2C5333%2C5337%2C5353%2C5367-5379%2C5385-5386%2C5391%2C5420%2C5424-5426%2C5428%2C5442-5444%2C5469%2C5471%2C5476%2C5481%2C5494%2C5497%2C5508-5509%2C5512%2C5517%2C5521%2C5525%2C5538%2C5550%2C5553%2C5556%2C5570%2C5578%2C5605%2C5612%2C5618%2C5621%2C5642%2C5672%2C5677%2C5696%2C5700%2C5702-5703%2C5721-5722%2C5729%2C5740-5746%2C5752%2C5759%2C5778%2C5789%2C5792-5793%2C5797%2C5810%2C5815%2C5824%2C5828%2C5865-5866%2C5876%2C5917%2C5919-5920%2C5928%2C5934%2C5936%2C5949%2C5956-5958%2C5970%2C5972%2C5974%2C5976%2C5978%2C5980%2C5985-5986%2C5991%2C5999%2C6008%2C6014%2C6018-6019%2C6022%2C6026-6027%2C6031-6037%2C6047%2C6059-6061%2C6065%2C6075%2C6080%2C6085%2C6112%2C6115%2C6117%2C6119-6124%2C6126%2C6130-6131%2C6135%2C6139-6146%2C6149%2C6151-6153%2C6163%2C6167%2C6169%2C6177%2C6179%2C6185-6187%2C6196%2C6200%2C6202-6203%2C6205%2C6208%2C6215%2C6225-6226%2C6229%2C6231%2C6235-6236%2C6238%2C6240%2C6242%2C6244%2C6246%2C6250%2C6254%2C6319%2C6324%2C6327%2C6351-6352%2C6354%2C6356-6357%2C6359%2C6361%2C6363-6366%2C6370-6372%2C6378%2C6386%2C6388%2C6403%2C6426%2C6429%2C6431%2C6433%2C6447%2C6451%2C6453%2C6456-6457%2C6459%2C6469%2C6474%2C6478-6479%2C6481%2C6515%2C6535%2C6539%2C6545-6547%2C6577%2C6586%2C6612%2C6616%2C6620%2C6624%2C6637%2C6671%2C6677%2C6683%2C6689%2C6704%2C6781%2C6783-6785%2C6789%2C6796%2C6803%2C6814-6815%2C6825%2C6831%2C6901%2C6905%2C6909%2C6919%2C6958-6959%2C7000%2C7003%2C7036%2C7040%2C7066%2C7094%2C7098%2C7122%2C7142%2C7146%2C7159%2C7169%2C7180%2C7186%2C7200%2C7223%2C7239%2C7245%2C7250%2C7254%2C7258%2C7262%2C7266%2C7272%2C7286%2C7315%2C7329%2C7338
r7344
r7345
r7347
r7350
r7366
r7372
  +dir_prop: branches/qmmp-1.1 svn:mergeinfo /branches/qmmp-0.10:6712%2C6725%2C6903%2C7038%2C7058%2C7075%2C7102-7103%2C7204%2C7219%0A/branches/qmmp-0.9:5574%0A/branches/qmmp-1.2:6526%2C6530%2C6532%2C6597%2C6799%2C6827%2C6975%2C6980%2C7008%2C7012%2C7096%2C7131%2C7165%2C7173%2C7282%2C7313%0A/trunk/qmmp:5275%2C5282-5283%2C5296-5300%2C5304-5305%2C5310%2C5315-5316%2C5331%2C5333%2C5337%2C5353%2C5367-5379%2C5385-5386%2C5391%2C5420%2C5424-5426%2C5428%2C5442-5444%2C5469%2C5471%2C5476%2C5481%2C5494%2C5497%2C5508-5509%2C5512%2C5517%2C5521%2C5525%2C5538%2C5550%2C5553%2C5556%2C5570%2C5578%2C5605%2C5612%2C5618%2C5621%2C5642%2C5672%2C5677%2C5696%2C5700%2C5702-5703%2C5721-5722%2C5729%2C5740-5746%2C5752%2C5759%2C5778%2C5789%2C5792-5793%2C5797%2C5810%2C5815%2C5824%2C5828%2C5865-5866%2C5876%2C5917%2C5919-5920%2C5928%2C5934%2C5936%2C5949%2C5956-5958%2C5970%2C5972%2C5974%2C5976%2C5978%2C5980%2C5985-5986%2C5991%2C5999%2C6008%2C6014%2C6018-6019%2C6022%2C6026-6027%2C6031-6037%2C6047%2C6059-6061%2C6065%2C6075%2C6080%2C6085%2C6112%2C6115%2C6117%2C6119-6124%2C6126%2C6130-6131%2C6135%2C6139-6146%2C6149%2C6151-6153%2C6163%2C6167%2C6169%2C6177%2C6179%2C6185-6187%2C6196%2C6200%2C6202-6203%2C6205%2C6208%2C6215%2C6225-6226%2C6229%2C6231%2C6235-6236%2C6238%2C6240%2C6242%2C6244%2C6246%2C6250%2C6254%2C6319%2C6324%2C6327%2C6351-6352%2C6354%2C6356-6357%2C6359%2C6361%2C6363-6366%2C6370-6372%2C6378%2C6386%2C6388%2C6403%2C6426%2C6429%2C6431%2C6433%2C6447%2C6451%2C6453%2C6456-6457%2C6459%2C6469%2C6474%2C6478-6479%2C6481%2C6515%2C6535%2C6539%2C6545-6547%2C6577%2C6586%2C6612%2C6616%2C6620%2C6624%2C6637%2C6671%2C6677%2C6683%2C6689%2C6704%2C6781%2C6783-6785%2C6789%2C6796%2C6803%2C6814-6815%2C6825%2C6831%2C6901%2C6905%2C6909%2C6919%2C6958-6959%2C7000%2C7003%2C7036%2C7040%2C7066%2C7094%2C7098%2C7122%2C7142%2C7146%2C7159%2C7169%2C7180%2C7186%2C7200%2C7223%2C7239%2C7245%2C7250%2C7254%2C7258%2C7262%2C7266%2C7272%2C7286%2C7315%2C7329%2C7338%2C7370
r7378
  +dir_prop: branches/qmmp-1.1 svn:mergeinfo /branches/qmmp-0.10:6712%2C6725%2C6903%2C7038%2C7058%2C7075%2C7102-7103%2C7204%2C7219%0A/branches/qmmp-0.9:5574%0A/branches/qmmp-1.2:6526%2C6530%2C6532%2C6597%2C6799%2C6827%2C6975%2C6980%2C7008%2C7012%2C7096%2C7131%2C7165%2C7173%2C7282%2C7313%0A/trunk/qmmp:5275%2C5282-5283%2C5296-5300%2C5304-5305%2C5310%2C5315-5316%2C5331%2C5333%2C5337%2C5353%2C5367-5379%2C5385-5386%2C5391%2C5420%2C5424-5426%2C5428%2C5442-5444%2C5469%2C5471%2C5476%2C5481%2C5494%2C5497%2C5508-5509%2C5512%2C5517%2C5521%2C5525%2C5538%2C5550%2C5553%2C5556%2C5570%2C5578%2C5605%2C5612%2C5618%2C5621%2C5642%2C5672%2C5677%2C5696%2C5700%2C5702-5703%2C5721-5722%2C5729%2C5740-5746%2C5752%2C5759%2C5778%2C5789%2C5792-5793%2C5797%2C5810%2C5815%2C5824%2C5828%2C5865-5866%2C5876%2C5917%2C5919-5920%2C5928%2C5934%2C5936%2C5949%2C5956-5958%2C5970%2C5972%2C5974%2C5976%2C5978%2C5980%2C5985-5986%2C5991%2C5999%2C6008%2C6014%2C6018-6019%2C6022%2C6026-6027%2C6031-6037%2C6047%2C6059-6061%2C6065%2C6075%2C6080%2C6085%2C6112%2C6115%2C6117%2C6119-6124%2C6126%2C6130-6131%2C6135%2C6139-6146%2C6149%2C6151-6153%2C6163%2C6167%2C6169%2C6177%2C6179%2C6185-6187%2C6196%2C6200%2C6202-6203%2C6205%2C6208%2C6215%2C6225-6226%2C6229%2C6231%2C6235-6236%2C6238%2C6240%2C6242%2C6244%2C6246%2C6250%2C6254%2C6319%2C6324%2C6327%2C6351-6352%2C6354%2C6356-6357%2C6359%2C6361%2C6363-6366%2C6370-6372%2C6378%2C6386%2C6388%2C6403%2C6426%2C6429%2C6431%2C6433%2C6447%2C6451%2C6453%2C6456-6457%2C6459%2C6469%2C6474%2C6478-6479%2C6481%2C6515%2C6535%2C6539%2C6545-6547%2C6577%2C6586%2C6612%2C6616%2C6620%2C6624%2C6637%2C6671%2C6677%2C6683%2C6689%2C6704%2C6781%2C6783-6785%2C6789%2C6796%2C6803%2C6814-6815%2C6825%2C6831%2C6901%2C6905%2C6909%2C6919%2C6958-6959%2C7000%2C7003%2C7036%2C7040%2C7066%2C7094%2C7098%2C7122%2C7142%2C7146%2C7159%2C7169%2C7180%2C7186%2C7200%2C7223%2C7239%2C7245%2C7250%2C7254%2C7258%2C7262%2C7266%2C7272%2C7286%2C7315%2C7329%2C7338%2C7370%2C7376
r7381
  +dir_prop: branches/qmmp-1.1 svn:mergeinfo /branches/qmmp-0.10:6712%2C6725%2C6903%2C7038%2C7058%2C7075%2C7102-7103%2C7204%2C7219%0A/branches/qmmp-0.9:5574%0A/branches/qmmp-1.2:6526%2C6530%2C6532%2C6597%2C6799%2C6827%2C6975%2C6980%2C7008%2C7012%2C7096%2C7131%2C7165%2C7173%2C7282%2C7313%2C7380%0A/trunk/qmmp:5275%2C5282-5283%2C5296-5300%2C5304-5305%2C5310%2C5315-5316%2C5331%2C5333%2C5337%2C5353%2C5367-5379%2C5385-5386%2C5391%2C5420%2C5424-5426%2C5428%2C5442-5444%2C5469%2C5471%2C5476%2C5481%2C5494%2C5497%2C5508-5509%2C5512%2C5517%2C5521%2C5525%2C5538%2C5550%2C5553%2C5556%2C5570%2C5578%2C5605%2C5612%2C5618%2C5621%2C5642%2C5672%2C5677%2C5696%2C5700%2C5702-5703%2C5721-5722%2C5729%2C5740-5746%2C5752%2C5759%2C5778%2C5789%2C5792-5793%2C5797%2C5810%2C5815%2C5824%2C5828%2C5865-5866%2C5876%2C5917%2C5919-5920%2C5928%2C5934%2C5936%2C5949%2C5956-5958%2C5970%2C5972%2C5974%2C5976%2C5978%2C5980%2C5985-5986%2C5991%2C5999%2C6008%2C6014%2C6018-6019%2C6022%2C6026-6027%2C6031-6037%2C6047%2C6059-6061%2C6065%2C6075%2C6080%2C6085%2C6112%2C6115%2C6117%2C6119-6124%2C6126%2C6130-6131%2C6135%2C6139-6146%2C6149%2C6151-6153%2C6163%2C6167%2C6169%2C6177%2C6179%2C6185-6187%2C6196%2C6200%2C6202-6203%2C6205%2C6208%2C6215%2C6225-6226%2C6229%2C6231%2C6235-6236%2C6238%2C6240%2C6242%2C6244%2C6246%2C6250%2C6254%2C6319%2C6324%2C6327%2C6351-6352%2C6354%2C6356-6357%2C6359%2C6361%2C6363-6366%2C6370-6372%2C6378%2C6386%2C6388%2C6403%2C6426%2C6429%2C6431%2C6433%2C6447%2C6451%2C6453%2C6456-6457%2C6459%2C6469%2C6474%2C6478-6479%2C6481%2C6515%2C6535%2C6539%2C6545-6547%2C6577%2C6586%2C6612%2C6616%2C6620%2C6624%2C6637%2C6671%2C6677%2C6683%2C6689%2C6704%2C6781%2C6783-6785%2C6789%2C6796%2C6803%2C6814-6815%2C6825%2C6831%2C6901%2C6905%2C6909%2C6919%2C6958-6959%2C7000%2C7003%2C7036%2C7040%2C7066%2C7094%2C7098%2C7122%2C7142%2C7146%2C7159%2C7169%2C7180%2C7186%2C7200%2C7223%2C7239%2C7245%2C7250%2C7254%2C7258%2C7262%2C7266%2C7272%2C7286%2C7315%2C7329%2C7338%2C7370%2C7376
r7383
  +dir_prop: branches/qmmp-1.1 svn:mergeinfo /branches/qmmp-0.10:6712%2C6725%2C6903%2C7038%2C7058%2C7075%2C7102-7103%2C7204%2C7219%0A/branches/qmmp-0.9:5574%0A/branches/qmmp-1.2:6526%2C6530%2C6532%2C6597%2C6799%2C6827%2C6975%2C6980%2C7008%2C7012%2C7096%2C7131%2C7165%2C7173%2C7282%2C7313%2C7380%2C7382%0A/trunk/qmmp:5275%2C5282-5283%2C5296-5300%2C5304-5305%2C5310%2C5315-5316%2C5331%2C5333%2C5337%2C5353%2C5367-5379%2C5385-5386%2C5391%2C5420%2C5424-5426%2C5428%2C5442-5444%2C5469%2C5471%2C5476%2C5481%2C5494%2C5497%2C5508-5509%2C5512%2C5517%2C5521%2C5525%2C5538%2C5550%2C5553%2C5556%2C5570%2C5578%2C5605%2C5612%2C5618%2C5621%2C5642%2C5672%2C5677%2C5696%2C5700%2C5702-5703%2C5721-5722%2C5729%2C5740-5746%2C5752%2C5759%2C5778%2C5789%2C5792-5793%2C5797%2C5810%2C5815%2C5824%2C5828%2C5865-5866%2C5876%2C5917%2C5919-5920%2C5928%2C5934%2C5936%2C5949%2C5956-5958%2C5970%2C5972%2C5974%2C5976%2C5978%2C5980%2C5985-5986%2C5991%2C5999%2C6008%2C6014%2C6018-6019%2C6022%2C6026-6027%2C6031-6037%2C6047%2C6059-6061%2C6065%2C6075%2C6080%2C6085%2C6112%2C6115%2C6117%2C6119-6124%2C6126%2C6130-6131%2C6135%2C6139-6146%2C6149%2C6151-6153%2C6163%2C6167%2C6169%2C6177%2C6179%2C6185-6187%2C6196%2C6200%2C6202-6203%2C6205%2C6208%2C6215%2C6225-6226%2C6229%2C6231%2C6235-6236%2C6238%2C6240%2C6242%2C6244%2C6246%2C6250%2C6254%2C6319%2C6324%2C6327%2C6351-6352%2C6354%2C6356-6357%2C6359%2C6361%2C6363-6366%2C6370-6372%2C6378%2C6386%2C6388%2C6403%2C6426%2C6429%2C6431%2C6433%2C6447%2C6451%2C6453%2C6456-6457%2C6459%2C6469%2C6474%2C6478-6479%2C6481%2C6515%2C6535%2C6539%2C6545-6547%2C6577%2C6586%2C6612%2C6616%2C6620%2C6624%2C6637%2C6671%2C6677%2C6683%2C6689%2C6704%2C6781%2C6783-6785%2C6789%2C6796%2C6803%2C6814-6815%2C6825%2C6831%2C6901%2C6905%2C6909%2C6919%2C6958-6959%2C7000%2C7003%2C7036%2C7040%2C7066%2C7094%2C7098%2C7122%2C7142%2C7146%2C7159%2C7169%2C7180%2C7186%2C7200%2C7223%2C7239%2C7245%2C7250%2C7254%2C7258%2C7262%2C7266%2C7272%2C7286%2C7315%2C7329%2C7338%2C7370%2C7376
  +dir_prop: branches/qmmp-1.1/src/plugins/Ui/qsui svn:mergeinfo /branches/qmmp-1.2/src/plugins/Ui/qsui:7382%0A/trunk/qmmp/src/plugins/Ui/qsui:5275%2C5282-5283%2C5296-5300%2C5304-5305%2C5310%2C5315-5316%2C5331%2C5333%2C5337%2C5353%2C5367-5379%2C5386%2C5428%2C5508-5509%2C5512%2C5696%2C5700%2C5789%2C5792-5793%2C5829-5905%2C5934%2C6026-6027%2C6060-6061%2C6144-6146%2C6149%2C6151-6153%2C6169%2C6185-6187%2C6196%2C6202-6203%2C6205%2C6208%2C6225-6226%2C6229%2C6231%2C6236%2C6238%2C6240%2C6327%2C6547%2C6577%2C6789%0A/trunk/qmmp/src/plugins/Ui/skinned:5223%2C6018-6019%2C6022
r7386
r7417
  +dir_prop: branches/qmmp-1.1 svn:mergeinfo /branches/qmmp-0.10:6712%2C6725%2C6903%2C7038%2C7058%2C7075%2C7102-7103%2C7204%2C7219%0A/branches/qmmp-0.9:5574%0A/branches/qmmp-1.2:6526%2C6530%2C6532%2C6597%2C6799%2C6827%2C6975%2C6980%2C7008%2C7012%2C7096%2C7131%2C7165%2C7173%2C7282%2C7313%2C7380%2C7382%0A/trunk/qmmp:5275%2C5282-5283%2C5296-5300%2C5304-5305%2C5310%2C5315-5316%2C5331%2C5333%2C5337%2C5353%2C5367-5379%2C5385-5386%2C5391%2C5420%2C5424-5426%2C5428%2C5442-5444%2C5469%2C5471%2C5476%2C5481%2C5494%2C5497%2C5508-5509%2C5512%2C5517%2C5521%2C5525%2C5538%2C5550%2C5553%2C5556%2C5570%2C5578%2C5605%2C5612%2C5618%2C5621%2C5642%2C5672%2C5677%2C5696%2C5700%2C5702-5703%2C5721-5722%2C5729%2C5740-5746%2C5752%2C5759%2C5778%2C5789%2C5792-5793%2C5797%2C5810%2C5815%2C5824%2C5828%2C5865-5866%2C5876%2C5917%2C5919-5920%2C5928%2C5934%2C5936%2C5949%2C5956-5958%2C5970%2C5972%2C5974%2C5976%2C5978%2C5980%2C5985-5986%2C5991%2C5999%2C6008%2C6014%2C6018-6019%2C6022%2C6026-6027%2C6031-6037%2C6047%2C6059-6061%2C6065%2C6075%2C6080%2C6085%2C6112%2C6115%2C6117%2C6119-6124%2C6126%2C6130-6131%2C6135%2C6139-6146%2C6149%2C6151-6153%2C6163%2C6167%2C6169%2C6177%2C6179%2C6185-6187%2C6196%2C6200%2C6202-6203%2C6205%2C6208%2C6215%2C6225-6226%2C6229%2C6231%2C6235-6236%2C6238%2C6240%2C6242%2C6244%2C6246%2C6250%2C6254%2C6319%2C6324%2C6327%2C6351-6352%2C6354%2C6356-6357%2C6359%2C6361%2C6363-6366%2C6370-6372%2C6378%2C6386%2C6388%2C6403%2C6426%2C6429%2C6431%2C6433%2C6447%2C6451%2C6453%2C6456-6457%2C6459%2C6469%2C6474%2C6478-6479%2C6481%2C6515%2C6535%2C6539%2C6545-6547%2C6577%2C6586%2C6612%2C6616%2C6620%2C6624%2C6637%2C6671%2C6677%2C6683%2C6689%2C6704%2C6781%2C6783-6785%2C6789%2C6796%2C6803%2C6814-6815%2C6825%2C6831%2C6901%2C6905%2C6909%2C6919%2C6958-6959%2C7000%2C7003%2C7036%2C7040%2C7066%2C7094%2C7098%2C7122%2C7142%2C7146%2C7159%2C7169%2C7180%2C7186%2C7200%2C7223%2C7239%2C7245%2C7250%2C7254%2C7258%2C7262%2C7266%2C7272%2C7286%2C7315%2C7329%2C7338%2C7370%2C7376%2C7415
r7443
  +dir_prop: branches/qmmp-1.1 svn:mergeinfo /branches/qmmp-0.10:6712%2C6725%2C6903%2C7038%2C7058%2C7075%2C7102-7103%2C7204%2C7219%0A/branches/qmmp-0.9:5574%0A/branches/qmmp-1.2:6526%2C6530%2C6532%2C6597%2C6799%2C6827%2C6975%2C6980%2C7008%2C7012%2C7096%2C7131%2C7165%2C7173%2C7282%2C7313%2C7380%2C7382%0A/trunk/qmmp:5275%2C5282-5283%2C5296-5300%2C5304-5305%2C5310%2C5315-5316%2C5331%2C5333%2C5337%2C5353%2C5367-5379%2C5385-5386%2C5391%2C5420%2C5424-5426%2C5428%2C5442-5444%2C5469%2C5471%2C5476%2C5481%2C5494%2C5497%2C5508-5509%2C5512%2C5517%2C5521%2C5525%2C5538%2C5550%2C5553%2C5556%2C5570%2C5578%2C5605%2C5612%2C5618%2C5621%2C5642%2C5672%2C5677%2C5696%2C5700%2C5702-5703%2C5721-5722%2C5729%2C5740-5746%2C5752%2C5759%2C5778%2C5789%2C5792-5793%2C5797%2C5810%2C5815%2C5824%2C5828%2C5865-5866%2C5876%2C5917%2C5919-5920%2C5928%2C5934%2C5936%2C5949%2C5956-5958%2C5970%2C5972%2C5974%2C5976%2C5978%2C5980%2C5985-5986%2C5991%2C5999%2C6008%2C6014%2C6018-6019%2C6022%2C6026-6027%2C6031-6037%2C6047%2C6059-6061%2C6065%2C6075%2C6080%2C6085%2C6112%2C6115%2C6117%2C6119-6124%2C6126%2C6130-6131%2C6135%2C6139-6146%2C6149%2C6151-6153%2C6163%2C6167%2C6169%2C6177%2C6179%2C6185-6187%2C6196%2C6200%2C6202-6203%2C6205%2C6208%2C6215%2C6225-6226%2C6229%2C6231%2C6235-6236%2C6238%2C6240%2C6242%2C6244%2C6246%2C6250%2C6254%2C6319%2C6324%2C6327%2C6351-6352%2C6354%2C6356-6357%2C6359%2C6361%2C6363-6366%2C6370-6372%2C6378%2C6386%2C6388%2C6403%2C6426%2C6429%2C6431%2C6433%2C6447%2C6451%2C6453%2C6456-6457%2C6459%2C6469%2C6474%2C6478-6479%2C6481%2C6515%2C6535%2C6539%2C6545-6547%2C6577%2C6586%2C6612%2C6616%2C6620%2C6624%2C6637%2C6671%2C6677%2C6683%2C6689%2C6704%2C6781%2C6783-6785%2C6789%2C6796%2C6803%2C6814-6815%2C6825%2C6831%2C6901%2C6905%2C6909%2C6919%2C6958-6959%2C7000%2C7003%2C7036%2C7040%2C7066%2C7094%2C7098%2C7122%2C7142%2C7146%2C7159%2C7169%2C7180%2C7186%2C7200%2C7223%2C7239%2C7245%2C7250%2C7254%2C7258%2C7262%2C7266%2C7272%2C7286%2C7315%2C7329%2C7338%2C7370%2C7376%2C7415%2C7441
r7461
  +dir_prop: branches/qmmp-1.1 svn:mergeinfo /branches/qmmp-0.10:6712%2C6725%2C6903%2C7038%2C7058%2C7075%2C7102-7103%2C7204%2C7219%0A/branches/qmmp-0.9:5574%0A/branches/qmmp-1.2:6526%2C6530%2C6532%2C6597%2C6799%2C6827%2C6975%2C6980%2C7008%2C7012%2C7096%2C7131%2C7165%2C7173%2C7282%2C7313%2C7380%2C7382%0A/trunk/qmmp:5275%2C5282-5283%2C5296-5300%2C5304-5305%2C5310%2C5315-5316%2C5331%2C5333%2C5337%2C5353%2C5367-5379%2C5385-5386%2C5391%2C5420%2C5424-5426%2C5428%2C5442-5444%2C5469%2C5471%2C5476%2C5481%2C5494%2C5497%2C5508-5509%2C5512%2C5517%2C5521%2C5525%2C5538%2C5550%2C5553%2C5556%2C5570%2C5578%2C5605%2C5612%2C5618%2C5621%2C5642%2C5672%2C5677%2C5696%2C5700%2C5702-5703%2C5721-5722%2C5729%2C5740-5746%2C5752%2C5759%2C5778%2C5789%2C5792-5793%2C5797%2C5810%2C5815%2C5824%2C5828%2C5865-5866%2C5876%2C5917%2C5919-5920%2C5928%2C5934%2C5936%2C5949%2C5956-5958%2C5970%2C5972%2C5974%2C5976%2C5978%2C5980%2C5985-5986%2C5991%2C5999%2C6008%2C6014%2C6018-6019%2C6022%2C6026-6027%2C6031-6037%2C6047%2C6059-6061%2C6065%2C6075%2C6080%2C6085%2C6112%2C6115%2C6117%2C6119-6124%2C6126%2C6130-6131%2C6135%2C6139-6146%2C6149%2C6151-6153%2C6163%2C6167%2C6169%2C6177%2C6179%2C6185-6187%2C6196%2C6200%2C6202-6203%2C6205%2C6208%2C6215%2C6225-6226%2C6229%2C6231%2C6235-6236%2C6238%2C6240%2C6242%2C6244%2C6246%2C6250%2C6254%2C6319%2C6324%2C6327%2C6351-6352%2C6354%2C6356-6357%2C6359%2C6361%2C6363-6366%2C6370-6372%2C6378%2C6386%2C6388%2C6403%2C6426%2C6429%2C6431%2C6433%2C6447%2C6451%2C6453%2C6456-6457%2C6459%2C6469%2C6474%2C6478-6479%2C6481%2C6515%2C6535%2C6539%2C6545-6547%2C6577%2C6586%2C6612%2C6616%2C6620%2C6624%2C6637%2C6671%2C6677%2C6683%2C6689%2C6704%2C6781%2C6783-6785%2C6789%2C6796%2C6803%2C6814-6815%2C6825%2C6831%2C6901%2C6905%2C6909%2C6919%2C6958-6959%2C7000%2C7003%2C7036%2C7040%2C7066%2C7094%2C7098%2C7122%2C7142%2C7146%2C7159%2C7169%2C7180%2C7186%2C7200%2C7223%2C7239%2C7245%2C7250%2C7254%2C7258%2C7262%2C7266%2C7272%2C7286%2C7315%2C7329%2C7338%2C7370%2C7376%2C7415%2C7441%2C7459
r7473
  +dir_prop: branches/qmmp-1.1 svn:mergeinfo /branches/qmmp-0.10:6712%2C6725%2C6903%2C7038%2C7058%2C7075%2C7102-7103%2C7204%2C7219%0A/branches/qmmp-0.9:5574%0A/branches/qmmp-1.2:6526%2C6530%2C6532%2C6597%2C6799%2C6827%2C6975%2C6980%2C7008%2C7012%2C7096%2C7131%2C7165%2C7173%2C7282%2C7313%2C7380%2C7382%2C7470%0A/trunk/qmmp:5275%2C5282-5283%2C5296-5300%2C5304-5305%2C5310%2C5315-5316%2C5331%2C5333%2C5337%2C5353%2C5367-5379%2C5385-5386%2C5391%2C5420%2C5424-5426%2C5428%2C5442-5444%2C5469%2C5471%2C5476%2C5481%2C5494%2C5497%2C5508-5509%2C5512%2C5517%2C5521%2C5525%2C5538%2C5550%2C5553%2C5556%2C5570%2C5578%2C5605%2C5612%2C5618%2C5621%2C5642%2C5672%2C5677%2C5696%2C5700%2C5702-5703%2C5721-5722%2C5729%2C5740-5746%2C5752%2C5759%2C5778%2C5789%2C5792-5793%2C5797%2C5810%2C5815%2C5824%2C5828%2C5865-5866%2C5876%2C5917%2C5919-5920%2C5928%2C5934%2C5936%2C5949%2C5956-5958%2C5970%2C5972%2C5974%2C5976%2C5978%2C5980%2C5985-5986%2C5991%2C5999%2C6008%2C6014%2C6018-6019%2C6022%2C6026-6027%2C6031-6037%2C6047%2C6059-6061%2C6065%2C6075%2C6080%2C6085%2C6112%2C6115%2C6117%2C6119-6124%2C6126%2C6130-6131%2C6135%2C6139-6146%2C6149%2C6151-6153%2C6163%2C6167%2C6169%2C6177%2C6179%2C6185-6187%2C6196%2C6200%2C6202-6203%2C6205%2C6208%2C6215%2C6225-6226%2C6229%2C6231%2C6235-6236%2C6238%2C6240%2C6242%2C6244%2C6246%2C6250%2C6254%2C6319%2C6324%2C6327%2C6351-6352%2C6354%2C6356-6357%2C6359%2C6361%2C6363-6366%2C6370-6372%2C6378%2C6386%2C6388%2C6403%2C6426%2C6429%2C6431%2C6433%2C6447%2C6451%2C6453%2C6456-6457%2C6459%2C6469%2C6474%2C6478-6479%2C6481%2C6515%2C6535%2C6539%2C6545-6547%2C6577%2C6586%2C6612%2C6616%2C6620%2C6624%2C6637%2C6671%2C6677%2C6683%2C6689%2C6704%2C6781%2C6783-6785%2C6789%2C6796%2C6803%2C6814-6815%2C6825%2C6831%2C6901%2C6905%2C6909%2C6919%2C6958-6959%2C7000%2C7003%2C7036%2C7040%2C7066%2C7094%2C7098%2C7122%2C7142%2C7146%2C7159%2C7169%2C7180%2C7186%2C7200%2C7223%2C7239%2C7245%2C7250%2C7254%2C7258%2C7262%2C7266%2C7272%2C7286%2C7315%2C7329%2C7338%2C7370%2C7376%2C7415%2C7441%2C7459
  +dir_prop: branches/qmmp-1.1/src/plugins/Ui/qsui svn:mergeinfo /branches/qmmp-1.2/src/plugins/Ui/qsui:7382%2C7470%0A/trunk/qmmp/src/plugins/Ui/qsui:5275%2C5282-5283%2C5296-5300%2C5304-5305%2C5310%2C5315-5316%2C5331%2C5333%2C5337%2C5353%2C5367-5379%2C5386%2C5428%2C5508-5509%2C5512%2C5696%2C5700%2C5789%2C5792-5793%2C5829-5905%2C5934%2C6026-6027%2C6060-6061%2C6144-6146%2C6149%2C6151-6153%2C6169%2C6185-6187%2C6196%2C6202-6203%2C6205%2C6208%2C6225-6226%2C6229%2C6231%2C6236%2C6238%2C6240%2C6327%2C6547%2C6577%2C6789%0A/trunk/qmmp/src/plugins/Ui/skinned:5223%2C6018-6019%2C6022
r7489
  +dir_prop: branches/qmmp-1.1 svn:mergeinfo /branches/qmmp-0.10:6712%2C6725%2C6903%2C7038%2C7058%2C7075%2C7102-7103%2C7204%2C7219%0A/branches/qmmp-0.9:5574%0A/branches/qmmp-1.2:6526%2C6530%2C6532%2C6597%2C6799%2C6827%2C6975%2C6980%2C7008%2C7012%2C7096%2C7131%2C7165%2C7173%2C7282%2C7313%2C7380%2C7382%2C7470%0A/trunk/qmmp:5275%2C5282-5283%2C5296-5300%2C5304-5305%2C5310%2C5315-5316%2C5331%2C5333%2C5337%2C5353%2C5367-5379%2C5385-5386%2C5391%2C5420%2C5424-5426%2C5428%2C5442-5444%2C5469%2C5471%2C5476%2C5481%2C5494%2C5497%2C5508-5509%2C5512%2C5517%2C5521%2C5525%2C5538%2C5550%2C5553%2C5556%2C5570%2C5578%2C5605%2C5612%2C5618%2C5621%2C5642%2C5672%2C5677%2C5696%2C5700%2C5702-5703%2C5721-5722%2C5729%2C5740-5746%2C5752%2C5759%2C5778%2C5789%2C5792-5793%2C5797%2C5810%2C5815%2C5824%2C5828%2C5865-5866%2C5876%2C5917%2C5919-5920%2C5928%2C5934%2C5936%2C5949%2C5956-5958%2C5970%2C5972%2C5974%2C5976%2C5978%2C5980%2C5985-5986%2C5991%2C5999%2C6008%2C6014%2C6018-6019%2C6022%2C6026-6027%2C6031-6037%2C6047%2C6059-6061%2C6065%2C6075%2C6080%2C6085%2C6112%2C6115%2C6117%2C6119-6124%2C6126%2C6130-6131%2C6135%2C6139-6146%2C6149%2C6151-6153%2C6163%2C6167%2C6169%2C6177%2C6179%2C6185-6187%2C6196%2C6200%2C6202-6203%2C6205%2C6208%2C6215%2C6225-6226%2C6229%2C6231%2C6235-6236%2C6238%2C6240%2C6242%2C6244%2C6246%2C6250%2C6254%2C6319%2C6324%2C6327%2C6351-6352%2C6354%2C6356-6357%2C6359%2C6361%2C6363-6366%2C6370-6372%2C6378%2C6386%2C6388%2C6403%2C6426%2C6429%2C6431%2C6433%2C6447%2C6451%2C6453%2C6456-6457%2C6459%2C6469%2C6474%2C6478-6479%2C6481%2C6515%2C6535%2C6539%2C6545-6547%2C6577%2C6586%2C6612%2C6616%2C6620%2C6624%2C6637%2C6671%2C6677%2C6683%2C6689%2C6704%2C6781%2C6783-6785%2C6789%2C6796%2C6803%2C6814-6815%2C6825%2C6831%2C6901%2C6905%2C6909%2C6919%2C6958-6959%2C7000%2C7003%2C7036%2C7040%2C7066%2C7094%2C7098%2C7122%2C7142%2C7146%2C7159%2C7169%2C7180%2C7186%2C7200%2C7223%2C7239%2C7245%2C7250%2C7254%2C7258%2C7262%2C7266%2C7272%2C7286%2C7315%2C7329%2C7338%2C7370%2C7376%2C7415%2C7441%2C7459%2C7487
r7494
  +dir_prop: branches/qmmp-1.1 svn:mergeinfo /branches/qmmp-0.10:6712%2C6725%2C6903%2C7038%2C7058%2C7075%2C7102-7103%2C7204%2C7219%0A/branches/qmmp-0.9:5574%0A/branches/qmmp-1.2:6526%2C6530%2C6532%2C6597%2C6799%2C6827%2C6975%2C6980%2C7008%2C7012%2C7096%2C7131%2C7165%2C7173%2C7282%2C7313%2C7380%2C7382%2C7470%0A/trunk/qmmp:5275%2C5282-5283%2C5296-5300%2C5304-5305%2C5310%2C5315-5316%2C5331%2C5333%2C5337%2C5353%2C5367-5379%2C5385-5386%2C5391%2C5420%2C5424-5426%2C5428%2C5442-5444%2C5469%2C5471%2C5476%2C5481%2C5494%2C5497%2C5508-5509%2C5512%2C5517%2C5521%2C5525%2C5538%2C5550%2C5553%2C5556%2C5570%2C5578%2C5605%2C5612%2C5618%2C5621%2C5642%2C5672%2C5677%2C5696%2C5700%2C5702-5703%2C5721-5722%2C5729%2C5740-5746%2C5752%2C5759%2C5778%2C5789%2C5792-5793%2C5797%2C5810%2C5815%2C5824%2C5828%2C5865-5866%2C5876%2C5917%2C5919-5920%2C5928%2C5934%2C5936%2C5949%2C5956-5958%2C5970%2C5972%2C5974%2C5976%2C5978%2C5980%2C5985-5986%2C5991%2C5999%2C6008%2C6014%2C6018-6019%2C6022%2C6026-6027%2C6031-6037%2C6047%2C6059-6061%2C6065%2C6075%2C6080%2C6085%2C6112%2C6115%2C6117%2C6119-6124%2C6126%2C6130-6131%2C6135%2C6139-6146%2C6149%2C6151-6153%2C6163%2C6167%2C6169%2C6177%2C6179%2C6185-6187%2C6196%2C6200%2C6202-6203%2C6205%2C6208%2C6215%2C6225-6226%2C6229%2C6231%2C6235-6236%2C6238%2C6240%2C6242%2C6244%2C6246%2C6250%2C6254%2C6319%2C6324%2C6327%2C6351-6352%2C6354%2C6356-6357%2C6359%2C6361%2C6363-6366%2C6370-6372%2C6378%2C6386%2C6388%2C6403%2C6426%2C6429%2C6431%2C6433%2C6447%2C6451%2C6453%2C6456-6457%2C6459%2C6469%2C6474%2C6478-6479%2C6481%2C6515%2C6535%2C6539%2C6545-6547%2C6577%2C6586%2C6612%2C6616%2C6620%2C6624%2C6637%2C6671%2C6677%2C6683%2C6689%2C6704%2C6781%2C6783-6785%2C6789%2C6796%2C6803%2C6814-6815%2C6825%2C6831%2C6901%2C6905%2C6909%2C6919%2C6958-6959%2C7000%2C7003%2C7036%2C7040%2C7066%2C7094%2C7098%2C7122%2C7142%2C7146%2C7159%2C7169%2C7180%2C7186%2C7200%2C7223%2C7239%2C7245%2C7250%2C7254%2C7258%2C7262%2C7266%2C7272%2C7286%2C7315%2C7329%2C7338%2C7370%2C7376%2C7415%2C7441%2C7459%2C7487%2C7492
r7501
r7502
r7503
r7508
r7512
  +dir_prop: branches/qmmp-1.1 svn:mergeinfo /branches/qmmp-0.10:6712%2C6725%2C6903%2C7038%2C7058%2C7075%2C7102-7103%2C7204%2C7219%0A/branches/qmmp-0.9:5574%0A/branches/qmmp-1.2:6526%2C6530%2C6532%2C6597%2C6799%2C6827%2C6975%2C6980%2C7008%2C7012%2C7096%2C7131%2C7165%2C7173%2C7282%2C7313%2C7380%2C7382%2C7470%0A/trunk/qmmp:5275%2C5282-5283%2C5296-5300%2C5304-5305%2C5310%2C5315-5316%2C5331%2C5333%2C5337%2C5353%2C5367-5379%2C5385-5386%2C5391%2C5420%2C5424-5426%2C5428%2C5442-5444%2C5469%2C5471%2C5476%2C5481%2C5494%2C5497%2C5508-5509%2C5512%2C5517%2C5521%2C5525%2C5538%2C5550%2C5553%2C5556%2C5570%2C5578%2C5605%2C5612%2C5618%2C5621%2C5642%2C5672%2C5677%2C5696%2C5700%2C5702-5703%2C5721-5722%2C5729%2C5740-5746%2C5752%2C5759%2C5778%2C5789%2C5792-5793%2C5797%2C5810%2C5815%2C5824%2C5828%2C5865-5866%2C5876%2C5917%2C5919-5920%2C5928%2C5934%2C5936%2C5949%2C5956-5958%2C5970%2C5972%2C5974%2C5976%2C5978%2C5980%2C5985-5986%2C5991%2C5999%2C6008%2C6014%2C6018-6019%2C6022%2C6026-6027%2C6031-6037%2C6047%2C6059-6061%2C6065%2C6075%2C6080%2C6085%2C6112%2C6115%2C6117%2C6119-6124%2C6126%2C6130-6131%2C6135%2C6139-6146%2C6149%2C6151-6153%2C6163%2C6167%2C6169%2C6177%2C6179%2C6185-6187%2C6196%2C6200%2C6202-6203%2C6205%2C6208%2C6215%2C6225-6226%2C6229%2C6231%2C6235-6236%2C6238%2C6240%2C6242%2C6244%2C6246%2C6250%2C6254%2C6319%2C6324%2C6327%2C6351-6352%2C6354%2C6356-6357%2C6359%2C6361%2C6363-6366%2C6370-6372%2C6378%2C6386%2C6388%2C6403%2C6426%2C6429%2C6431%2C6433%2C6447%2C6451%2C6453%2C6456-6457%2C6459%2C6469%2C6474%2C6478-6479%2C6481%2C6515%2C6535%2C6539%2C6545-6547%2C6577%2C6586%2C6612%2C6616%2C6620%2C6624%2C6637%2C6671%2C6677%2C6683%2C6689%2C6704%2C6781%2C6783-6785%2C6789%2C6796%2C6803%2C6814-6815%2C6825%2C6831%2C6901%2C6905%2C6909%2C6919%2C6958-6959%2C7000%2C7003%2C7036%2C7040%2C7066%2C7094%2C7098%2C7122%2C7142%2C7146%2C7159%2C7169%2C7180%2C7186%2C7200%2C7223%2C7239%2C7245%2C7250%2C7254%2C7258%2C7262%2C7266%2C7272%2C7286%2C7315%2C7329%2C7338%2C7370%2C7376%2C7415%2C7441%2C7459%2C7487%2C7492%2C7510
  +dir_prop: branches/qmmp-1.1/src/plugins/Ui/qsui svn:mergeinfo /branches/qmmp-1.2/src/plugins/Ui/qsui:7382%2C7470%0A/trunk/qmmp/src/plugins/Ui/qsui:5275%2C5282-5283%2C5296-5300%2C5304-5305%2C5310%2C5315-5316%2C5331%2C5333%2C5337%2C5353%2C5367-5379%2C5386%2C5428%2C5508-5509%2C5512%2C5696%2C5700%2C5789%2C5792-5793%2C5829-5905%2C5934%2C6026-6027%2C6060-6061%2C6144-6146%2C6149%2C6151-6153%2C6169%2C6185-6187%2C6196%2C6202-6203%2C6205%2C6208%2C6225-6226%2C6229%2C6231%2C6236%2C6238%2C6240%2C6327%2C6547%2C6577%2C6789%2C7510%0A/trunk/qmmp/src/plugins/Ui/skinned:5223%2C6018-6019%2C6022
r7521
  +dir_prop: branches/qmmp-1.1 svn:mergeinfo /branches/qmmp-0.10:6712%2C6725%2C6903%2C7038%2C7058%2C7075%2C7102-7103%2C7204%2C7219%0A/branches/qmmp-0.9:5574%0A/branches/qmmp-1.2:6526%2C6530%2C6532%2C6597%2C6799%2C6827%2C6975%2C6980%2C7008%2C7012%2C7096%2C7131%2C7165%2C7173%2C7282%2C7313%2C7380%2C7382%2C7470%2C7520%0A/trunk/qmmp:5275%2C5282-5283%2C5296-5300%2C5304-5305%2C5310%2C5315-5316%2C5331%2C5333%2C5337%2C5353%2C5367-5379%2C5385-5386%2C5391%2C5420%2C5424-5426%2C5428%2C5442-5444%2C5469%2C5471%2C5476%2C5481%2C5494%2C5497%2C5508-5509%2C5512%2C5517%2C5521%2C5525%2C5538%2C5550%2C5553%2C5556%2C5570%2C5578%2C5605%2C5612%2C5618%2C5621%2C5642%2C5672%2C5677%2C5696%2C5700%2C5702-5703%2C5721-5722%2C5729%2C5740-5746%2C5752%2C5759%2C5778%2C5789%2C5792-5793%2C5797%2C5810%2C5815%2C5824%2C5828%2C5865-5866%2C5876%2C5917%2C5919-5920%2C5928%2C5934%2C5936%2C5949%2C5956-5958%2C5970%2C5972%2C5974%2C5976%2C5978%2C5980%2C5985-5986%2C5991%2C5999%2C6008%2C6014%2C6018-6019%2C6022%2C6026-6027%2C6031-6037%2C6047%2C6059-6061%2C6065%2C6075%2C6080%2C6085%2C6112%2C6115%2C6117%2C6119-6124%2C6126%2C6130-6131%2C6135%2C6139-6146%2C6149%2C6151-6153%2C6163%2C6167%2C6169%2C6177%2C6179%2C6185-6187%2C6196%2C6200%2C6202-6203%2C6205%2C6208%2C6215%2C6225-6226%2C6229%2C6231%2C6235-6236%2C6238%2C6240%2C6242%2C6244%2C6246%2C6250%2C6254%2C6319%2C6324%2C6327%2C6351-6352%2C6354%2C6356-6357%2C6359%2C6361%2C6363-6366%2C6370-6372%2C6378%2C6386%2C6388%2C6403%2C6426%2C6429%2C6431%2C6433%2C6447%2C6451%2C6453%2C6456-6457%2C6459%2C6469%2C6474%2C6478-6479%2C6481%2C6515%2C6535%2C6539%2C6545-6547%2C6577%2C6586%2C6612%2C6616%2C6620%2C6624%2C6637%2C6671%2C6677%2C6683%2C6689%2C6704%2C6781%2C6783-6785%2C6789%2C6796%2C6803%2C6814-6815%2C6825%2C6831%2C6901%2C6905%2C6909%2C6919%2C6958-6959%2C7000%2C7003%2C7036%2C7040%2C7066%2C7094%2C7098%2C7122%2C7142%2C7146%2C7159%2C7169%2C7180%2C7186%2C7200%2C7223%2C7239%2C7245%2C7250%2C7254%2C7258%2C7262%2C7266%2C7272%2C7286%2C7315%2C7329%2C7338%2C7370%2C7376%2C7415%2C7441%2C7459%2C7487%2C7492%2C7510
r7533
  +dir_prop: branches/qmmp-1.1 svn:mergeinfo /branches/qmmp-0.10:6712%2C6725%2C6903%2C7038%2C7058%2C7075%2C7102-7103%2C7204%2C7219%0A/branches/qmmp-0.9:5574%0A/branches/qmmp-1.2:6526%2C6530%2C6532%2C6597%2C6799%2C6827%2C6975%2C6980%2C7008%2C7012%2C7096%2C7131%2C7165%2C7173%2C7282%2C7313%2C7380%2C7382%2C7470%2C7520%0A/trunk/qmmp:5275%2C5282-5283%2C5296-5300%2C5304-5305%2C5310%2C5315-5316%2C5331%2C5333%2C5337%2C5353%2C5367-5379%2C5385-5386%2C5391%2C5420%2C5424-5426%2C5428%2C5442-5444%2C5469%2C5471%2C5476%2C5481%2C5494%2C5497%2C5508-5509%2C5512%2C5517%2C5521%2C5525%2C5538%2C5550%2C5553%2C5556%2C5570%2C5578%2C5605%2C5612%2C5618%2C5621%2C5642%2C5672%2C5677%2C5696%2C5700%2C5702-5703%2C5721-5722%2C5729%2C5740-5746%2C5752%2C5759%2C5778%2C5789%2C5792-5793%2C5797%2C5810%2C5815%2C5824%2C5828%2C5865-5866%2C5876%2C5917%2C5919-5920%2C5928%2C5934%2C5936%2C5949%2C5956-5958%2C5970%2C5972%2C5974%2C5976%2C5978%2C5980%2C5985-5986%2C5991%2C5999%2C6008%2C6014%2C6018-6019%2C6022%2C6026-6027%2C6031-6037%2C6047%2C6059-6061%2C6065%2C6075%2C6080%2C6085%2C6112%2C6115%2C6117%2C6119-6124%2C6126%2C6130-6131%2C6135%2C6139-6146%2C6149%2C6151-6153%2C6163%2C6167%2C6169%2C6177%2C6179%2C6185-6187%2C6196%2C6200%2C6202-6203%2C6205%2C6208%2C6215%2C6225-6226%2C6229%2C6231%2C6235-6236%2C6238%2C6240%2C6242%2C6244%2C6246%2C6250%2C6254%2C6319%2C6324%2C6327%2C6351-6352%2C6354%2C6356-6357%2C6359%2C6361%2C6363-6366%2C6370-6372%2C6378%2C6386%2C6388%2C6403%2C6426%2C6429%2C6431%2C6433%2C6447%2C6451%2C6453%2C6456-6457%2C6459%2C6469%2C6474%2C6478-6479%2C6481%2C6515%2C6535%2C6539%2C6545-6547%2C6577%2C6586%2C6612%2C6616%2C6620%2C6624%2C6637%2C6671%2C6677%2C6683%2C6689%2C6704%2C6781%2C6783-6785%2C6789%2C6796%2C6803%2C6814-6815%2C6825%2C6831%2C6901%2C6905%2C6909%2C6919%2C6958-6959%2C7000%2C7003%2C7036%2C7040%2C7066%2C7094%2C7098%2C7122%2C7142%2C7146%2C7159%2C7169%2C7180%2C7186%2C7200%2C7223%2C7239%2C7245%2C7250%2C7254%2C7258%2C7262%2C7266%2C7272%2C7286%2C7315%2C7329%2C7338%2C7370%2C7376%2C7415%2C7441%2C7459%2C7487%2C7492%2C7510%2C7531
r7540
r7543
r7560
  +dir_prop: branches/qmmp-1.1 svn:mergeinfo /branches/qmmp-0.10:6712%2C6725%2C6903%2C7038%2C7058%2C7075%2C7102-7103%2C7204%2C7219%0A/branches/qmmp-0.9:5574%0A/branches/qmmp-1.2:6526%2C6530%2C6532%2C6597%2C6799%2C6827%2C6975%2C6980%2C7008%2C7012%2C7096%2C7131%2C7165%2C7173%2C7282%2C7313%2C7380%2C7382%2C7470%2C7520%0A/trunk/qmmp:5275%2C5282-5283%2C5296-5300%2C5304-5305%2C5310%2C5315-5316%2C5331%2C5333%2C5337%2C5353%2C5367-5379%2C5385-5386%2C5391%2C5420%2C5424-5426%2C5428%2C5442-5444%2C5469%2C5471%2C5476%2C5481%2C5494%2C5497%2C5508-5509%2C5512%2C5517%2C5521%2C5525%2C5538%2C5550%2C5553%2C5556%2C5570%2C5578%2C5605%2C5612%2C5618%2C5621%2C5642%2C5672%2C5677%2C5696%2C5700%2C5702-5703%2C5721-5722%2C5729%2C5740-5746%2C5752%2C5759%2C5778%2C5789%2C5792-5793%2C5797%2C5810%2C5815%2C5824%2C5828%2C5865-5866%2C5876%2C5917%2C5919-5920%2C5928%2C5934%2C5936%2C5949%2C5956-5958%2C5970%2C5972%2C5974%2C5976%2C5978%2C5980%2C5985-5986%2C5991%2C5999%2C6008%2C6014%2C6018-6019%2C6022%2C6026-6027%2C6031-6037%2C6047%2C6059-6061%2C6065%2C6075%2C6080%2C6085%2C6112%2C6115%2C6117%2C6119-6124%2C6126%2C6130-6131%2C6135%2C6139-6146%2C6149%2C6151-6153%2C6163%2C6167%2C6169%2C6177%2C6179%2C6185-6187%2C6196%2C6200%2C6202-6203%2C6205%2C6208%2C6215%2C6225-6226%2C6229%2C6231%2C6235-6236%2C6238%2C6240%2C6242%2C6244%2C6246%2C6250%2C6254%2C6319%2C6324%2C6327%2C6351-6352%2C6354%2C6356-6357%2C6359%2C6361%2C6363-6366%2C6370-6372%2C6378%2C6386%2C6388%2C6403%2C6426%2C6429%2C6431%2C6433%2C6447%2C6451%2C6453%2C6456-6457%2C6459%2C6469%2C6474%2C6478-6479%2C6481%2C6515%2C6535%2C6539%2C6545-6547%2C6577%2C6586%2C6612%2C6616%2C6620%2C6624%2C6637%2C6671%2C6677%2C6683%2C6689%2C6704%2C6781%2C6783-6785%2C6789%2C6796%2C6803%2C6814-6815%2C6825%2C6831%2C6901%2C6905%2C6909%2C6919%2C6958-6959%2C7000%2C7003%2C7036%2C7040%2C7066%2C7094%2C7098%2C7122%2C7142%2C7146%2C7159%2C7169%2C7180%2C7186%2C7200%2C7223%2C7239%2C7245%2C7250%2C7254%2C7258%2C7262%2C7266%2C7272%2C7286%2C7315%2C7329%2C7338%2C7370%2C7376%2C7415%2C7441%2C7459%2C7487%2C7492%2C7510%2C7531%2C7558
r7585
  +dir_prop: branches/qmmp-1.1 svn:mergeinfo /branches/qmmp-0.10:6712%2C6725%2C6903%2C7038%2C7058%2C7075%2C7102-7103%2C7204%2C7219%0A/branches/qmmp-0.9:5574%0A/branches/qmmp-1.2:6526%2C6530%2C6532%2C6597%2C6799%2C6827%2C6975%2C6980%2C7008%2C7012%2C7096%2C7131%2C7165%2C7173%2C7282%2C7313%2C7380%2C7382%2C7470%2C7520%2C7583%0A/trunk/qmmp:5275%2C5282-5283%2C5296-5300%2C5304-5305%2C5310%2C5315-5316%2C5331%2C5333%2C5337%2C5353%2C5367-5379%2C5385-5386%2C5391%2C5420%2C5424-5426%2C5428%2C5442-5444%2C5469%2C5471%2C5476%2C5481%2C5494%2C5497%2C5508-5509%2C5512%2C5517%2C5521%2C5525%2C5538%2C5550%2C5553%2C5556%2C5570%2C5578%2C5605%2C5612%2C5618%2C5621%2C5642%2C5672%2C5677%2C5696%2C5700%2C5702-5703%2C5721-5722%2C5729%2C5740-5746%2C5752%2C5759%2C5778%2C5789%2C5792-5793%2C5797%2C5810%2C5815%2C5824%2C5828%2C5865-5866%2C5876%2C5917%2C5919-5920%2C5928%2C5934%2C5936%2C5949%2C5956-5958%2C5970%2C5972%2C5974%2C5976%2C5978%2C5980%2C5985-5986%2C5991%2C5999%2C6008%2C6014%2C6018-6019%2C6022%2C6026-6027%2C6031-6037%2C6047%2C6059-6061%2C6065%2C6075%2C6080%2C6085%2C6112%2C6115%2C6117%2C6119-6124%2C6126%2C6130-6131%2C6135%2C6139-6146%2C6149%2C6151-6153%2C6163%2C6167%2C6169%2C6177%2C6179%2C6185-6187%2C6196%2C6200%2C6202-6203%2C6205%2C6208%2C6215%2C6225-6226%2C6229%2C6231%2C6235-6236%2C6238%2C6240%2C6242%2C6244%2C6246%2C6250%2C6254%2C6319%2C6324%2C6327%2C6351-6352%2C6354%2C6356-6357%2C6359%2C6361%2C6363-6366%2C6370-6372%2C6378%2C6386%2C6388%2C6403%2C6426%2C6429%2C6431%2C6433%2C6447%2C6451%2C6453%2C6456-6457%2C6459%2C6469%2C6474%2C6478-6479%2C6481%2C6515%2C6535%2C6539%2C6545-6547%2C6577%2C6586%2C6612%2C6616%2C6620%2C6624%2C6637%2C6671%2C6677%2C6683%2C6689%2C6704%2C6781%2C6783-6785%2C6789%2C6796%2C6803%2C6814-6815%2C6825%2C6831%2C6901%2C6905%2C6909%2C6919%2C6958-6959%2C7000%2C7003%2C7036%2C7040%2C7066%2C7094%2C7098%2C7122%2C7142%2C7146%2C7159%2C7169%2C7180%2C7186%2C7200%2C7223%2C7239%2C7245%2C7250%2C7254%2C7258%2C7262%2C7266%2C7272%2C7286%2C7315%2C7329%2C7338%2C7370%2C7376%2C7415%2C7441%2C7459%2C7487%2C7492%2C7510%2C7531%2C7558
r7589
r7592
r7596
  +dir_prop: branches/qmmp-1.1 svn:mergeinfo /branches/qmmp-0.10:6712%2C6725%2C6903%2C7038%2C7058%2C7075%2C7102-7103%2C7204%2C7219%0A/branches/qmmp-0.9:5574%0A/branches/qmmp-1.2:6526%2C6530%2C6532%2C6597%2C6799%2C6827%2C6975%2C6980%2C7008%2C7012%2C7096%2C7131%2C7165%2C7173%2C7282%2C7313%2C7380%2C7382%2C7470%2C7520%2C7583%0A/trunk/qmmp:5275%2C5282-5283%2C5296-5300%2C5304-5305%2C5310%2C5315-5316%2C5331%2C5333%2C5337%2C5353%2C5367-5379%2C5385-5386%2C5391%2C5420%2C5424-5426%2C5428%2C5442-5444%2C5469%2C5471%2C5476%2C5481%2C5494%2C5497%2C5508-5509%2C5512%2C5517%2C5521%2C5525%2C5538%2C5550%2C5553%2C5556%2C5570%2C5578%2C5605%2C5612%2C5618%2C5621%2C5642%2C5672%2C5677%2C5696%2C5700%2C5702-5703%2C5721-5722%2C5729%2C5740-5746%2C5752%2C5759%2C5778%2C5789%2C5792-5793%2C5797%2C5810%2C5815%2C5824%2C5828%2C5865-5866%2C5876%2C5917%2C5919-5920%2C5928%2C5934%2C5936%2C5949%2C5956-5958%2C5970%2C5972%2C5974%2C5976%2C5978%2C5980%2C5985-5986%2C5991%2C5999%2C6008%2C6014%2C6018-6019%2C6022%2C6026-6027%2C6031-6037%2C6047%2C6059-6061%2C6065%2C6075%2C6080%2C6085%2C6112%2C6115%2C6117%2C6119-6124%2C6126%2C6130-6131%2C6135%2C6139-6146%2C6149%2C6151-6153%2C6163%2C6167%2C6169%2C6177%2C6179%2C6185-6187%2C6196%2C6200%2C6202-6203%2C6205%2C6208%2C6215%2C6225-6226%2C6229%2C6231%2C6235-6236%2C6238%2C6240%2C6242%2C6244%2C6246%2C6250%2C6254%2C6319%2C6324%2C6327%2C6351-6352%2C6354%2C6356-6357%2C6359%2C6361%2C6363-6366%2C6370-6372%2C6378%2C6386%2C6388%2C6403%2C6426%2C6429%2C6431%2C6433%2C6447%2C6451%2C6453%2C6456-6457%2C6459%2C6469%2C6474%2C6478-6479%2C6481%2C6515%2C6535%2C6539%2C6545-6547%2C6577%2C6586%2C6612%2C6616%2C6620%2C6624%2C6637%2C6671%2C6677%2C6683%2C6689%2C6704%2C6781%2C6783-6785%2C6789%2C6796%2C6803%2C6814-6815%2C6825%2C6831%2C6901%2C6905%2C6909%2C6919%2C6958-6959%2C7000%2C7003%2C7036%2C7040%2C7066%2C7094%2C7098%2C7122%2C7142%2C7146%2C7159%2C7169%2C7180%2C7186%2C7200%2C7223%2C7239%2C7245%2C7250%2C7254%2C7258%2C7262%2C7266%2C7272%2C7286%2C7315%2C7329%2C7338%2C7370%2C7376%2C7415%2C7441%2C7459%2C7487%2C7492%2C7510%2C7531%2C7558%2C7594
r7603
  +dir_prop: branches/qmmp-1.1 svn:mergeinfo /branches/qmmp-0.10:6712%2C6725%2C6903%2C7038%2C7058%2C7075%2C7102-7103%2C7204%2C7219%2C7602%0A/branches/qmmp-0.9:5574%0A/branches/qmmp-1.2:6526%2C6530%2C6532%2C6597%2C6799%2C6827%2C6975%2C6980%2C7008%2C7012%2C7096%2C7131%2C7165%2C7173%2C7282%2C7313%2C7380%2C7382%2C7470%2C7520%2C7583%0A/trunk/qmmp:5275%2C5282-5283%2C5296-5300%2C5304-5305%2C5310%2C5315-5316%2C5331%2C5333%2C5337%2C5353%2C5367-5379%2C5385-5386%2C5391%2C5420%2C5424-5426%2C5428%2C5442-5444%2C5469%2C5471%2C5476%2C5481%2C5494%2C5497%2C5508-5509%2C5512%2C5517%2C5521%2C5525%2C5538%2C5550%2C5553%2C5556%2C5570%2C5578%2C5605%2C5612%2C5618%2C5621%2C5642%2C5672%2C5677%2C5696%2C5700%2C5702-5703%2C5721-5722%2C5729%2C5740-5746%2C5752%2C5759%2C5778%2C5789%2C5792-5793%2C5797%2C5810%2C5815%2C5824%2C5828%2C5865-5866%2C5876%2C5917%2C5919-5920%2C5928%2C5934%2C5936%2C5949%2C5956-5958%2C5970%2C5972%2C5974%2C5976%2C5978%2C5980%2C5985-5986%2C5991%2C5999%2C6008%2C6014%2C6018-6019%2C6022%2C6026-6027%2C6031-6037%2C6047%2C6059-6061%2C6065%2C6075%2C6080%2C6085%2C6112%2C6115%2C6117%2C6119-6124%2C6126%2C6130-6131%2C6135%2C6139-6146%2C6149%2C6151-6153%2C6163%2C6167%2C6169%2C6177%2C6179%2C6185-6187%2C6196%2C6200%2C6202-6203%2C6205%2C6208%2C6215%2C6225-6226%2C6229%2C6231%2C6235-6236%2C6238%2C6240%2C6242%2C6244%2C6246%2C6250%2C6254%2C6319%2C6324%2C6327%2C6351-6352%2C6354%2C6356-6357%2C6359%2C6361%2C6363-6366%2C6370-6372%2C6378%2C6386%2C6388%2C6403%2C6426%2C6429%2C6431%2C6433%2C6447%2C6451%2C6453%2C6456-6457%2C6459%2C6469%2C6474%2C6478-6479%2C6481%2C6515%2C6535%2C6539%2C6545-6547%2C6577%2C6586%2C6612%2C6616%2C6620%2C6624%2C6637%2C6671%2C6677%2C6683%2C6689%2C6704%2C6781%2C6783-6785%2C6789%2C6796%2C6803%2C6814-6815%2C6825%2C6831%2C6901%2C6905%2C6909%2C6919%2C6958-6959%2C7000%2C7003%2C7036%2C7040%2C7066%2C7094%2C7098%2C7122%2C7142%2C7146%2C7159%2C7169%2C7180%2C7186%2C7200%2C7223%2C7239%2C7245%2C7250%2C7254%2C7258%2C7262%2C7266%2C7272%2C7286%2C7315%2C7329%2C7338%2C7370%2C7376%2C7415%2C7441%2C7459%2C7487%2C7492%2C7510%2C7531%2C7558%2C7594
r7623
r7624
  +dir_prop: branches/qmmp-1.1 svn:mergeinfo /branches/qmmp-0.10:6712%2C6725%2C6903%2C7038%2C7058%2C7075%2C7102-7103%2C7204%2C7219%2C7602%0A/branches/qmmp-0.9:5574%0A/branches/qmmp-1.2:6526%2C6530%2C6532%2C6597%2C6799%2C6827%2C6975%2C6980%2C7008%2C7012%2C7096%2C7131%2C7165%2C7173%2C7282%2C7313%2C7380%2C7382%2C7470%2C7520%2C7583%2C7622%0A/trunk/qmmp:5275%2C5282-5283%2C5296-5300%2C5304-5305%2C5310%2C5315-5316%2C5331%2C5333%2C5337%2C5353%2C5367-5379%2C5385-5386%2C5391%2C5420%2C5424-5426%2C5428%2C5442-5444%2C5469%2C5471%2C5476%2C5481%2C5494%2C5497%2C5508-5509%2C5512%2C5517%2C5521%2C5525%2C5538%2C5550%2C5553%2C5556%2C5570%2C5578%2C5605%2C5612%2C5618%2C5621%2C5642%2C5672%2C5677%2C5696%2C5700%2C5702-5703%2C5721-5722%2C5729%2C5740-5746%2C5752%2C5759%2C5778%2C5789%2C5792-5793%2C5797%2C5810%2C5815%2C5824%2C5828%2C5865-5866%2C5876%2C5917%2C5919-5920%2C5928%2C5934%2C5936%2C5949%2C5956-5958%2C5970%2C5972%2C5974%2C5976%2C5978%2C5980%2C5985-5986%2C5991%2C5999%2C6008%2C6014%2C6018-6019%2C6022%2C6026-6027%2C6031-6037%2C6047%2C6059-6061%2C6065%2C6075%2C6080%2C6085%2C6112%2C6115%2C6117%2C6119-6124%2C6126%2C6130-6131%2C6135%2C6139-6146%2C6149%2C6151-6153%2C6163%2C6167%2C6169%2C6177%2C6179%2C6185-6187%2C6196%2C6200%2C6202-6203%2C6205%2C6208%2C6215%2C6225-6226%2C6229%2C6231%2C6235-6236%2C6238%2C6240%2C6242%2C6244%2C6246%2C6250%2C6254%2C6319%2C6324%2C6327%2C6351-6352%2C6354%2C6356-6357%2C6359%2C6361%2C6363-6366%2C6370-6372%2C6378%2C6386%2C6388%2C6403%2C6426%2C6429%2C6431%2C6433%2C6447%2C6451%2C6453%2C6456-6457%2C6459%2C6469%2C6474%2C6478-6479%2C6481%2C6515%2C6535%2C6539%2C6545-6547%2C6577%2C6586%2C6612%2C6616%2C6620%2C6624%2C6637%2C6671%2C6677%2C6683%2C6689%2C6704%2C6781%2C6783-6785%2C6789%2C6796%2C6803%2C6814-6815%2C6825%2C6831%2C6901%2C6905%2C6909%2C6919%2C6958-6959%2C7000%2C7003%2C7036%2C7040%2C7066%2C7094%2C7098%2C7122%2C7142%2C7146%2C7159%2C7169%2C7180%2C7186%2C7200%2C7223%2C7239%2C7245%2C7250%2C7254%2C7258%2C7262%2C7266%2C7272%2C7286%2C7315%2C7329%2C7338%2C7370%2C7376%2C7415%2C7441%2C7459%2C7487%2C7492%2C7510%2C7531%2C7558%2C7594
r7626
r7683
r7695
r7699
