r7751
r7763
r7776
r7784
  +dir_prop: branches/qmmp-0.12 svn:mergeinfo /branches/qmmp-0.10:7522%0A/branches/qmmp-1.0:5596%0A/branches/qmmp-1.1:5819%2C5968%2C6043%2C6172%2C6233%2C6442%0A/branches/qmmp-1.2:6799%2C6945%2C6975%2C7173%2C7382%2C7520%0A/trunk/qmmp:7783
r7786
  +dir_prop: branches/qmmp-0.12 svn:mergeinfo /branches/qmmp-0.10:7522%0A/branches/qmmp-1.0:5596%0A/branches/qmmp-1.1:5819%2C5968%2C6043%2C6172%2C6233%2C6442%0A/branches/qmmp-1.2:6799%2C6945%2C6975%2C7173%2C7382%2C7520%0A/trunk/qmmp:7783%2C7785
  +dir_prop: branches/qmmp-0.12/src/plugins/Ui/qsui svn:mergeinfo /branches/qmmp-1.1/src/plugins/Ui/qsui:6172%0A/branches/qmmp-1.2/src/plugins/Ui/qsui:7382%0A/trunk/qmmp/src/plugins/Ui/qsui:7785%0A/trunk/qmmp/src/plugins/Ui/skinned:5223%2C6018-6019%2C6022
r7789
  +dir_prop: branches/qmmp-0.12 svn:mergeinfo /branches/qmmp-0.10:7522%0A/branches/qmmp-1.0:5596%0A/branches/qmmp-1.1:5819%2C5968%2C6043%2C6172%2C6233%2C6442%0A/branches/qmmp-1.2:6799%2C6945%2C6975%2C7173%2C7382%2C7520%0A/trunk/qmmp:7783%2C7785%2C7787-7788
  +dir_prop: branches/qmmp-0.12/src/plugins/Ui/qsui svn:mergeinfo /branches/qmmp-1.1/src/plugins/Ui/qsui:6172%0A/branches/qmmp-1.2/src/plugins/Ui/qsui:7382%0A/trunk/qmmp/src/plugins/Ui/qsui:7785%2C7788%0A/trunk/qmmp/src/plugins/Ui/skinned:5223%2C6018-6019%2C6022
r7790
r7795
  +dir_prop: branches/qmmp-0.12 svn:mergeinfo /branches/qmmp-0.10:7522%0A/branches/qmmp-1.0:5596%0A/branches/qmmp-1.1:5819%2C5968%2C6043%2C6172%2C6233%2C6442%0A/branches/qmmp-1.2:6799%2C6945%2C6975%2C7173%2C7382%2C7520%0A/trunk/qmmp:7783%2C7785%2C7787-7788%2C7792-7793
r7796
r7800
  +dir_prop: branches/qmmp-0.12 svn:mergeinfo /branches/qmmp-0.10:7522%0A/branches/qmmp-1.0:5596%0A/branches/qmmp-1.1:5819%2C5968%2C6043%2C6172%2C6233%2C6442%0A/branches/qmmp-1.2:6799%2C6945%2C6975%2C7173%2C7382%2C7520%0A/trunk/qmmp:7783%2C7785%2C7787-7788%2C7792-7793%2C7798
r7803
r7806
  +dir_prop: branches/qmmp-0.12 svn:mergeinfo /branches/qmmp-0.10:7522%0A/branches/qmmp-1.0:5596%0A/branches/qmmp-1.1:5819%2C5968%2C6043%2C6172%2C6233%2C6442%0A/branches/qmmp-1.2:6799%2C6945%2C6975%2C7173%2C7382%2C7520%0A/trunk/qmmp:7783%2C7785%2C7787-7788%2C7792-7793%2C7798%2C7805
r7814
  +dir_prop: branches/qmmp-0.12 svn:mergeinfo /branches/qmmp-0.10:7522%0A/branches/qmmp-1.0:5596%0A/branches/qmmp-1.1:5819%2C5968%2C6043%2C6172%2C6233%2C6442%0A/branches/qmmp-1.2:6799%2C6945%2C6975%2C7173%2C7382%2C7520%0A/trunk/qmmp:7783%2C7785%2C7787-7788%2C7792-7793%2C7798%2C7805%2C7807-7811
r7815
  +dir_prop: branches/qmmp-0.12 svn:mergeinfo /branches/qmmp-0.10:7522%0A/branches/qmmp-1.0:5596%0A/branches/qmmp-1.1:5819%2C5968%2C6043%2C6172%2C6233%2C6442%0A/branches/qmmp-1.2:6799%2C6945%2C6975%2C7173%2C7382%2C7520%0A/trunk/qmmp:7783%2C7785%2C7787-7788%2C7792-7793%2C7798%2C7805%2C7807-7811%2C7813
r7816
  -empty_dir: branches/qmmp-0.12/src/plugins/Input/mad
r7818
r7819
r7823
  +dir_prop: branches/qmmp-0.12 svn:mergeinfo /branches/qmmp-0.10:7522%0A/branches/qmmp-1.0:5596%0A/branches/qmmp-1.1:5819%2C5968%2C6043%2C6172%2C6233%2C6442%0A/branches/qmmp-1.2:6799%2C6945%2C6975%2C7173%2C7382%2C7520%0A/trunk/qmmp:7783%2C7785%2C7787-7788%2C7792-7793%2C7798%2C7805%2C7807-7811%2C7813%2C7822
r7825
  +dir_prop: branches/qmmp-0.12 svn:mergeinfo /branches/qmmp-0.10:7522%0A/branches/qmmp-1.0:5596%0A/branches/qmmp-1.1:5819%2C5968%2C6043%2C6172%2C6233%2C6442%0A/branches/qmmp-1.2:6799%2C6945%2C6975%2C7173%2C7382%2C7520%0A/trunk/qmmp:7783%2C7785%2C7787-7788%2C7792-7793%2C7798%2C7805%2C7807-7811%2C7813%2C7822%2C7824
r7828
r7831
  +dir_prop: branches/qmmp-0.12 svn:mergeinfo /branches/qmmp-0.10:7522%0A/branches/qmmp-1.0:5596%0A/branches/qmmp-1.1:5819%2C5968%2C6043%2C6172%2C6233%2C6442%0A/branches/qmmp-1.2:6799%2C6945%2C6975%2C7173%2C7382%2C7520%0A/trunk/qmmp:7783%2C7785%2C7787-7788%2C7792-7793%2C7798%2C7805%2C7807-7811%2C7813%2C7822%2C7824%2C7830
r7835
  +dir_prop: branches/qmmp-0.12 svn:mergeinfo /branches/qmmp-0.10:7522%0A/branches/qmmp-1.0:5596%0A/branches/qmmp-1.1:5819%2C5968%2C6043%2C6172%2C6233%2C6442%0A/branches/qmmp-1.2:6799%2C6945%2C6975%2C7173%2C7382%2C7520%0A/trunk/qmmp:7783%2C7785%2C7787-7788%2C7792-7793%2C7798%2C7805%2C7807-7811%2C7813%2C7822%2C7824%2C7830%2C7834
r7839
  +dir_prop: branches/qmmp-0.12 svn:mergeinfo /branches/qmmp-0.10:7522%0A/branches/qmmp-1.0:5596%0A/branches/qmmp-1.1:5819%2C5968%2C6043%2C6172%2C6233%2C6442%0A/branches/qmmp-1.2:6799%2C6945%2C6975%2C7173%2C7382%2C7520%0A/trunk/qmmp:7783%2C7785%2C7787-7788%2C7792-7793%2C7798%2C7805%2C7807-7811%2C7813%2C7822%2C7824%2C7830%2C7834%2C7838
r7841
  +dir_prop: branches/qmmp-0.12 svn:mergeinfo /branches/qmmp-0.10:7522%0A/branches/qmmp-1.0:5596%0A/branches/qmmp-1.1:5819%2C5968%2C6043%2C6172%2C6233%2C6442%0A/branches/qmmp-1.2:6799%2C6945%2C6975%2C7173%2C7382%2C7520%0A/trunk/qmmp:7783%2C7785%2C7787-7788%2C7792-7793%2C7798%2C7805%2C7807-7811%2C7813%2C7822%2C7824%2C7830%2C7834%2C7838%2C7840
r7848
r7851
r7860
  +dir_prop: branches/qmmp-0.12 svn:mergeinfo /branches/qmmp-0.10:7522%0A/branches/qmmp-1.0:5596%0A/branches/qmmp-1.1:5819%2C5968%2C6043%2C6172%2C6233%2C6442%0A/branches/qmmp-1.2:6799%2C6945%2C6975%2C7173%2C7382%2C7520%0A/trunk/qmmp:7783%2C7785%2C7787-7788%2C7792-7793%2C7798%2C7805%2C7807-7811%2C7813%2C7822%2C7824%2C7830%2C7834%2C7838%2C7840%2C7858
r7863
  +dir_prop: branches/qmmp-0.12 svn:mergeinfo /branches/qmmp-0.10:7522%0A/branches/qmmp-1.0:5596%0A/branches/qmmp-1.1:5819%2C5968%2C6043%2C6172%2C6233%2C6442%0A/branches/qmmp-1.2:6799%2C6945%2C6975%2C7173%2C7382%2C7520%0A/trunk/qmmp:7783%2C7785%2C7787-7788%2C7792-7793%2C7798%2C7805%2C7807-7811%2C7813%2C7822%2C7824%2C7830%2C7834%2C7838%2C7840%2C7857-7858
r7867
r7872
r7877
  +dir_prop: branches/qmmp-0.12 svn:mergeinfo /branches/qmmp-0.10:7522%0A/branches/qmmp-1.0:5596%0A/branches/qmmp-1.1:5819%2C5968%2C6043%2C6172%2C6233%2C6442%0A/branches/qmmp-1.2:6799%2C6945%2C6975%2C7173%2C7382%2C7520%0A/trunk/qmmp:7783%2C7785%2C7787-7788%2C7792-7793%2C7798%2C7805%2C7807-7811%2C7813%2C7822%2C7824%2C7830%2C7834%2C7838%2C7840%2C7857-7858%2C7876
r7883
r7889
r7896
r7906
  +dir_prop: branches/qmmp-0.12 svn:mergeinfo /branches/qmmp-0.10:7522%0A/branches/qmmp-1.0:5596%0A/branches/qmmp-1.1:5819%2C5968%2C6043%2C6172%2C6233%2C6442%0A/branches/qmmp-1.2:6799%2C6945%2C6975%2C7173%2C7382%2C7520%0A/trunk/qmmp:7783%2C7785%2C7787-7788%2C7792-7793%2C7798%2C7805%2C7807-7811%2C7813%2C7822%2C7824%2C7830%2C7834%2C7838%2C7840%2C7857-7858%2C7876%2C7905
  +dir_prop: branches/qmmp-0.12/src/plugins/Ui/qsui svn:mergeinfo /branches/qmmp-1.1/src/plugins/Ui/qsui:6172%0A/branches/qmmp-1.2/src/plugins/Ui/qsui:7382%0A/trunk/qmmp/src/plugins/Ui/qsui:7785%2C7788%2C7905%0A/trunk/qmmp/src/plugins/Ui/skinned:5223%2C6018-6019%2C6022
r7909
  +dir_prop: branches/qmmp-0.12 svn:mergeinfo /branches/qmmp-0.10:7522%0A/branches/qmmp-1.0:5596%0A/branches/qmmp-1.1:5819%2C5968%2C6043%2C6172%2C6233%2C6442%0A/branches/qmmp-1.2:6799%2C6945%2C6975%2C7173%2C7382%2C7520%0A/trunk/qmmp:7783%2C7785%2C7787-7788%2C7792-7793%2C7798%2C7805%2C7807-7811%2C7813%2C7822%2C7824%2C7830%2C7834%2C7838%2C7840%2C7857-7858%2C7876%2C7905%2C7907
r7918
r8011
  -empty_dir: branches/qmmp-0.12/src/plugins/Input/flac/replaygainreader.h
  -empty_dir: branches/qmmp-0.12/src/plugins/Input/mpeg/replaygainreader.cpp
  -empty_dir: branches/qmmp-0.12/src/plugins/Input/mpeg/replaygainreader.h
  -empty_dir: branches/qmmp-0.12/src/plugins/Input/opus/replaygainreader.h
  -empty_dir: branches/qmmp-0.12/src/plugins/Input/vorbis/replaygainreader.h
  -empty_dir: branches/qmmp-0.12/src/plugins/Input/wavpack/replaygainreader.cpp
  -empty_dir: branches/qmmp-0.12/src/plugins/Input/wavpack/replaygainreader.h
  -empty_dir: branches/qmmp-0.12/src/qmmp/fileinfo.cpp
  -empty_dir: branches/qmmp-0.12/src/qmmp/fileinfo.h
  +dir_prop: branches/qmmp-0.12/src/plugins/Ui/qsui svn:mergeinfo /branches/qmmp-1.1/src/plugins/Ui/qsui:6172%0A/branches/qmmp-1.2/src/plugins/Ui/qsui:7382%0A/trunk/qmmp/src/plugins/Ui/qsui:7785%2C7788%2C7905%2C7921-8008%0A/trunk/qmmp/src/plugins/Ui/skinned:5223%2C6018-6019%2C6022
r8012
r8013
  -empty_dir: branches/qmmp-0.12/src/plugins/Input/ffmpeg_legacy
r8014
r8020
  +dir_prop: branches/qmmp-0.12 svn:mergeinfo /branches/qmmp-0.10:7522%0A/branches/qmmp-1.0:5596%0A/branches/qmmp-1.1:5819%2C5968%2C6043%2C6172%2C6233%2C6442%0A/branches/qmmp-1.2:6799%2C6945%2C6975%2C7173%2C7382%2C7520%0A/trunk/qmmp:7783%2C7785%2C7787-7788%2C7792-7793%2C7798%2C7805%2C7807-7811%2C7813%2C7822%2C7824%2C7830%2C7834%2C7838%2C7840%2C7857-7858%2C7876%2C7905%2C7907%2C8019
  +dir_prop: branches/qmmp-0.12/src/plugins/Ui/qsui svn:mergeinfo /branches/qmmp-1.1/src/plugins/Ui/qsui:6172%0A/branches/qmmp-1.2/src/plugins/Ui/qsui:7382%0A/trunk/qmmp/src/plugins/Ui/qsui:7785%2C7788%2C7905%2C7921-8008%2C8019%0A/trunk/qmmp/src/plugins/Ui/skinned:5223%2C6018-6019%2C6022
r8024
  +dir_prop: branches/qmmp-0.12 svn:mergeinfo /branches/qmmp-0.10:7522%0A/branches/qmmp-1.0:5596%0A/branches/qmmp-1.1:5819%2C5968%2C6043%2C6172%2C6233%2C6442%0A/branches/qmmp-1.2:6799%2C6945%2C6975%2C7173%2C7382%2C7520%0A/trunk/qmmp:7783%2C7785%2C7787-7788%2C7792-7793%2C7798%2C7805%2C7807-7811%2C7813%2C7822%2C7824%2C7830%2C7834%2C7838%2C7840%2C7857-7858%2C7876%2C7905%2C7907%2C8019%2C8021
r8025
  +dir_prop: branches/qmmp-0.12 svn:mergeinfo /branches/qmmp-0.10:7522%0A/branches/qmmp-1.0:5596%0A/branches/qmmp-1.1:5819%2C5968%2C6043%2C6172%2C6233%2C6442%0A/branches/qmmp-1.2:6799%2C6945%2C6975%2C7173%2C7382%2C7520%0A/trunk/qmmp:7783%2C7785%2C7787-7788%2C7792-7793%2C7798%2C7805%2C7807-7811%2C7813%2C7822%2C7824%2C7830%2C7834%2C7838%2C7840%2C7857-7858%2C7876%2C7905%2C7907%2C8019%2C8021-8023
r8031
r8033
  +dir_prop: branches/qmmp-0.12 svn:mergeinfo /branches/qmmp-0.10:7522%0A/branches/qmmp-1.0:5596%0A/branches/qmmp-1.1:5819%2C5968%2C6043%2C6172%2C6233%2C6442%0A/branches/qmmp-1.2:6799%2C6945%2C6975%2C7173%2C7382%2C7520%0A/trunk/qmmp:7783%2C7785%2C7787-7788%2C7792-7793%2C7798%2C7805%2C7807-7811%2C7813%2C7822%2C7824%2C7830%2C7834%2C7838%2C7840%2C7857-7858%2C7876%2C7905%2C7907%2C8019%2C8021-8023%2C8032
r8038
  +dir_prop: branches/qmmp-0.12 svn:mergeinfo /branches/qmmp-0.10:7522%0A/branches/qmmp-1.0:5596%0A/branches/qmmp-1.1:5819%2C5968%2C6043%2C6172%2C6233%2C6442%0A/branches/qmmp-1.2:6799%2C6945%2C6975%2C7173%2C7382%2C7520%0A/trunk/qmmp:7783%2C7785%2C7787-7788%2C7792-7793%2C7798%2C7805%2C7807-7811%2C7813%2C7822%2C7824%2C7830%2C7834%2C7838%2C7840%2C7857-7858%2C7876%2C7905%2C7907%2C8019%2C8021-8023%2C8032%2C8036-8037
r8040
  +dir_prop: branches/qmmp-0.12 svn:mergeinfo /branches/qmmp-0.10:7522%0A/branches/qmmp-1.0:5596%0A/branches/qmmp-1.1:5819%2C5968%2C6043%2C6172%2C6233%2C6442%0A/branches/qmmp-1.2:6799%2C6945%2C6975%2C7173%2C7382%2C7520%0A/trunk/qmmp:7783%2C7785%2C7787-7788%2C7792-7793%2C7798%2C7805%2C7807-7811%2C7813%2C7822%2C7824%2C7830%2C7834%2C7838%2C7840%2C7857-7858%2C7876%2C7905%2C7907%2C8019%2C8021-8023%2C8032%2C8036-8037%2C8039
r8043
  +dir_prop: branches/qmmp-0.12 svn:mergeinfo /branches/qmmp-0.10:7522%0A/branches/qmmp-1.0:5596%0A/branches/qmmp-1.1:5819%2C5968%2C6043%2C6172%2C6233%2C6442%0A/branches/qmmp-1.2:6799%2C6945%2C6975%2C7173%2C7382%2C7520%0A/trunk/qmmp:7783%2C7785%2C7787-7788%2C7792-7793%2C7798%2C7805%2C7807-7811%2C7813%2C7822%2C7824%2C7830%2C7834%2C7838%2C7840%2C7857-7858%2C7876%2C7905%2C7907%2C8019%2C8021-8023%2C8032%2C8036-8037%2C8039%2C8041
r8045
r8048
  -empty_dir: branches/qmmp-0.12/src/app/desktop-translations/qmmp_dir_bg.desktop.in
  -empty_dir: branches/qmmp-0.12/src/app/desktop-translations/qmmp_dir_el.desktop.in
  -empty_dir: branches/qmmp-0.12/src/app/desktop-translations/qmmp_dir_es.desktop.in
  -empty_dir: branches/qmmp-0.12/src/app/desktop-translations/qmmp_dir_fi.desktop.in
  -empty_dir: branches/qmmp-0.12/src/app/desktop-translations/qmmp_dir_fr.desktop.in
  -empty_dir: branches/qmmp-0.12/src/app/desktop-translations/qmmp_dir_gl_ES.desktop.in
  -empty_dir: branches/qmmp-0.12/src/app/desktop-translations/qmmp_dir_id.desktop.in
  -empty_dir: branches/qmmp-0.12/src/app/desktop-translations/qmmp_dir_pl_PL.desktop.in
  -empty_dir: branches/qmmp-0.12/src/app/desktop-translations/qmmp_dir_zh_CN.desktop.in
  -empty_dir: branches/qmmp-0.12/src/app/desktop-translations/qmmp_dir_zh_TW.desktop.in
  -empty_dir: branches/qmmp-0.12/src/app/desktop-translations/qmmp_enqueue_bg.desktop.in
  -empty_dir: branches/qmmp-0.12/src/app/desktop-translations/qmmp_enqueue_el.desktop.in
  -empty_dir: branches/qmmp-0.12/src/app/desktop-translations/qmmp_enqueue_es.desktop.in
  -empty_dir: branches/qmmp-0.12/src/app/desktop-translations/qmmp_enqueue_fi.desktop.in
  -empty_dir: branches/qmmp-0.12/src/app/desktop-translations/qmmp_enqueue_fr.desktop.in
  -empty_dir: branches/qmmp-0.12/src/app/desktop-translations/qmmp_enqueue_gl_ES.desktop.in
  -empty_dir: branches/qmmp-0.12/src/app/desktop-translations/qmmp_enqueue_id.desktop.in
  -empty_dir: branches/qmmp-0.12/src/app/desktop-translations/qmmp_enqueue_pl_PL.desktop.in
  -empty_dir: branches/qmmp-0.12/src/app/desktop-translations/qmmp_enqueue_zh_CN.desktop.in
  -empty_dir: branches/qmmp-0.12/src/app/desktop-translations/qmmp_enqueue_zh_TW.desktop.in
  -empty_dir: branches/qmmp-0.12/src/app/qmmp_dir.desktop
  -empty_dir: branches/qmmp-0.12/src/app/qmmp_enqueue.desktop
  +dir_prop: branches/qmmp-0.12 svn:mergeinfo /branches/qmmp-0.10:7522%0A/branches/qmmp-1.0:5596%0A/branches/qmmp-1.1:5819%2C5968%2C6043%2C6172%2C6233%2C6442%0A/branches/qmmp-1.2:6799%2C6945%2C6975%2C7173%2C7382%2C7520%0A/trunk/qmmp:7783%2C7785%2C7787-7788%2C7792-7793%2C7798%2C7805%2C7807-7811%2C7813%2C7822%2C7824%2C7830%2C7834%2C7838%2C7840%2C7857-7858%2C7876%2C7905%2C7907%2C8019%2C8021-8023%2C8032%2C8036-8037%2C8039%2C8041%2C8047
r8049
r8056
  +dir_prop: branches/qmmp-0.12 svn:mergeinfo /branches/qmmp-0.10:7522%0A/branches/qmmp-1.0:5596%0A/branches/qmmp-1.1:5819%2C5968%2C6043%2C6172%2C6233%2C6442%0A/branches/qmmp-1.2:6799%2C6945%2C6975%2C7173%2C7382%2C7520%0A/trunk/qmmp:7783%2C7785%2C7787-7788%2C7792-7793%2C7798%2C7805%2C7807-7811%2C7813%2C7822%2C7824%2C7830%2C7834%2C7838%2C7840%2C7857-7858%2C7876%2C7905%2C7907%2C8019%2C8021-8023%2C8032%2C8036-8037%2C8039%2C8041%2C8047%2C8053-8055
  +dir_prop: branches/qmmp-0.12/src/plugins/Ui/qsui svn:mergeinfo /branches/qmmp-1.1/src/plugins/Ui/qsui:6172%0A/branches/qmmp-1.2/src/plugins/Ui/qsui:7382%0A/trunk/qmmp/src/plugins/Ui/qsui:7785%2C7788%2C7905%2C7921-8008%2C8019%2C8053-8055%0A/trunk/qmmp/src/plugins/Ui/skinned:5223%2C6018-6019%2C6022
r8057
r8060
  +dir_prop: branches/qmmp-0.12 svn:mergeinfo /branches/qmmp-0.10:7522%0A/branches/qmmp-1.0:5596%0A/branches/qmmp-1.1:5819%2C5968%2C6043%2C6172%2C6233%2C6442%0A/branches/qmmp-1.2:6799%2C6945%2C6975%2C7173%2C7382%2C7520%0A/trunk/qmmp:7783%2C7785%2C7787-7788%2C7792-7793%2C7798%2C7805%2C7807-7811%2C7813%2C7822%2C7824%2C7830%2C7834%2C7838%2C7840%2C7857-7858%2C7876%2C7905%2C7907%2C8019%2C8021-8023%2C8032%2C8036-8037%2C8039%2C8041%2C8047%2C8053-8055%2C8058-8059
r8063
  +dir_prop: branches/qmmp-0.12 svn:mergeinfo /branches/qmmp-0.10:7522%0A/branches/qmmp-1.0:5596%0A/branches/qmmp-1.1:5819%2C5968%2C6043%2C6172%2C6233%2C6442%0A/branches/qmmp-1.2:6799%2C6945%2C6975%2C7173%2C7382%2C7520%0A/trunk/qmmp:7783%2C7785%2C7787-7788%2C7792-7793%2C7798%2C7805%2C7807-7811%2C7813%2C7822%2C7824%2C7830%2C7834%2C7838%2C7840%2C7857-7858%2C7876%2C7905%2C7907%2C8019%2C8021-8023%2C8032%2C8036-8037%2C8039%2C8041%2C8047%2C8053-8055%2C8058-8059%2C8061-8062
r8069
r8071
  +dir_prop: branches/qmmp-0.12 svn:mergeinfo /branches/qmmp-0.10:7522%0A/branches/qmmp-1.0:5596%0A/branches/qmmp-1.1:5819%2C5968%2C6043%2C6172%2C6233%2C6442%0A/branches/qmmp-1.2:6799%2C6945%2C6975%2C7173%2C7382%2C7520%0A/trunk/qmmp:7783%2C7785%2C7787-7788%2C7792-7793%2C7798%2C7805%2C7807-7811%2C7813%2C7822%2C7824%2C7830%2C7834%2C7838%2C7840%2C7857-7858%2C7876%2C7905%2C7907%2C8019%2C8021-8023%2C8032%2C8036-8037%2C8039%2C8041%2C8047%2C8053-8055%2C8058-8059%2C8061-8062%2C8070
r8072
  -empty_dir: branches/qmmp-0.12/src/app/images/16x16/qmmp.png
  -empty_dir: branches/qmmp-0.12/src/app/images/32x32/qmmp.png
  -empty_dir: branches/qmmp-0.12/src/app/images/48x48/qmmp.png
  -empty_dir: branches/qmmp-0.12/src/app/images/56x56/qmmp.png
  -empty_dir: branches/qmmp-0.12/src/app/images/scalable/qmmp-simple.svgz
  -empty_dir: branches/qmmp-0.12/src/app/images/scalable/qmmp.svgz
  -empty_dir: branches/qmmp-0.12/src/app/qmmp-dir.desktop
  -empty_dir: branches/qmmp-0.12/src/app/qmmp-enqueue.desktop
  -empty_dir: branches/qmmp-0.12/src/app/qmmp.desktop
  +file_prop: branches/qmmp-0.12/src/app/images/16x16/qmmp-0.png svn:mime-type application/octet-stream
  +file_prop: branches/qmmp-0.12/src/app/images/32x32/qmmp-0.png svn:mime-type application/octet-stream
  +file_prop: branches/qmmp-0.12/src/app/images/48x48/qmmp-0.png svn:mime-type application/octet-stream
  +file_prop: branches/qmmp-0.12/src/app/images/56x56/qmmp-0.png svn:mime-type application/octet-stream
  +file_prop: branches/qmmp-0.12/src/app/images/scalable/qmmp-0.svgz svn:mime-type application/octet-stream
  +file_prop: branches/qmmp-0.12/src/app/images/scalable/qmmp-simple-0.svgz svn:mime-type application/octet-stream
r8073
r8074
r8075
r8076
r8081
  +dir_prop: branches/qmmp-0.12 svn:mergeinfo /branches/qmmp-0.10:7522%0A/branches/qmmp-1.0:5596%0A/branches/qmmp-1.1:5819%2C5968%2C6043%2C6172%2C6233%2C6442%0A/branches/qmmp-1.2:6799%2C6945%2C6975%2C7173%2C7382%2C7520%0A/trunk/qmmp:7783%2C7785%2C7787-7788%2C7792-7793%2C7798%2C7805%2C7807-7811%2C7813%2C7822%2C7824%2C7830%2C7834%2C7838%2C7840%2C7857-7858%2C7876%2C7905%2C7907%2C8019%2C8021-8023%2C8032%2C8036-8037%2C8039%2C8041%2C8047%2C8053-8055%2C8058-8059%2C8061-8062%2C8070%2C8080
r8094
  +dir_prop: branches/qmmp-0.12 svn:mergeinfo /branches/qmmp-0.10:7522%0A/branches/qmmp-1.0:5596%0A/branches/qmmp-1.1:5819%2C5968%2C6043%2C6172%2C6233%2C6442%0A/branches/qmmp-1.2:6799%2C6945%2C6975%2C7173%2C7382%2C7520%0A/trunk/qmmp:7783%2C7785%2C7787-7788%2C7792-7793%2C7798%2C7805%2C7807-7811%2C7813%2C7822%2C7824%2C7830%2C7834%2C7838%2C7840%2C7857-7858%2C7876%2C7905%2C7907%2C8019%2C8021-8023%2C8032%2C8036-8037%2C8039%2C8041%2C8047%2C8053-8055%2C8058-8059%2C8061-8062%2C8070%2C8080%2C8092
r8103
  +dir_prop: branches/qmmp-0.12 svn:mergeinfo /branches/qmmp-0.10:7522%0A/branches/qmmp-1.0:5596%0A/branches/qmmp-1.1:5819%2C5968%2C6043%2C6172%2C6233%2C6442%0A/branches/qmmp-1.2:6799%2C6945%2C6975%2C7173%2C7382%2C7520%0A/trunk/qmmp:7783%2C7785%2C7787-7788%2C7792-7793%2C7798%2C7805%2C7807-7811%2C7813%2C7822%2C7824%2C7830%2C7834%2C7838%2C7840%2C7857-7858%2C7876%2C7905%2C7907%2C8019%2C8021-8023%2C8032%2C8036-8037%2C8039%2C8041%2C8047%2C8053-8055%2C8058-8059%2C8061-8062%2C8070%2C8080%2C8092%2C8099-8102
r8110
  +dir_prop: branches/qmmp-0.12 svn:mergeinfo /branches/qmmp-0.10:7522%0A/branches/qmmp-1.0:5596%0A/branches/qmmp-1.1:5819%2C5968%2C6043%2C6172%2C6233%2C6442%0A/branches/qmmp-1.2:6799%2C6945%2C6975%2C7173%2C7382%2C7520%0A/trunk/qmmp:7783%2C7785%2C7787-7788%2C7792-7793%2C7798%2C7805%2C7807-7811%2C7813%2C7822%2C7824%2C7830%2C7834%2C7838%2C7840%2C7857-7858%2C7876%2C7905%2C7907%2C8019%2C8021-8023%2C8032%2C8036-8037%2C8039%2C8041%2C8047%2C8053-8055%2C8058-8059%2C8061-8062%2C8070%2C8080%2C8092%2C8099-8102%2C8109
r8121
r8122
r8142
  +dir_prop: branches/qmmp-0.12 svn:mergeinfo /branches/qmmp-0.10:7522%0A/branches/qmmp-1.0:5596%0A/branches/qmmp-1.1:5819%2C5968%2C6043%2C6172%2C6233%2C6442%0A/branches/qmmp-1.2:6799%2C6945%2C6975%2C7173%2C7382%2C7520%0A/trunk/qmmp:7783%2C7785%2C7787-7788%2C7792-7793%2C7798%2C7805%2C7807-7811%2C7813%2C7822%2C7824%2C7830%2C7834%2C7838%2C7840%2C7857-7858%2C7876%2C7905%2C7907%2C8019%2C8021-8023%2C8032%2C8036-8037%2C8039%2C8041%2C8047%2C8053-8055%2C8058-8059%2C8061-8062%2C8070%2C8080%2C8092%2C8099-8102%2C8109%2C8141
r8147
  +dir_prop: branches/qmmp-0.12 svn:mergeinfo /branches/qmmp-0.10:7522%0A/branches/qmmp-1.0:5596%0A/branches/qmmp-1.1:5819%2C5968%2C6043%2C6172%2C6233%2C6442%0A/branches/qmmp-1.2:6799%2C6945%2C6975%2C7173%2C7382%2C7520%0A/trunk/qmmp:7783%2C7785%2C7787-7788%2C7792-7793%2C7798%2C7805%2C7807-7811%2C7813%2C7822%2C7824%2C7830%2C7834%2C7838%2C7840%2C7857-7858%2C7876%2C7905%2C7907%2C8019%2C8021-8023%2C8032%2C8036-8037%2C8039%2C8041%2C8047%2C8053-8055%2C8058-8059%2C8061-8062%2C8070%2C8080%2C8092%2C8099-8102%2C8109%2C8141%2C8145
r8152
  +dir_prop: branches/qmmp-0.12 svn:mergeinfo /branches/qmmp-0.10:7522%0A/branches/qmmp-1.0:5596%0A/branches/qmmp-1.1:5819%2C5968%2C6043%2C6172%2C6233%2C6442%0A/branches/qmmp-1.2:6799%2C6945%2C6975%2C7173%2C7382%2C7520%0A/trunk/qmmp:7783%2C7785%2C7787-7788%2C7792-7793%2C7798%2C7805%2C7807-7811%2C7813%2C7822%2C7824%2C7830%2C7834%2C7838%2C7840%2C7857-7858%2C7876%2C7905%2C7907%2C8019%2C8021-8023%2C8032%2C8036-8037%2C8039%2C8041%2C8047%2C8053-8055%2C8058-8059%2C8061-8062%2C8070%2C8080%2C8092%2C8099-8102%2C8109%2C8141%2C8145%2C8151
r8193
  +dir_prop: branches/qmmp-0.12 svn:mergeinfo /branches/qmmp-0.10:7522%0A/branches/qmmp-1.0:5596%0A/branches/qmmp-1.1:5819%2C5968%2C6043%2C6172%2C6233%2C6442%0A/branches/qmmp-1.2:6799%2C6945%2C6975%2C7173%2C7382%2C7520%0A/trunk/qmmp:7783%2C7785%2C7787-7788%2C7792-7793%2C7798%2C7805%2C7807-7811%2C7813%2C7822%2C7824%2C7830%2C7834%2C7838%2C7840%2C7857-7858%2C7876%2C7905%2C7907%2C8019%2C8021-8023%2C8032%2C8036-8037%2C8039%2C8041%2C8047%2C8053-8055%2C8058-8059%2C8061-8062%2C8070%2C8080%2C8092%2C8099-8102%2C8109%2C8141%2C8145%2C8151%2C8192
r8194
r8204
  +dir_prop: branches/qmmp-0.12/src/plugins/Ui/qsui svn:mergeinfo /branches/qmmp-1.1/src/plugins/Ui/qsui:6172%0A/branches/qmmp-1.2/src/plugins/Ui/qsui:7382%0A/trunk/qmmp/src/plugins/Ui/qsui:7785%2C7788%2C7905%2C7921-8008%2C8019%2C8053-8055%2C8196-8203%0A/trunk/qmmp/src/plugins/Ui/skinned:5223%2C6018-6019%2C6022
r8209
  +dir_prop: branches/qmmp-0.12 svn:mergeinfo /branches/qmmp-0.10:7522%0A/branches/qmmp-1.0:5596%0A/branches/qmmp-1.1:5819%2C5968%2C6043%2C6172%2C6233%2C6442%0A/branches/qmmp-1.2:6799%2C6945%2C6975%2C7173%2C7382%2C7520%0A/trunk/qmmp:7783%2C7785%2C7787-7788%2C7792-7793%2C7798%2C7805%2C7807-7811%2C7813%2C7822%2C7824%2C7830%2C7834%2C7838%2C7840%2C7857-7858%2C7876%2C7905%2C7907%2C8019%2C8021-8023%2C8032%2C8036-8037%2C8039%2C8041%2C8047%2C8053-8055%2C8058-8059%2C8061-8062%2C8070%2C8080%2C8092%2C8099-8102%2C8109%2C8141%2C8145%2C8151%2C8192%2C8207
r8212
  +dir_prop: branches/qmmp-0.12 svn:mergeinfo /branches/qmmp-0.10:7522%0A/branches/qmmp-1.0:5596%0A/branches/qmmp-1.1:5819%2C5968%2C6043%2C6172%2C6233%2C6442%0A/branches/qmmp-1.2:6799%2C6945%2C6975%2C7173%2C7382%2C7520%0A/trunk/qmmp:7783%2C7785%2C7787-7788%2C7792-7793%2C7798%2C7805%2C7807-7811%2C7813%2C7822%2C7824%2C7830%2C7834%2C7838%2C7840%2C7857-7858%2C7876%2C7905%2C7907%2C8019%2C8021-8023%2C8032%2C8036-8037%2C8039%2C8041%2C8047%2C8053-8055%2C8058-8059%2C8061-8062%2C8070%2C8080%2C8092%2C8099-8102%2C8109%2C8141%2C8145%2C8151%2C8192%2C8207%2C8211
r8214
  +dir_prop: branches/qmmp-0.12 svn:mergeinfo /branches/qmmp-0.10:7522%0A/branches/qmmp-1.0:5596%0A/branches/qmmp-1.1:5819%2C5968%2C6043%2C6172%2C6233%2C6442%0A/branches/qmmp-1.2:6799%2C6945%2C6975%2C7173%2C7382%2C7520%0A/trunk/qmmp:7783%2C7785%2C7787-7788%2C7792-7793%2C7798%2C7805%2C7807-7811%2C7813%2C7822%2C7824%2C7830%2C7834%2C7838%2C7840%2C7857-7858%2C7876%2C7905%2C7907%2C8019%2C8021-8023%2C8032%2C8036-8037%2C8039%2C8041%2C8047%2C8053-8055%2C8058-8059%2C8061-8062%2C8070%2C8080%2C8092%2C8099-8102%2C8109%2C8141%2C8145%2C8151%2C8192%2C8207%2C8211%2C8213
r8217
r8220
  +dir_prop: branches/qmmp-0.12 svn:mergeinfo /branches/qmmp-0.10:7522%0A/branches/qmmp-1.0:5596%0A/branches/qmmp-1.1:5819%2C5968%2C6043%2C6172%2C6233%2C6442%0A/branches/qmmp-1.2:6799%2C6945%2C6975%2C7173%2C7382%2C7520%0A/trunk/qmmp:7783%2C7785%2C7787-7788%2C7792-7793%2C7798%2C7805%2C7807-7811%2C7813%2C7822%2C7824%2C7830%2C7834%2C7838%2C7840%2C7857-7858%2C7876%2C7905%2C7907%2C8019%2C8021-8023%2C8032%2C8036-8037%2C8039%2C8041%2C8047%2C8053-8055%2C8058-8059%2C8061-8062%2C8070%2C8080%2C8092%2C8099-8102%2C8109%2C8141%2C8145%2C8151%2C8192%2C8207%2C8211%2C8213%2C8218
r8236
  -empty_dir: branches/qmmp-0.12/src/plugins/Input/aac/aacmetadatamodel.cpp
  -empty_dir: branches/qmmp-0.12/src/plugins/Input/aac/aacmetadatamodel.h
  -empty_dir: branches/qmmp-0.12/src/plugins/Input/archive/archivemetadatamodel.cpp
  -empty_dir: branches/qmmp-0.12/src/plugins/Input/archive/archivemetadatamodel.h
r8237
r8243
r8246
  +dir_prop: branches/qmmp-0.12 svn:mergeinfo /branches/qmmp-0.10:7522%0A/branches/qmmp-1.0:5596%0A/branches/qmmp-1.1:5819%2C5968%2C6043%2C6172%2C6233%2C6442%0A/branches/qmmp-1.2:6799%2C6945%2C6975%2C7173%2C7382%2C7520%0A/trunk/qmmp:7783%2C7785%2C7787-7788%2C7792-7793%2C7798%2C7805%2C7807-7811%2C7813%2C7822%2C7824%2C7830%2C7834%2C7838%2C7840%2C7857-7858%2C7876%2C7905%2C7907%2C8019%2C8021-8023%2C8032%2C8036-8037%2C8039%2C8041%2C8047%2C8053-8055%2C8058-8059%2C8061-8062%2C8070%2C8080%2C8092%2C8099-8102%2C8109%2C8141%2C8145%2C8151%2C8192%2C8207%2C8211%2C8213%2C8218%2C8245
r8250
  +dir_prop: branches/qmmp-0.12 svn:mergeinfo /branches/qmmp-0.10:7522%0A/branches/qmmp-1.0:5596%0A/branches/qmmp-1.1:5819%2C5968%2C6043%2C6172%2C6233%2C6442%0A/branches/qmmp-1.2:6799%2C6945%2C6975%2C7173%2C7382%2C7520%0A/trunk/qmmp:7783%2C7785%2C7787-7788%2C7792-7793%2C7798%2C7805%2C7807-7811%2C7813%2C7822%2C7824%2C7830%2C7834%2C7838%2C7840%2C7857-7858%2C7876%2C7905%2C7907%2C8019%2C8021-8023%2C8032%2C8036-8037%2C8039%2C8041%2C8047%2C8053-8055%2C8058-8059%2C8061-8062%2C8070%2C8080%2C8092%2C8099-8102%2C8109%2C8141%2C8145%2C8151%2C8192%2C8207%2C8211%2C8213%2C8218%2C8245%2C8247-8248
r8253
  +dir_prop: branches/qmmp-0.12 svn:mergeinfo /branches/qmmp-0.10:7522%0A/branches/qmmp-1.0:5596%0A/branches/qmmp-1.1:5819%2C5968%2C6043%2C6172%2C6233%2C6442%0A/branches/qmmp-1.2:6799%2C6945%2C6975%2C7173%2C7382%2C7520%0A/trunk/qmmp:7783%2C7785%2C7787-7788%2C7792-7793%2C7798%2C7805%2C7807-7811%2C7813%2C7822%2C7824%2C7830%2C7834%2C7838%2C7840%2C7857-7858%2C7876%2C7905%2C7907%2C8019%2C8021-8023%2C8032%2C8036-8037%2C8039%2C8041%2C8047%2C8053-8055%2C8058-8059%2C8061-8062%2C8070%2C8080%2C8092%2C8099-8102%2C8109%2C8141%2C8145%2C8151%2C8192%2C8207%2C8211%2C8213%2C8218%2C8245%2C8247-8248%2C8252
r8257
  +dir_prop: branches/qmmp-0.12 svn:mergeinfo /branches/qmmp-0.10:7522%0A/branches/qmmp-1.0:5596%0A/branches/qmmp-1.1:5819%2C5968%2C6043%2C6172%2C6233%2C6442%0A/branches/qmmp-1.2:6799%2C6945%2C6975%2C7173%2C7382%2C7520%0A/trunk/qmmp:7783%2C7785%2C7787-7788%2C7792-7793%2C7798%2C7805%2C7807-7811%2C7813%2C7822%2C7824%2C7830%2C7834%2C7838%2C7840%2C7857-7858%2C7876%2C7905%2C7907%2C8019%2C8021-8023%2C8032%2C8036-8037%2C8039%2C8041%2C8047%2C8053-8055%2C8058-8059%2C8061-8062%2C8070%2C8080%2C8092%2C8099-8102%2C8109%2C8141%2C8145%2C8151%2C8192%2C8207%2C8211%2C8213%2C8218%2C8245%2C8247-8248%2C8252%2C8255
r8260
  +dir_prop: branches/qmmp-0.12 svn:mergeinfo /branches/qmmp-0.10:7522%0A/branches/qmmp-1.0:5596%0A/branches/qmmp-1.1:5819%2C5968%2C6043%2C6172%2C6233%2C6442%0A/branches/qmmp-1.2:6799%2C6945%2C6975%2C7173%2C7382%2C7520%0A/trunk/qmmp:7783%2C7785%2C7787-7788%2C7792-7793%2C7798%2C7805%2C7807-7811%2C7813%2C7822%2C7824%2C7830%2C7834%2C7838%2C7840%2C7857-7858%2C7876%2C7905%2C7907%2C8019%2C8021-8023%2C8032%2C8036-8037%2C8039%2C8041%2C8047%2C8053-8055%2C8058-8059%2C8061-8062%2C8070%2C8080%2C8092%2C8099-8102%2C8109%2C8141%2C8145%2C8151%2C8192%2C8207%2C8211%2C8213%2C8218%2C8245%2C8247-8248%2C8252%2C8255%2C8259
r8262
r8265
  +dir_prop: branches/qmmp-0.12 svn:mergeinfo /branches/qmmp-0.10:7522%0A/branches/qmmp-1.0:5596%0A/branches/qmmp-1.1:5819%2C5968%2C6043%2C6172%2C6233%2C6442%0A/branches/qmmp-1.2:6799%2C6945%2C6975%2C7173%2C7382%2C7520%0A/trunk/qmmp:7783%2C7785%2C7787-7788%2C7792-7793%2C7798%2C7805%2C7807-7811%2C7813%2C7822%2C7824%2C7830%2C7834%2C7838%2C7840%2C7857-7858%2C7876%2C7905%2C7907%2C8019%2C8021-8023%2C8032%2C8036-8037%2C8039%2C8041%2C8047%2C8053-8055%2C8058-8059%2C8061-8062%2C8070%2C8080%2C8092%2C8099-8102%2C8109%2C8141%2C8145%2C8151%2C8192%2C8207%2C8211%2C8213%2C8218%2C8245%2C8247-8248%2C8252%2C8255%2C8259%2C8263
r8269
r8274
r8280
r8286
  +dir_prop: branches/qmmp-0.12 svn:mergeinfo /branches/qmmp-0.10:7522%0A/branches/qmmp-1.0:5596%0A/branches/qmmp-1.1:5819%2C5968%2C6043%2C6172%2C6233%2C6442%0A/branches/qmmp-1.2:6799%2C6945%2C6975%2C7173%2C7382%2C7520%0A/trunk/qmmp:7783%2C7785%2C7787-7788%2C7792-7793%2C7798%2C7805%2C7807-7811%2C7813%2C7822%2C7824%2C7830%2C7834%2C7838%2C7840%2C7857-7858%2C7876%2C7905%2C7907%2C8019%2C8021-8023%2C8032%2C8036-8037%2C8039%2C8041%2C8047%2C8053-8055%2C8058-8059%2C8061-8062%2C8070%2C8080%2C8092%2C8099-8102%2C8109%2C8141%2C8145%2C8151%2C8192%2C8207%2C8211%2C8213%2C8218%2C8245%2C8247-8248%2C8252%2C8255%2C8259%2C8263%2C8284
r8288
r8290
r8294
  +dir_prop: branches/qmmp-0.12 svn:mergeinfo /branches/qmmp-0.10:7522%0A/branches/qmmp-1.0:5596%0A/branches/qmmp-1.1:5819%2C5968%2C6043%2C6172%2C6233%2C6442%0A/branches/qmmp-1.2:6799%2C6945%2C6975%2C7173%2C7382%2C7520%0A/trunk/qmmp:7783%2C7785%2C7787-7788%2C7792-7793%2C7798%2C7805%2C7807-7811%2C7813%2C7822%2C7824%2C7830%2C7834%2C7838%2C7840%2C7857-7858%2C7876%2C7905%2C7907%2C8019%2C8021-8023%2C8032%2C8036-8037%2C8039%2C8041%2C8047%2C8053-8055%2C8058-8059%2C8061-8062%2C8070%2C8080%2C8092%2C8099-8102%2C8109%2C8141%2C8145%2C8151%2C8192%2C8207%2C8211%2C8213%2C8218%2C8245%2C8247-8248%2C8252%2C8255%2C8259%2C8263%2C8284%2C8293
r8300
r8303
r8307
r8308
  +dir_prop: branches/qmmp-0.12 svn:mergeinfo /branches/qmmp-0.10:7522%0A/branches/qmmp-1.0:5596%0A/branches/qmmp-1.1:5819%2C5968%2C6043%2C6172%2C6233%2C6442%0A/branches/qmmp-1.2:6799%2C6945%2C6975%2C7173%2C7382%2C7520%0A/trunk/qmmp:7783%2C7785%2C7787-7788%2C7792-7793%2C7798%2C7805%2C7807-7811%2C7813%2C7822%2C7824%2C7830%2C7834%2C7838%2C7840%2C7857-7858%2C7876%2C7905%2C7907%2C8019%2C8021-8023%2C8032%2C8036-8037%2C8039%2C8041%2C8047%2C8053-8055%2C8058-8059%2C8061-8062%2C8070%2C8080%2C8092%2C8099-8102%2C8109%2C8141%2C8145%2C8151%2C8192%2C8207%2C8211%2C8213%2C8218%2C8245%2C8247-8248%2C8252%2C8255%2C8259%2C8263%2C8284%2C8293%2C8295-8296%2C8299%2C8305
r8311
r8327
  +dir_prop: branches/qmmp-0.12 svn:mergeinfo /branches/qmmp-0.10:7522%0A/branches/qmmp-1.0:5596%0A/branches/qmmp-1.1:5819%2C5968%2C6043%2C6172%2C6233%2C6442%0A/branches/qmmp-1.2:6799%2C6945%2C6975%2C7173%2C7382%2C7520%0A/trunk/qmmp:7783%2C7785%2C7787-7788%2C7792-7793%2C7798%2C7805%2C7807-7811%2C7813%2C7822%2C7824%2C7830%2C7834%2C7838%2C7840%2C7857-7858%2C7876%2C7905%2C7907%2C8019%2C8021-8023%2C8032%2C8036-8037%2C8039%2C8041%2C8047%2C8053-8055%2C8058-8059%2C8061-8062%2C8070%2C8080%2C8092%2C8099-8102%2C8109%2C8141%2C8145%2C8151%2C8192%2C8207%2C8211%2C8213%2C8218%2C8245%2C8247-8248%2C8252%2C8255%2C8259%2C8263%2C8284%2C8293%2C8295-8296%2C8299%2C8305%2C8326
r8328
  +dir_prop: branches/qmmp-0.12 svn:mergeinfo /branches/qmmp-0.10:7522%0A/branches/qmmp-1.0:5596%0A/branches/qmmp-1.1:5819%2C5968%2C6043%2C6172%2C6233%2C6442%0A/branches/qmmp-1.2:6799%2C6945%2C6975%2C7173%2C7382%2C7520%0A/trunk/qmmp:7783%2C7785%2C7787-7788%2C7792-7793%2C7798%2C7805%2C7807-7811%2C7813%2C7822%2C7824%2C7830%2C7834%2C7838%2C7840%2C7857-7858%2C7876%2C7905%2C7907%2C8019%2C8021-8023%2C8032%2C8036-8037%2C8039%2C8041%2C8047%2C8053-8055%2C8058-8059%2C8061-8062%2C8070%2C8080%2C8092%2C8099-8102%2C8109%2C8141%2C8145%2C8151%2C8192%2C8207%2C8211%2C8213%2C8218%2C8245%2C8247-8248%2C8252%2C8255%2C8259%2C8263%2C8284%2C8293%2C8295-8296%2C8299%2C8305%2C8324%2C8326
r8337
r8354
  +dir_prop: branches/qmmp-0.12 svn:mergeinfo /branches/qmmp-0.10:7522%0A/branches/qmmp-1.0:5596%0A/branches/qmmp-1.1:5819%2C5968%2C6043%2C6172%2C6233%2C6442%0A/branches/qmmp-1.2:6799%2C6945%2C6975%2C7173%2C7382%2C7520%0A/trunk/qmmp:7783%2C7785%2C7787-7788%2C7792-7793%2C7798%2C7805%2C7807-7811%2C7813%2C7822%2C7824%2C7830%2C7834%2C7838%2C7840%2C7857-7858%2C7876%2C7905%2C7907%2C8019%2C8021-8023%2C8032%2C8036-8037%2C8039%2C8041%2C8047%2C8053-8055%2C8058-8059%2C8061-8062%2C8070%2C8080%2C8092%2C8099-8102%2C8109%2C8141%2C8145%2C8151%2C8192%2C8207%2C8211%2C8213%2C8218%2C8245%2C8247-8248%2C8252%2C8255%2C8259%2C8263%2C8284%2C8293%2C8295-8296%2C8299%2C8305%2C8324%2C8326%2C8353
r8367
  +dir_prop: branches/qmmp-0.12 svn:mergeinfo /branches/qmmp-0.10:7522%0A/branches/qmmp-1.0:5596%0A/branches/qmmp-1.1:5819%2C5968%2C6043%2C6172%2C6233%2C6442%0A/branches/qmmp-1.2:6799%2C6945%2C6975%2C7173%2C7382%2C7520%0A/trunk/qmmp:7783%2C7785%2C7787-7788%2C7792-7793%2C7798%2C7805%2C7807-7811%2C7813%2C7822%2C7824%2C7830%2C7834%2C7838%2C7840%2C7857-7858%2C7876%2C7905%2C7907%2C8019%2C8021-8023%2C8032%2C8036-8037%2C8039%2C8041%2C8047%2C8053-8055%2C8058-8059%2C8061-8062%2C8070%2C8080%2C8092%2C8099-8102%2C8109%2C8141%2C8145%2C8151%2C8192%2C8207%2C8211%2C8213%2C8218%2C8245%2C8247-8248%2C8252%2C8255%2C8259%2C8263%2C8284%2C8293%2C8295-8296%2C8299%2C8305%2C8324%2C8326%2C8353%2C8355
r8368
r8369
  +dir_prop: branches/qmmp-0.12 svn:mergeinfo /branches/qmmp-0.10:7522%0A/branches/qmmp-1.0:5596%0A/branches/qmmp-1.1:5819%2C5968%2C6043%2C6172%2C6233%2C6442%0A/branches/qmmp-1.2:6799%2C6945%2C6975%2C7173%2C7382%2C7520%0A/trunk/qmmp:7783%2C7785%2C7787-7788%2C7792-7793%2C7798%2C7805%2C7807-7811%2C7813%2C7822%2C7824%2C7830%2C7834%2C7838%2C7840%2C7857-7858%2C7876%2C7905%2C7907%2C8019%2C8021-8023%2C8032%2C8036-8037%2C8039%2C8041%2C8047%2C8053-8055%2C8058-8059%2C8061-8062%2C8070%2C8080%2C8092%2C8099-8102%2C8109%2C8141%2C8145%2C8151%2C8192%2C8207%2C8211%2C8213%2C8218%2C8245%2C8247-8248%2C8252%2C8255%2C8259%2C8263%2C8284%2C8293%2C8295-8296%2C8299%2C8305%2C8324%2C8326%2C8353%2C8355%2C8359
r8370
r8371
r8373
r8376
r8377
r8378
r8381
  +dir_prop: branches/qmmp-0.12/src/plugins/Ui/qsui svn:mergeinfo /branches/qmmp-1.1/src/plugins/Ui/qsui:6172%0A/branches/qmmp-1.2/src/plugins/Ui/qsui:7382%0A/trunk/qmmp/src/plugins/Ui/qsui:7785%2C7788%2C7905%2C7921-8008%2C8019%2C8053-8055%2C8196-8203%2C8380%0A/trunk/qmmp/src/plugins/Ui/skinned:5223%2C6018-6019%2C6022
r8384
  +dir_prop: branches/qmmp-0.12 svn:mergeinfo /branches/qmmp-0.10:7522%0A/branches/qmmp-1.0:5596%0A/branches/qmmp-1.1:5819%2C5968%2C6043%2C6172%2C6233%2C6442%0A/branches/qmmp-1.2:6799%2C6945%2C6975%2C7173%2C7382%2C7520%0A/trunk/qmmp:7783%2C7785%2C7787-7788%2C7792-7793%2C7798%2C7805%2C7807-7811%2C7813%2C7822%2C7824%2C7830%2C7834%2C7838%2C7840%2C7857-7858%2C7876%2C7905%2C7907%2C8019%2C8021-8023%2C8032%2C8036-8037%2C8039%2C8041%2C8047%2C8053-8055%2C8058-8059%2C8061-8062%2C8070%2C8080%2C8092%2C8099-8102%2C8109%2C8141%2C8145%2C8151%2C8192%2C8207%2C8211%2C8213%2C8218%2C8245%2C8247-8248%2C8252%2C8255%2C8259%2C8263%2C8284%2C8293%2C8295-8296%2C8299%2C8305%2C8324%2C8326%2C8353%2C8355%2C8359%2C8382-8383
r8385
r8387
r8390
  +dir_prop: branches/qmmp-0.12 svn:mergeinfo /branches/qmmp-0.10:7522%0A/branches/qmmp-1.0:5596%0A/branches/qmmp-1.1:5819%2C5968%2C6043%2C6172%2C6233%2C6442%0A/branches/qmmp-1.2:6799%2C6945%2C6975%2C7173%2C7382%2C7520%0A/trunk/qmmp:7783%2C7785%2C7787-7788%2C7792-7793%2C7798%2C7805%2C7807-7811%2C7813%2C7822%2C7824%2C7830%2C7834%2C7838%2C7840%2C7857-7858%2C7876%2C7905%2C7907%2C8019%2C8021-8023%2C8032%2C8036-8037%2C8039%2C8041%2C8047%2C8053-8055%2C8058-8059%2C8061-8062%2C8070%2C8080%2C8092%2C8099-8102%2C8109%2C8141%2C8145%2C8151%2C8192%2C8207%2C8211%2C8213%2C8218%2C8245%2C8247-8248%2C8252%2C8255%2C8259%2C8263%2C8284%2C8293%2C8295-8296%2C8299%2C8305%2C8324%2C8326%2C8353%2C8355%2C8359%2C8382-8383%2C8388-8389
r8392
r8400
  +dir_prop: branches/qmmp-0.12 svn:mergeinfo /branches/qmmp-0.10:7522%0A/branches/qmmp-1.0:5596%0A/branches/qmmp-1.1:5819%2C5968%2C6043%2C6172%2C6233%2C6442%0A/branches/qmmp-1.2:6799%2C6945%2C6975%2C7173%2C7382%2C7520%0A/trunk/qmmp:7783%2C7785%2C7787-7788%2C7792-7793%2C7798%2C7805%2C7807-7811%2C7813%2C7822%2C7824%2C7830%2C7834%2C7838%2C7840%2C7857-7858%2C7876%2C7905%2C7907%2C8019%2C8021-8023%2C8032%2C8036-8037%2C8039%2C8041%2C8047%2C8053-8055%2C8058-8059%2C8061-8062%2C8070%2C8080%2C8092%2C8099-8102%2C8109%2C8141%2C8145%2C8151%2C8192%2C8207%2C8211%2C8213%2C8218%2C8245%2C8247-8248%2C8252%2C8255%2C8259%2C8263%2C8284%2C8293%2C8295-8296%2C8299%2C8305%2C8324%2C8326%2C8353%2C8355%2C8359%2C8382-8383%2C8388-8389%2C8399
  +dir_prop: branches/qmmp-0.12/src/plugins/Ui/qsui svn:mergeinfo /branches/qmmp-1.1/src/plugins/Ui/qsui:6172%0A/branches/qmmp-1.2/src/plugins/Ui/qsui:7382%0A/trunk/qmmp/src/plugins/Ui/qsui:7785%2C7788%2C7905%2C7921-8008%2C8019%2C8053-8055%2C8196-8203%2C8380%2C8399%0A/trunk/qmmp/src/plugins/Ui/skinned:5223%2C6018-6019%2C6022
r8402
  +dir_prop: branches/qmmp-0.12 svn:mergeinfo /branches/qmmp-0.10:7522%0A/branches/qmmp-1.0:5596%0A/branches/qmmp-1.1:5819%2C5968%2C6043%2C6172%2C6233%2C6442%0A/branches/qmmp-1.2:6799%2C6945%2C6975%2C7173%2C7382%2C7520%0A/trunk/qmmp:7783%2C7785%2C7787-7788%2C7792-7793%2C7798%2C7805%2C7807-7811%2C7813%2C7822%2C7824%2C7830%2C7834%2C7838%2C7840%2C7857-7858%2C7876%2C7905%2C7907%2C8019%2C8021-8023%2C8032%2C8036-8037%2C8039%2C8041%2C8047%2C8053-8055%2C8058-8059%2C8061-8062%2C8070%2C8080%2C8092%2C8099-8102%2C8109%2C8141%2C8145%2C8151%2C8192%2C8207%2C8211%2C8213%2C8218%2C8245%2C8247-8248%2C8252%2C8255%2C8259%2C8263%2C8284%2C8293%2C8295-8296%2C8299%2C8305%2C8324%2C8326%2C8353%2C8355%2C8359%2C8382-8383%2C8388-8389%2C8399%2C8401
r8404
  +dir_prop: branches/qmmp-0.12 svn:mergeinfo /branches/qmmp-0.10:7522%0A/branches/qmmp-1.0:5596%0A/branches/qmmp-1.1:5819%2C5968%2C6043%2C6172%2C6233%2C6442%0A/branches/qmmp-1.2:6799%2C6945%2C6975%2C7173%2C7382%2C7520%0A/trunk/qmmp:7783%2C7785%2C7787-7788%2C7792-7793%2C7798%2C7805%2C7807-7811%2C7813%2C7822%2C7824%2C7830%2C7834%2C7838%2C7840%2C7857-7858%2C7876%2C7905%2C7907%2C8019%2C8021-8023%2C8032%2C8036-8037%2C8039%2C8041%2C8047%2C8053-8055%2C8058-8059%2C8061-8062%2C8070%2C8080%2C8092%2C8099-8102%2C8109%2C8141%2C8145%2C8151%2C8192%2C8207%2C8211%2C8213%2C8218%2C8245%2C8247-8248%2C8252%2C8255%2C8259%2C8263%2C8284%2C8293%2C8295-8296%2C8299%2C8305%2C8324%2C8326%2C8353%2C8355%2C8359%2C8382-8383%2C8388-8389%2C8399%2C8401%2C8403
  +dir_prop: branches/qmmp-0.12/src/plugins/Ui/qsui svn:mergeinfo /branches/qmmp-1.1/src/plugins/Ui/qsui:6172%0A/branches/qmmp-1.2/src/plugins/Ui/qsui:7382%0A/trunk/qmmp/src/plugins/Ui/qsui:7785%2C7788%2C7905%2C7921-8008%2C8019%2C8053-8055%2C8196-8203%2C8380%2C8399%2C8403%0A/trunk/qmmp/src/plugins/Ui/skinned:5223%2C6018-6019%2C6022
r8406
  +dir_prop: branches/qmmp-0.12 svn:mergeinfo /branches/qmmp-0.10:7522%0A/branches/qmmp-1.0:5596%0A/branches/qmmp-1.1:5819%2C5968%2C6043%2C6172%2C6233%2C6442%0A/branches/qmmp-1.2:6799%2C6945%2C6975%2C7173%2C7382%2C7520%0A/trunk/qmmp:7783%2C7785%2C7787-7788%2C7792-7793%2C7798%2C7805%2C7807-7811%2C7813%2C7822%2C7824%2C7830%2C7834%2C7838%2C7840%2C7857-7858%2C7876%2C7905%2C7907%2C8019%2C8021-8023%2C8032%2C8036-8037%2C8039%2C8041%2C8047%2C8053-8055%2C8058-8059%2C8061-8062%2C8070%2C8080%2C8092%2C8099-8102%2C8109%2C8141%2C8145%2C8151%2C8192%2C8207%2C8211%2C8213%2C8218%2C8245%2C8247-8248%2C8252%2C8255%2C8259%2C8263%2C8284%2C8293%2C8295-8296%2C8299%2C8305%2C8324%2C8326%2C8353%2C8355%2C8359%2C8382-8383%2C8388-8389%2C8399%2C8401%2C8403%2C8405
r8410
r8412
r8417
r8420
  +dir_prop: branches/qmmp-0.12 svn:mergeinfo /branches/qmmp-0.10:7522%0A/branches/qmmp-1.0:5596%0A/branches/qmmp-1.1:5819%2C5968%2C6043%2C6172%2C6233%2C6442%0A/branches/qmmp-1.2:6799%2C6945%2C6975%2C7173%2C7382%2C7520%0A/trunk/qmmp:7783%2C7785%2C7787-7788%2C7792-7793%2C7798%2C7805%2C7807-7811%2C7813%2C7822%2C7824%2C7830%2C7834%2C7838%2C7840%2C7857-7858%2C7876%2C7905%2C7907%2C8019%2C8021-8023%2C8032%2C8036-8037%2C8039%2C8041%2C8047%2C8053-8055%2C8058-8059%2C8061-8062%2C8070%2C8080%2C8092%2C8099-8102%2C8109%2C8141%2C8145%2C8151%2C8192%2C8207%2C8211%2C8213%2C8218%2C8245%2C8247-8248%2C8252%2C8255%2C8259%2C8263%2C8284%2C8293%2C8295-8296%2C8299%2C8305%2C8324%2C8326%2C8353%2C8355%2C8359%2C8382-8383%2C8388-8389%2C8399%2C8401%2C8403%2C8405%2C8418-8419
r8422
r8426
r8428
  +dir_prop: branches/qmmp-0.12 svn:mergeinfo /branches/qmmp-0.10:7522%0A/branches/qmmp-1.0:5596%0A/branches/qmmp-1.1:5819%2C5968%2C6043%2C6172%2C6233%2C6442%0A/branches/qmmp-1.2:6799%2C6945%2C6975%2C7173%2C7382%2C7520%0A/trunk/qmmp:7783%2C7785%2C7787-7788%2C7792-7793%2C7798%2C7805%2C7807-7811%2C7813%2C7822%2C7824%2C7830%2C7834%2C7838%2C7840%2C7857-7858%2C7876%2C7905%2C7907%2C8019%2C8021-8023%2C8032%2C8036-8037%2C8039%2C8041%2C8047%2C8053-8055%2C8058-8059%2C8061-8062%2C8070%2C8080%2C8092%2C8099-8102%2C8109%2C8141%2C8145%2C8151%2C8192%2C8207%2C8211%2C8213%2C8218%2C8245%2C8247-8248%2C8252%2C8255%2C8259%2C8263%2C8284%2C8293%2C8295-8296%2C8299%2C8305%2C8324%2C8326%2C8353%2C8355%2C8359%2C8382-8383%2C8388-8389%2C8399%2C8401%2C8403%2C8405%2C8418-8419%2C8427
r8430
  +dir_prop: branches/qmmp-0.12 svn:mergeinfo /branches/qmmp-0.10:7522%0A/branches/qmmp-1.0:5596%0A/branches/qmmp-1.1:5819%2C5968%2C6043%2C6172%2C6233%2C6442%0A/branches/qmmp-1.2:6799%2C6945%2C6975%2C7173%2C7382%2C7520%0A/trunk/qmmp:7783%2C7785%2C7787-7788%2C7792-7793%2C7798%2C7805%2C7807-7811%2C7813%2C7822%2C7824%2C7830%2C7834%2C7838%2C7840%2C7857-7858%2C7876%2C7905%2C7907%2C8019%2C8021-8023%2C8032%2C8036-8037%2C8039%2C8041%2C8047%2C8053-8055%2C8058-8059%2C8061-8062%2C8070%2C8080%2C8092%2C8099-8102%2C8109%2C8141%2C8145%2C8151%2C8192%2C8207%2C8211%2C8213%2C8218%2C8245%2C8247-8248%2C8252%2C8255%2C8259%2C8263%2C8284%2C8293%2C8295-8296%2C8299%2C8305%2C8324%2C8326%2C8353%2C8355%2C8359%2C8382-8383%2C8388-8389%2C8399%2C8401%2C8403%2C8405%2C8418-8419%2C8427%2C8429
r8432
r8442
  +dir_prop: branches/qmmp-0.12 svn:mergeinfo /branches/qmmp-0.10:7522%0A/branches/qmmp-1.0:5596%0A/branches/qmmp-1.1:5819%2C5968%2C6043%2C6172%2C6233%2C6442%0A/branches/qmmp-1.2:6799%2C6945%2C6975%2C7173%2C7382%2C7520%0A/trunk/qmmp:7783%2C7785%2C7787-7788%2C7792-7793%2C7798%2C7805%2C7807-7811%2C7813%2C7822%2C7824%2C7830%2C7834%2C7838%2C7840%2C7857-7858%2C7876%2C7905%2C7907%2C8019%2C8021-8023%2C8032%2C8036-8037%2C8039%2C8041%2C8047%2C8053-8055%2C8058-8059%2C8061-8062%2C8070%2C8080%2C8092%2C8099-8102%2C8109%2C8141%2C8145%2C8151%2C8192%2C8207%2C8211%2C8213%2C8218%2C8245%2C8247-8248%2C8252%2C8255%2C8259%2C8263%2C8284%2C8293%2C8295-8296%2C8299%2C8305%2C8324%2C8326%2C8353%2C8355%2C8359%2C8382-8383%2C8388-8389%2C8399%2C8401%2C8403%2C8405%2C8418-8419%2C8427%2C8429%2C8435-8436
r8444
r8447
  +dir_prop: branches/qmmp-0.12 svn:mergeinfo /branches/qmmp-0.10:7522%0A/branches/qmmp-1.0:5596%0A/branches/qmmp-1.1:5819%2C5968%2C6043%2C6172%2C6233%2C6442%0A/branches/qmmp-1.2:6799%2C6945%2C6975%2C7173%2C7382%2C7520%0A/trunk/qmmp:7783%2C7785%2C7787-7788%2C7792-7793%2C7798%2C7805%2C7807-7811%2C7813%2C7822%2C7824%2C7830%2C7834%2C7838%2C7840%2C7857-7858%2C7876%2C7905%2C7907%2C8019%2C8021-8023%2C8032%2C8036-8037%2C8039%2C8041%2C8047%2C8053-8055%2C8058-8059%2C8061-8062%2C8070%2C8080%2C8092%2C8099-8102%2C8109%2C8141%2C8145%2C8151%2C8192%2C8207%2C8211%2C8213%2C8218%2C8245%2C8247-8248%2C8252%2C8255%2C8259%2C8263%2C8284%2C8293%2C8295-8296%2C8299%2C8305%2C8324%2C8326%2C8353%2C8355%2C8359%2C8382-8383%2C8388-8389%2C8399%2C8401%2C8403%2C8405%2C8418-8419%2C8427%2C8429%2C8435-8436%2C8446
r8456
r8457
  +dir_prop: branches/qmmp-0.12 svn:mergeinfo /branches/qmmp-0.10:7522%0A/branches/qmmp-1.0:5596%0A/branches/qmmp-1.1:5819%2C5968%2C6043%2C6172%2C6233%2C6442%0A/branches/qmmp-1.2:6799%2C6945%2C6975%2C7173%2C7382%2C7520%0A/trunk/qmmp:7783%2C7785%2C7787-7788%2C7792-7793%2C7798%2C7805%2C7807-7811%2C7813%2C7822%2C7824%2C7830%2C7834%2C7838%2C7840%2C7857-7858%2C7876%2C7905%2C7907%2C8019%2C8021-8023%2C8032%2C8036-8037%2C8039%2C8041%2C8047%2C8053-8055%2C8058-8059%2C8061-8062%2C8070%2C8080%2C8092%2C8099-8102%2C8109%2C8141%2C8145%2C8151%2C8192%2C8207%2C8211%2C8213%2C8218%2C8245%2C8247-8248%2C8252%2C8255%2C8259%2C8263%2C8284%2C8293%2C8295-8296%2C8299%2C8305%2C8324%2C8326%2C8353%2C8355%2C8359%2C8382-8383%2C8388-8389%2C8399%2C8401%2C8403%2C8405%2C8418-8419%2C8427%2C8429%2C8435-8436%2C8446%2C8455
r8461
  +dir_prop: branches/qmmp-0.12 svn:mergeinfo /branches/qmmp-0.10:7522%0A/branches/qmmp-1.0:5596%0A/branches/qmmp-1.1:5819%2C5968%2C6043%2C6172%2C6233%2C6442%0A/branches/qmmp-1.2:6799%2C6945%2C6975%2C7173%2C7382%2C7520%0A/trunk/qmmp:7783%2C7785%2C7787-7788%2C7792-7793%2C7798%2C7805%2C7807-7811%2C7813%2C7822%2C7824%2C7830%2C7834%2C7838%2C7840%2C7857-7858%2C7876%2C7905%2C7907%2C8019%2C8021-8023%2C8032%2C8036-8037%2C8039%2C8041%2C8047%2C8053-8055%2C8058-8059%2C8061-8062%2C8070%2C8080%2C8092%2C8099-8102%2C8109%2C8141%2C8145%2C8151%2C8192%2C8207%2C8211%2C8213%2C8218%2C8245%2C8247-8248%2C8252%2C8255%2C8259%2C8263%2C8284%2C8293%2C8295-8296%2C8299%2C8305%2C8324%2C8326%2C8353%2C8355%2C8359%2C8382-8383%2C8388-8389%2C8399%2C8401%2C8403%2C8405%2C8418-8419%2C8427%2C8429%2C8435-8436%2C8446%2C8455%2C8459
r8475
  +dir_prop: branches/qmmp-0.12 svn:mergeinfo /branches/qmmp-0.10:7522%0A/branches/qmmp-1.0:5596%0A/branches/qmmp-1.1:5819%2C5968%2C6043%2C6172%2C6233%2C6442%0A/branches/qmmp-1.2:6799%2C6945%2C6975%2C7173%2C7382%2C7520%0A/trunk/qmmp:7783%2C7785%2C7787-7788%2C7792-7793%2C7798%2C7805%2C7807-7811%2C7813%2C7822%2C7824%2C7830%2C7834%2C7838%2C7840%2C7857-7858%2C7876%2C7905%2C7907%2C8019%2C8021-8023%2C8032%2C8036-8037%2C8039%2C8041%2C8047%2C8053-8055%2C8058-8059%2C8061-8062%2C8070%2C8080%2C8092%2C8099-8102%2C8109%2C8141%2C8145%2C8151%2C8192%2C8207%2C8211%2C8213%2C8218%2C8245%2C8247-8248%2C8252%2C8255%2C8259%2C8263%2C8284%2C8293%2C8295-8296%2C8299%2C8305%2C8324%2C8326%2C8353%2C8355%2C8359%2C8382-8383%2C8388-8389%2C8399%2C8401%2C8403%2C8405%2C8418-8419%2C8427%2C8429%2C8435-8436%2C8446%2C8455%2C8459%2C8470
r8476
  +dir_prop: branches/qmmp-0.12 svn:mergeinfo /branches/qmmp-0.10:7522%0A/branches/qmmp-1.0:5596%0A/branches/qmmp-1.1:5819%2C5968%2C6043%2C6172%2C6233%2C6442%0A/branches/qmmp-1.2:6799%2C6945%2C6975%2C7173%2C7382%2C7520%0A/trunk/qmmp:7783%2C7785%2C7787-7788%2C7792-7793%2C7798%2C7805%2C7807-7811%2C7813%2C7822%2C7824%2C7830%2C7834%2C7838%2C7840%2C7857-7858%2C7876%2C7905%2C7907%2C8019%2C8021-8023%2C8032%2C8036-8037%2C8039%2C8041%2C8047%2C8053-8055%2C8058-8059%2C8061-8062%2C8070%2C8080%2C8092%2C8099-8102%2C8109%2C8141%2C8145%2C8151%2C8192%2C8207%2C8211%2C8213%2C8218%2C8245%2C8247-8248%2C8252%2C8255%2C8259%2C8263%2C8284%2C8293%2C8295-8296%2C8299%2C8305%2C8324%2C8326%2C8353%2C8355%2C8359%2C8382-8383%2C8388-8389%2C8399%2C8401%2C8403%2C8405%2C8418-8419%2C8427%2C8429%2C8435-8436%2C8446%2C8455%2C8459%2C8470%2C8473
r8477
r8478
r8480
  +dir_prop: branches/qmmp-0.12 svn:mergeinfo /branches/qmmp-0.10:7522%0A/branches/qmmp-1.0:5596%0A/branches/qmmp-1.1:5819%2C5968%2C6043%2C6172%2C6233%2C6442%0A/branches/qmmp-1.2:6799%2C6945%2C6975%2C7173%2C7382%2C7520%0A/trunk/qmmp:7783%2C7785%2C7787-7788%2C7792-7793%2C7798%2C7805%2C7807-7811%2C7813%2C7822%2C7824%2C7830%2C7834%2C7838%2C7840%2C7857-7858%2C7876%2C7905%2C7907%2C8019%2C8021-8023%2C8032%2C8036-8037%2C8039%2C8041%2C8047%2C8053-8055%2C8058-8059%2C8061-8062%2C8070%2C8080%2C8092%2C8099-8102%2C8109%2C8141%2C8145%2C8151%2C8192%2C8207%2C8211%2C8213%2C8218%2C8245%2C8247-8248%2C8252%2C8255%2C8259%2C8263%2C8284%2C8293%2C8295-8296%2C8299%2C8305%2C8324%2C8326%2C8353%2C8355%2C8359%2C8382-8383%2C8388-8389%2C8399%2C8401%2C8403%2C8405%2C8418-8419%2C8427%2C8429%2C8435-8436%2C8446%2C8455%2C8459%2C8470%2C8473%2C8479
r8482
  +dir_prop: branches/qmmp-0.12 svn:mergeinfo /branches/qmmp-0.10:7522%0A/branches/qmmp-1.0:5596%0A/branches/qmmp-1.1:5819%2C5968%2C6043%2C6172%2C6233%2C6442%0A/branches/qmmp-1.2:6799%2C6945%2C6975%2C7173%2C7382%2C7520%0A/trunk/qmmp:7783%2C7785%2C7787-7788%2C7792-7793%2C7798%2C7805%2C7807-7811%2C7813%2C7822%2C7824%2C7830%2C7834%2C7838%2C7840%2C7857-7858%2C7876%2C7905%2C7907%2C8019%2C8021-8023%2C8032%2C8036-8037%2C8039%2C8041%2C8047%2C8053-8055%2C8058-8059%2C8061-8062%2C8070%2C8080%2C8092%2C8099-8102%2C8109%2C8141%2C8145%2C8151%2C8192%2C8207%2C8211%2C8213%2C8218%2C8245%2C8247-8248%2C8252%2C8255%2C8259%2C8263%2C8284%2C8293%2C8295-8296%2C8299%2C8305%2C8324%2C8326%2C8353%2C8355%2C8359%2C8382-8383%2C8388-8389%2C8399%2C8401%2C8403%2C8405%2C8418-8419%2C8427%2C8429%2C8435-8436%2C8446%2C8455%2C8459%2C8470%2C8473%2C8479%2C8481
r8483
r8487
r8489
  +dir_prop: branches/qmmp-0.12 svn:mergeinfo /branches/qmmp-0.10:7522%0A/branches/qmmp-1.0:5596%0A/branches/qmmp-1.1:5819%2C5968%2C6043%2C6172%2C6233%2C6442%0A/branches/qmmp-1.2:6799%2C6945%2C6975%2C7173%2C7382%2C7520%0A/trunk/qmmp:7783%2C7785%2C7787-7788%2C7792-7793%2C7798%2C7805%2C7807-7811%2C7813%2C7822%2C7824%2C7830%2C7834%2C7838%2C7840%2C7857-7858%2C7876%2C7905%2C7907%2C8019%2C8021-8023%2C8032%2C8036-8037%2C8039%2C8041%2C8047%2C8053-8055%2C8058-8059%2C8061-8062%2C8070%2C8080%2C8092%2C8099-8102%2C8109%2C8141%2C8145%2C8151%2C8192%2C8207%2C8211%2C8213%2C8218%2C8245%2C8247-8248%2C8252%2C8255%2C8259%2C8263%2C8284%2C8293%2C8295-8296%2C8299%2C8305%2C8324%2C8326%2C8353%2C8355%2C8359%2C8382-8383%2C8388-8389%2C8399%2C8401%2C8403%2C8405%2C8418-8419%2C8427%2C8429%2C8435-8436%2C8446%2C8455%2C8459%2C8470%2C8473%2C8479%2C8481%2C8488
r8492
  +dir_prop: branches/qmmp-0.12 svn:mergeinfo /branches/qmmp-0.10:7522%0A/branches/qmmp-1.0:5596%0A/branches/qmmp-1.1:5819%2C5968%2C6043%2C6172%2C6233%2C6442%0A/branches/qmmp-1.2:6799%2C6945%2C6975%2C7173%2C7382%2C7520%0A/trunk/qmmp:7783%2C7785%2C7787-7788%2C7792-7793%2C7798%2C7805%2C7807-7811%2C7813%2C7822%2C7824%2C7830%2C7834%2C7838%2C7840%2C7857-7858%2C7876%2C7905%2C7907%2C8019%2C8021-8023%2C8032%2C8036-8037%2C8039%2C8041%2C8047%2C8053-8055%2C8058-8059%2C8061-8062%2C8070%2C8080%2C8092%2C8099-8102%2C8109%2C8141%2C8145%2C8151%2C8192%2C8207%2C8211%2C8213%2C8218%2C8245%2C8247-8248%2C8252%2C8255%2C8259%2C8263%2C8284%2C8293%2C8295-8296%2C8299%2C8305%2C8324%2C8326%2C8353%2C8355%2C8359%2C8382-8383%2C8388-8389%2C8399%2C8401%2C8403%2C8405%2C8418-8419%2C8427%2C8429%2C8435-8436%2C8446%2C8455%2C8459%2C8470%2C8473%2C8479%2C8481%2C8488%2C8490-8491
r8494
  +dir_prop: branches/qmmp-0.12 svn:mergeinfo /branches/qmmp-0.10:7522%0A/branches/qmmp-1.0:5596%0A/branches/qmmp-1.1:5819%2C5968%2C6043%2C6172%2C6233%2C6442%0A/branches/qmmp-1.2:6799%2C6945%2C6975%2C7173%2C7382%2C7520%0A/trunk/qmmp:7783%2C7785%2C7787-7788%2C7792-7793%2C7798%2C7805%2C7807-7811%2C7813%2C7822%2C7824%2C7830%2C7834%2C7838%2C7840%2C7857-7858%2C7876%2C7905%2C7907%2C8019%2C8021-8023%2C8032%2C8036-8037%2C8039%2C8041%2C8047%2C8053-8055%2C8058-8059%2C8061-8062%2C8070%2C8080%2C8092%2C8099-8102%2C8109%2C8141%2C8145%2C8151%2C8192%2C8207%2C8211%2C8213%2C8218%2C8245%2C8247-8248%2C8252%2C8255%2C8259%2C8263%2C8284%2C8293%2C8295-8296%2C8299%2C8305%2C8324%2C8326%2C8353%2C8355%2C8359%2C8382-8383%2C8388-8389%2C8399%2C8401%2C8403%2C8405%2C8418-8419%2C8427%2C8429%2C8435-8436%2C8446%2C8455%2C8459%2C8470%2C8473%2C8479%2C8481%2C8488%2C8490-8491%2C8493
r8499
  +dir_prop: branches/qmmp-0.12 svn:mergeinfo /branches/qmmp-0.10:7522%0A/branches/qmmp-1.0:5596%0A/branches/qmmp-1.1:5819%2C5968%2C6043%2C6172%2C6233%2C6442%0A/branches/qmmp-1.2:6799%2C6945%2C6975%2C7173%2C7382%2C7520%0A/trunk/qmmp:7783%2C7785%2C7787-7788%2C7792-7793%2C7798%2C7805%2C7807-7811%2C7813%2C7822%2C7824%2C7830%2C7834%2C7838%2C7840%2C7857-7858%2C7876%2C7905%2C7907%2C8019%2C8021-8023%2C8032%2C8036-8037%2C8039%2C8041%2C8047%2C8053-8055%2C8058-8059%2C8061-8062%2C8070%2C8080%2C8092%2C8099-8102%2C8109%2C8141%2C8145%2C8151%2C8192%2C8207%2C8211%2C8213%2C8218%2C8245%2C8247-8248%2C8252%2C8255%2C8259%2C8263%2C8284%2C8293%2C8295-8296%2C8299%2C8305%2C8324%2C8326%2C8353%2C8355%2C8359%2C8382-8383%2C8388-8389%2C8399%2C8401%2C8403%2C8405%2C8418-8419%2C8427%2C8429%2C8435-8436%2C8446%2C8455%2C8459%2C8470%2C8473%2C8479%2C8481%2C8488%2C8490-8491%2C8493%2C8497
r8505
  +dir_prop: branches/qmmp-0.12 svn:mergeinfo /branches/qmmp-0.10:7522%0A/branches/qmmp-1.0:5596%0A/branches/qmmp-1.1:5819%2C5968%2C6043%2C6172%2C6233%2C6442%0A/branches/qmmp-1.2:6799%2C6945%2C6975%2C7173%2C7382%2C7520%0A/trunk/qmmp:7783%2C7785%2C7787-7788%2C7792-7793%2C7798%2C7805%2C7807-7811%2C7813%2C7822%2C7824%2C7830%2C7834%2C7838%2C7840%2C7857-7858%2C7876%2C7905%2C7907%2C8019%2C8021-8023%2C8032%2C8036-8037%2C8039%2C8041%2C8047%2C8053-8055%2C8058-8059%2C8061-8062%2C8070%2C8080%2C8092%2C8099-8102%2C8109%2C8141%2C8145%2C8151%2C8192%2C8207%2C8211%2C8213%2C8218%2C8245%2C8247-8248%2C8252%2C8255%2C8259%2C8263%2C8284%2C8293%2C8295-8296%2C8299%2C8305%2C8324%2C8326%2C8353%2C8355%2C8359%2C8382-8383%2C8388-8389%2C8399%2C8401%2C8403%2C8405%2C8418-8419%2C8427%2C8429%2C8435-8436%2C8446%2C8455%2C8459%2C8470%2C8473%2C8479%2C8481%2C8488%2C8490-8491%2C8493%2C8497%2C8504
r8506
r8509
r8512
  +dir_prop: branches/qmmp-0.12 svn:mergeinfo /branches/qmmp-0.10:7522%0A/branches/qmmp-1.0:5596%0A/branches/qmmp-1.1:5819%2C5968%2C6043%2C6172%2C6233%2C6442%0A/branches/qmmp-1.2:6799%2C6945%2C6975%2C7173%2C7382%2C7520%0A/trunk/qmmp:7783%2C7785%2C7787-7788%2C7792-7793%2C7798%2C7805%2C7807-7811%2C7813%2C7822%2C7824%2C7830%2C7834%2C7838%2C7840%2C7857-7858%2C7876%2C7905%2C7907%2C8019%2C8021-8023%2C8032%2C8036-8037%2C8039%2C8041%2C8047%2C8053-8055%2C8058-8059%2C8061-8062%2C8070%2C8080%2C8092%2C8099-8102%2C8109%2C8141%2C8145%2C8151%2C8192%2C8207%2C8211%2C8213%2C8218%2C8245%2C8247-8248%2C8252%2C8255%2C8259%2C8263%2C8284%2C8293%2C8295-8296%2C8299%2C8305%2C8324%2C8326%2C8353%2C8355%2C8359%2C8382-8383%2C8388-8389%2C8399%2C8401%2C8403%2C8405%2C8418-8419%2C8427%2C8429%2C8435-8436%2C8446%2C8455%2C8459%2C8470%2C8473%2C8479%2C8481%2C8488%2C8490-8491%2C8493%2C8497%2C8504%2C8510-8511
r8520
  +dir_prop: branches/qmmp-0.12 svn:mergeinfo /branches/qmmp-0.10:7522%0A/branches/qmmp-1.0:5596%0A/branches/qmmp-1.1:5819%2C5968%2C6043%2C6172%2C6233%2C6442%0A/branches/qmmp-1.2:6799%2C6945%2C6975%2C7173%2C7382%2C7520%0A/trunk/qmmp:7783%2C7785%2C7787-7788%2C7792-7793%2C7798%2C7805%2C7807-7811%2C7813%2C7822%2C7824%2C7830%2C7834%2C7838%2C7840%2C7857-7858%2C7876%2C7905%2C7907%2C8019%2C8021-8023%2C8032%2C8036-8037%2C8039%2C8041%2C8047%2C8053-8055%2C8058-8059%2C8061-8062%2C8070%2C8080%2C8092%2C8099-8102%2C8109%2C8141%2C8145%2C8151%2C8192%2C8207%2C8211%2C8213%2C8218%2C8245%2C8247-8248%2C8252%2C8255%2C8259%2C8263%2C8284%2C8293%2C8295-8296%2C8299%2C8305%2C8324%2C8326%2C8353%2C8355%2C8359%2C8382-8383%2C8388-8389%2C8399%2C8401%2C8403%2C8405%2C8418-8419%2C8427%2C8429%2C8435-8436%2C8446%2C8455%2C8459%2C8470%2C8473%2C8479%2C8481%2C8488%2C8490-8491%2C8493%2C8497%2C8504%2C8510-8511%2C8518
r8538
  -empty_dir: branches/qmmp-0.12/src/qmmpui/commandlineoption.h
  +dir_prop: branches/qmmp-0.12 svn:mergeinfo /branches/qmmp-0.10:7522%0A/branches/qmmp-1.0:5596%0A/branches/qmmp-1.1:5819%2C5968%2C6043%2C6172%2C6233%2C6442%0A/branches/qmmp-1.2:6799%2C6945%2C6975%2C7173%2C7382%2C7520%0A/trunk/qmmp:7783%2C7785%2C7787-7788%2C7792-7793%2C7798%2C7805%2C7807-7811%2C7813%2C7822%2C7824%2C7830%2C7834%2C7838%2C7840%2C7857-7858%2C7876%2C7905%2C7907%2C8019%2C8021-8023%2C8032%2C8036-8037%2C8039%2C8041%2C8047%2C8053-8055%2C8058-8059%2C8061-8062%2C8070%2C8080%2C8092%2C8099-8102%2C8109%2C8141%2C8145%2C8151%2C8192%2C8207%2C8211%2C8213%2C8218%2C8245%2C8247-8248%2C8252%2C8255%2C8259%2C8263%2C8284%2C8293%2C8295-8296%2C8299%2C8305%2C8324%2C8326%2C8353%2C8355%2C8359%2C8382-8383%2C8388-8389%2C8399%2C8401%2C8403%2C8405%2C8418-8419%2C8427%2C8429%2C8435-8436%2C8446%2C8455%2C8459%2C8470%2C8473%2C8479%2C8481%2C8488%2C8490-8491%2C8493%2C8497%2C8504%2C8510-8537
  +file_prop: branches/qmmp-0.12/src/qmmpui/commandlinehandler.h svn:eol-style native
r8543
r8547
  +dir_prop: branches/qmmp-0.12 svn:mergeinfo /branches/qmmp-0.10:7522%0A/branches/qmmp-1.0:5596%0A/branches/qmmp-1.1:5819%2C5968%2C6043%2C6172%2C6233%2C6442%0A/branches/qmmp-1.2:6799%2C6945%2C6975%2C7173%2C7382%2C7520%0A/trunk/qmmp:7783%2C7785%2C7787-7788%2C7792-7793%2C7798%2C7805%2C7807-7811%2C7813%2C7822%2C7824%2C7830%2C7834%2C7838%2C7840%2C7857-7858%2C7876%2C7905%2C7907%2C8019%2C8021-8023%2C8032%2C8036-8037%2C8039%2C8041%2C8047%2C8053-8055%2C8058-8059%2C8061-8062%2C8070%2C8080%2C8092%2C8099-8102%2C8109%2C8141%2C8145%2C8151%2C8192%2C8207%2C8211%2C8213%2C8218%2C8245%2C8247-8248%2C8252%2C8255%2C8259%2C8263%2C8284%2C8293%2C8295-8296%2C8299%2C8305%2C8324%2C8326%2C8353%2C8355%2C8359%2C8382-8383%2C8388-8389%2C8399%2C8401%2C8403%2C8405%2C8418-8419%2C8427%2C8429%2C8435-8436%2C8446%2C8455%2C8459%2C8470%2C8473%2C8479%2C8481%2C8488%2C8490-8491%2C8493%2C8497%2C8504%2C8510-8537%2C8545-8546
r8549
r8551
  +dir_prop: branches/qmmp-0.12 svn:mergeinfo /branches/qmmp-0.10:7522%0A/branches/qmmp-1.0:5596%0A/branches/qmmp-1.1:5819%2C5968%2C6043%2C6172%2C6233%2C6442%0A/branches/qmmp-1.2:6799%2C6945%2C6975%2C7173%2C7382%2C7520%0A/trunk/qmmp:7783%2C7785%2C7787-7788%2C7792-7793%2C7798%2C7805%2C7807-7811%2C7813%2C7822%2C7824%2C7830%2C7834%2C7838%2C7840%2C7857-7858%2C7876%2C7905%2C7907%2C8019%2C8021-8023%2C8032%2C8036-8037%2C8039%2C8041%2C8047%2C8053-8055%2C8058-8059%2C8061-8062%2C8070%2C8080%2C8092%2C8099-8102%2C8109%2C8141%2C8145%2C8151%2C8192%2C8207%2C8211%2C8213%2C8218%2C8245%2C8247-8248%2C8252%2C8255%2C8259%2C8263%2C8284%2C8293%2C8295-8296%2C8299%2C8305%2C8324%2C8326%2C8353%2C8355%2C8359%2C8382-8383%2C8388-8389%2C8399%2C8401%2C8403%2C8405%2C8418-8419%2C8427%2C8429%2C8435-8436%2C8446%2C8455%2C8459%2C8470%2C8473%2C8479%2C8481%2C8488%2C8490-8491%2C8493%2C8497%2C8504%2C8510-8537%2C8545-8546%2C8550
r8553
  +dir_prop: branches/qmmp-0.12 svn:mergeinfo /branches/qmmp-0.10:7522%0A/branches/qmmp-1.0:5596%0A/branches/qmmp-1.1:5819%2C5968%2C6043%2C6172%2C6233%2C6442%0A/branches/qmmp-1.2:6799%2C6945%2C6975%2C7173%2C7382%2C7520%0A/trunk/qmmp:7783%2C7785%2C7787-7788%2C7792-7793%2C7798%2C7805%2C7807-7811%2C7813%2C7822%2C7824%2C7830%2C7834%2C7838%2C7840%2C7857-7858%2C7876%2C7905%2C7907%2C8019%2C8021-8023%2C8032%2C8036-8037%2C8039%2C8041%2C8047%2C8053-8055%2C8058-8059%2C8061-8062%2C8070%2C8080%2C8092%2C8099-8102%2C8109%2C8141%2C8145%2C8151%2C8192%2C8207%2C8211%2C8213%2C8218%2C8245%2C8247-8248%2C8252%2C8255%2C8259%2C8263%2C8284%2C8293%2C8295-8296%2C8299%2C8305%2C8324%2C8326%2C8353%2C8355%2C8359%2C8382-8383%2C8388-8389%2C8399%2C8401%2C8403%2C8405%2C8418-8419%2C8427%2C8429%2C8435-8436%2C8446%2C8455%2C8459%2C8470%2C8473%2C8479%2C8481%2C8488%2C8490-8491%2C8493%2C8497%2C8504%2C8510-8537%2C8545-8546%2C8550%2C8552
r8555
r8558
  +dir_prop: branches/qmmp-0.12 svn:mergeinfo /branches/qmmp-0.10:7522%0A/branches/qmmp-1.0:5596%0A/branches/qmmp-1.1:5819%2C5968%2C6043%2C6172%2C6233%2C6442%0A/branches/qmmp-1.2:6799%2C6945%2C6975%2C7173%2C7382%2C7520%0A/trunk/qmmp:7783%2C7785%2C7787-7788%2C7792-7793%2C7798%2C7805%2C7807-7811%2C7813%2C7822%2C7824%2C7830%2C7834%2C7838%2C7840%2C7857-7858%2C7876%2C7905%2C7907%2C8019%2C8021-8023%2C8032%2C8036-8037%2C8039%2C8041%2C8047%2C8053-8055%2C8058-8059%2C8061-8062%2C8070%2C8080%2C8092%2C8099-8102%2C8109%2C8141%2C8145%2C8151%2C8192%2C8207%2C8211%2C8213%2C8218%2C8245%2C8247-8248%2C8252%2C8255%2C8259%2C8263%2C8284%2C8293%2C8295-8296%2C8299%2C8305%2C8324%2C8326%2C8353%2C8355%2C8359%2C8382-8383%2C8388-8389%2C8399%2C8401%2C8403%2C8405%2C8418-8419%2C8427%2C8429%2C8435-8436%2C8446%2C8455%2C8459%2C8470%2C8473%2C8479%2C8481%2C8488%2C8490-8491%2C8493%2C8497%2C8504%2C8510-8537%2C8545-8546%2C8550%2C8552%2C8557
r8564
r8571
r8575
r8584
r8590
  +dir_prop: branches/qmmp-0.12 svn:mergeinfo /branches/qmmp-0.10:7522%0A/branches/qmmp-1.0:5596%0A/branches/qmmp-1.1:5819%2C5968%2C6043%2C6172%2C6233%2C6442%0A/branches/qmmp-1.2:6799%2C6945%2C6975%2C7173%2C7382%2C7520%0A/trunk/qmmp:7783%2C7785%2C7787-7788%2C7792-7793%2C7798%2C7805%2C7807-7811%2C7813%2C7822%2C7824%2C7830%2C7834%2C7838%2C7840%2C7857-7858%2C7876%2C7905%2C7907%2C8019%2C8021-8023%2C8032%2C8036-8037%2C8039%2C8041%2C8047%2C8053-8055%2C8058-8059%2C8061-8062%2C8070%2C8080%2C8092%2C8099-8102%2C8109%2C8141%2C8145%2C8151%2C8192%2C8207%2C8211%2C8213%2C8218%2C8245%2C8247-8248%2C8252%2C8255%2C8259%2C8263%2C8284%2C8293%2C8295-8296%2C8299%2C8305%2C8324%2C8326%2C8353%2C8355%2C8359%2C8382-8383%2C8388-8389%2C8399%2C8401%2C8403%2C8405%2C8418-8419%2C8427%2C8429%2C8435-8436%2C8446%2C8455%2C8459%2C8470%2C8473%2C8479%2C8481%2C8488%2C8490-8491%2C8493%2C8497%2C8504%2C8510-8537%2C8545-8546%2C8550%2C8552%2C8557%2C8588-8589
r8594
r8595
r8596
r8603
r8606
  +dir_prop: branches/qmmp-0.12 svn:mergeinfo /branches/qmmp-0.10:7522%0A/branches/qmmp-1.0:5596%0A/branches/qmmp-1.1:5819%2C5968%2C6043%2C6172%2C6233%2C6442%0A/branches/qmmp-1.2:6799%2C6945%2C6975%2C7173%2C7382%2C7520%0A/trunk/qmmp:7783%2C7785%2C7787-7788%2C7792-7793%2C7798%2C7805%2C7807-7811%2C7813%2C7822%2C7824%2C7830%2C7834%2C7838%2C7840%2C7857-7858%2C7876%2C7905%2C7907%2C8019%2C8021-8023%2C8032%2C8036-8037%2C8039%2C8041%2C8047%2C8053-8055%2C8058-8059%2C8061-8062%2C8070%2C8080%2C8092%2C8099-8102%2C8109%2C8141%2C8145%2C8151%2C8192%2C8207%2C8211%2C8213%2C8218%2C8245%2C8247-8248%2C8252%2C8255%2C8259%2C8263%2C8284%2C8293%2C8295-8296%2C8299%2C8305%2C8324%2C8326%2C8353%2C8355%2C8359%2C8382-8383%2C8388-8389%2C8399%2C8401%2C8403%2C8405%2C8418-8419%2C8427%2C8429%2C8435-8436%2C8446%2C8455%2C8459%2C8470%2C8473%2C8479%2C8481%2C8488%2C8490-8491%2C8493%2C8497%2C8504%2C8510-8537%2C8545-8546%2C8550%2C8552%2C8557%2C8588-8589%2C8604
r8621
r8626
r8627
r8630
r8633
r8636
r8640
r8643
r8647
r8652
r8654
r8658
  +dir_prop: branches/qmmp-0.12 svn:mergeinfo /branches/qmmp-0.10:7522%0A/branches/qmmp-1.0:5596%0A/branches/qmmp-1.1:5819%2C5968%2C6043%2C6172%2C6233%2C6442%0A/branches/qmmp-1.2:6799%2C6945%2C6975%2C7173%2C7382%2C7520%0A/trunk/qmmp:7783%2C7785%2C7787-7788%2C7792-7793%2C7798%2C7805%2C7807-7811%2C7813%2C7822%2C7824%2C7830%2C7834%2C7838%2C7840%2C7857-7858%2C7876%2C7905%2C7907%2C8019%2C8021-8023%2C8032%2C8036-8037%2C8039%2C8041%2C8047%2C8053-8055%2C8058-8059%2C8061-8062%2C8070%2C8080%2C8092%2C8099-8102%2C8109%2C8141%2C8145%2C8151%2C8192%2C8207%2C8211%2C8213%2C8218%2C8245%2C8247-8248%2C8252%2C8255%2C8259%2C8263%2C8284%2C8293%2C8295-8296%2C8299%2C8305%2C8324%2C8326%2C8353%2C8355%2C8359%2C8382-8383%2C8388-8389%2C8399%2C8401%2C8403%2C8405%2C8418-8419%2C8427%2C8429%2C8435-8436%2C8446%2C8455%2C8459%2C8470%2C8473%2C8479%2C8481%2C8488%2C8490-8491%2C8493%2C8497%2C8504%2C8510-8537%2C8545-8546%2C8550%2C8552%2C8557%2C8588-8589%2C8604%2C8657
r8660
  +dir_prop: branches/qmmp-0.12 svn:mergeinfo /branches/qmmp-0.10:7522%0A/branches/qmmp-1.0:5596%0A/branches/qmmp-1.1:5819%2C5968%2C6043%2C6172%2C6233%2C6442%0A/branches/qmmp-1.2:6799%2C6945%2C6975%2C7173%2C7382%2C7520%0A/trunk/qmmp:7783%2C7785%2C7787-7788%2C7792-7793%2C7798%2C7805%2C7807-7811%2C7813%2C7822%2C7824%2C7830%2C7834%2C7838%2C7840%2C7857-7858%2C7876%2C7905%2C7907%2C8019%2C8021-8023%2C8032%2C8036-8037%2C8039%2C8041%2C8047%2C8053-8055%2C8058-8059%2C8061-8062%2C8070%2C8080%2C8092%2C8099-8102%2C8109%2C8141%2C8145%2C8151%2C8192%2C8207%2C8211%2C8213%2C8218%2C8245%2C8247-8248%2C8252%2C8255%2C8259%2C8263%2C8284%2C8293%2C8295-8296%2C8299%2C8305%2C8324%2C8326%2C8353%2C8355%2C8359%2C8382-8383%2C8388-8389%2C8399%2C8401%2C8403%2C8405%2C8418-8419%2C8427%2C8429%2C8435-8436%2C8446%2C8455%2C8459%2C8470%2C8473%2C8479%2C8481%2C8488%2C8490-8491%2C8493%2C8497%2C8504%2C8510-8537%2C8545-8546%2C8550%2C8552%2C8557%2C8588-8589%2C8604%2C8657%2C8659
r8666
  +dir_prop: branches/qmmp-0.12 svn:mergeinfo /branches/qmmp-0.10:7522%0A/branches/qmmp-1.0:5596%0A/branches/qmmp-1.1:5819%2C5968%2C6043%2C6172%2C6233%2C6442%0A/branches/qmmp-1.2:6799%2C6945%2C6975%2C7173%2C7382%2C7520%0A/trunk/qmmp:7783%2C7785%2C7787-7788%2C7792-7793%2C7798%2C7805%2C7807-7811%2C7813%2C7822%2C7824%2C7830%2C7834%2C7838%2C7840%2C7857-7858%2C7876%2C7905%2C7907%2C8019%2C8021-8023%2C8032%2C8036-8037%2C8039%2C8041%2C8047%2C8053-8055%2C8058-8059%2C8061-8062%2C8070%2C8080%2C8092%2C8099-8102%2C8109%2C8141%2C8145%2C8151%2C8192%2C8207%2C8211%2C8213%2C8218%2C8245%2C8247-8248%2C8252%2C8255%2C8259%2C8263%2C8284%2C8293%2C8295-8296%2C8299%2C8305%2C8324%2C8326%2C8353%2C8355%2C8359%2C8382-8383%2C8388-8389%2C8399%2C8401%2C8403%2C8405%2C8418-8419%2C8427%2C8429%2C8435-8436%2C8446%2C8455%2C8459%2C8470%2C8473%2C8479%2C8481%2C8488%2C8490-8491%2C8493%2C8497%2C8504%2C8510-8537%2C8545-8546%2C8550%2C8552%2C8557%2C8588-8589%2C8604%2C8657%2C8659%2C8664-8665
r8667
r8668
r8673
  -empty_dir: branches/qmmp-0.12/src/plugins/Input/flac/replaygainreader.cpp
  -empty_dir: branches/qmmp-0.12/src/plugins/Input/opus/replaygainreader.cpp
  -empty_dir: branches/qmmp-0.12/src/plugins/Input/vorbis/replaygainreader.cpp
r8680
r8694
r8698
  +dir_prop: branches/qmmp-0.12 svn:mergeinfo /branches/qmmp-0.10:7522%0A/branches/qmmp-1.0:5596%0A/branches/qmmp-1.1:5819%2C5968%2C6043%2C6172%2C6233%2C6442%0A/branches/qmmp-1.2:6799%2C6945%2C6975%2C7173%2C7382%2C7520%0A/trunk/qmmp:7783%2C7785%2C7787-7788%2C7792-7793%2C7798%2C7805%2C7807-7811%2C7813%2C7822%2C7824%2C7830%2C7834%2C7838%2C7840%2C7857-7858%2C7876%2C7905%2C7907%2C8019%2C8021-8023%2C8032%2C8036-8037%2C8039%2C8041%2C8047%2C8053-8055%2C8058-8059%2C8061-8062%2C8070%2C8080%2C8092%2C8099-8102%2C8109%2C8141%2C8145%2C8151%2C8192%2C8207%2C8211%2C8213%2C8218%2C8245%2C8247-8248%2C8252%2C8255%2C8259%2C8263%2C8284%2C8293%2C8295-8296%2C8299%2C8305%2C8324%2C8326%2C8353%2C8355%2C8359%2C8382-8383%2C8388-8389%2C8399%2C8401%2C8403%2C8405%2C8418-8419%2C8427%2C8429%2C8435-8436%2C8446%2C8455%2C8459%2C8470%2C8473%2C8479%2C8481%2C8488%2C8490-8491%2C8493%2C8497%2C8504%2C8510-8537%2C8545-8546%2C8550%2C8552%2C8557%2C8588-8589%2C8604%2C8657%2C8659%2C8664-8665%2C8696
r8701
r8702
r8704
r8705
r8710
  +dir_prop: branches/qmmp-0.12 svn:mergeinfo /branches/qmmp-0.10:7522%0A/branches/qmmp-1.0:5596%0A/branches/qmmp-1.1:5819%2C5968%2C6043%2C6172%2C6233%2C6442%0A/branches/qmmp-1.2:6799%2C6945%2C6975%2C7173%2C7382%2C7520%0A/trunk/qmmp:7783%2C7785%2C7787-7788%2C7792-7793%2C7798%2C7805%2C7807-7811%2C7813%2C7822%2C7824%2C7830%2C7834%2C7838%2C7840%2C7857-7858%2C7876%2C7905%2C7907%2C8019%2C8021-8023%2C8032%2C8036-8037%2C8039%2C8041%2C8047%2C8053-8055%2C8058-8059%2C8061-8062%2C8070%2C8080%2C8092%2C8099-8102%2C8109%2C8141%2C8145%2C8151%2C8192%2C8207%2C8211%2C8213%2C8218%2C8245%2C8247-8248%2C8252%2C8255%2C8259%2C8263%2C8284%2C8293%2C8295-8296%2C8299%2C8305%2C8324%2C8326%2C8353%2C8355%2C8359%2C8382-8383%2C8388-8389%2C8399%2C8401%2C8403%2C8405%2C8418-8419%2C8427%2C8429%2C8435-8436%2C8446%2C8455%2C8459%2C8470%2C8473%2C8479%2C8481%2C8488%2C8490-8491%2C8493%2C8497%2C8504%2C8510-8537%2C8545-8546%2C8550%2C8552%2C8557%2C8588-8589%2C8604%2C8657%2C8659%2C8664-8665%2C8696%2C8708
r8713
  +dir_prop: branches/qmmp-0.12 svn:mergeinfo /branches/qmmp-0.10:7522%0A/branches/qmmp-1.0:5596%0A/branches/qmmp-1.1:5819%2C5968%2C6043%2C6172%2C6233%2C6442%0A/branches/qmmp-1.2:6799%2C6945%2C6975%2C7173%2C7382%2C7520%0A/trunk/qmmp:7783%2C7785%2C7787-7788%2C7792-7793%2C7798%2C7805%2C7807-7811%2C7813%2C7822%2C7824%2C7830%2C7834%2C7838%2C7840%2C7857-7858%2C7876%2C7905%2C7907%2C8019%2C8021-8023%2C8032%2C8036-8037%2C8039%2C8041%2C8047%2C8053-8055%2C8058-8059%2C8061-8062%2C8070%2C8080%2C8092%2C8099-8102%2C8109%2C8141%2C8145%2C8151%2C8192%2C8207%2C8211%2C8213%2C8218%2C8245%2C8247-8248%2C8252%2C8255%2C8259%2C8263%2C8284%2C8293%2C8295-8296%2C8299%2C8305%2C8324%2C8326%2C8353%2C8355%2C8359%2C8382-8383%2C8388-8389%2C8399%2C8401%2C8403%2C8405%2C8418-8419%2C8427%2C8429%2C8435-8436%2C8446%2C8455%2C8459%2C8470%2C8473%2C8479%2C8481%2C8488%2C8490-8491%2C8493%2C8497%2C8504%2C8510-8537%2C8545-8546%2C8550%2C8552%2C8557%2C8588-8589%2C8604%2C8657%2C8659%2C8664-8665%2C8696%2C8708%2C8711
  +dir_prop: branches/qmmp-0.12/src/plugins/Ui/qsui svn:mergeinfo /branches/qmmp-1.1/src/plugins/Ui/qsui:6172%0A/branches/qmmp-1.2/src/plugins/Ui/qsui:7382%0A/trunk/qmmp/src/plugins/Ui/qsui:7785%2C7788%2C7905%2C7921-8008%2C8019%2C8053-8055%2C8196-8203%2C8380%2C8399%2C8403%2C8711%0A/trunk/qmmp/src/plugins/Ui/skinned:5223%2C6018-6019%2C6022
r8714
r8717
  +dir_prop: branches/qmmp-0.12 svn:mergeinfo /branches/qmmp-0.10:7522%0A/branches/qmmp-1.0:5596%0A/branches/qmmp-1.1:5819%2C5968%2C6043%2C6172%2C6233%2C6442%0A/branches/qmmp-1.2:6799%2C6945%2C6975%2C7173%2C7382%2C7520%0A/trunk/qmmp:7783%2C7785%2C7787-7788%2C7792-7793%2C7798%2C7805%2C7807-7811%2C7813%2C7822%2C7824%2C7830%2C7834%2C7838%2C7840%2C7857-7858%2C7876%2C7905%2C7907%2C8019%2C8021-8023%2C8032%2C8036-8037%2C8039%2C8041%2C8047%2C8053-8055%2C8058-8059%2C8061-8062%2C8070%2C8080%2C8092%2C8099-8102%2C8109%2C8141%2C8145%2C8151%2C8192%2C8207%2C8211%2C8213%2C8218%2C8245%2C8247-8248%2C8252%2C8255%2C8259%2C8263%2C8284%2C8293%2C8295-8296%2C8299%2C8305%2C8324%2C8326%2C8353%2C8355%2C8359%2C8382-8383%2C8388-8389%2C8399%2C8401%2C8403%2C8405%2C8418-8419%2C8427%2C8429%2C8435-8436%2C8446%2C8455%2C8459%2C8470%2C8473%2C8479%2C8481%2C8488%2C8490-8491%2C8493%2C8497%2C8504%2C8510-8537%2C8545-8546%2C8550%2C8552%2C8557%2C8588-8589%2C8604%2C8657%2C8659%2C8664-8665%2C8696%2C8708%2C8711%2C8715-8716
r8721
  +dir_prop: branches/qmmp-0.12 svn:mergeinfo /branches/qmmp-0.10:7522%0A/branches/qmmp-1.0:5596%0A/branches/qmmp-1.1:5819%2C5968%2C6043%2C6172%2C6233%2C6442%0A/branches/qmmp-1.2:6799%2C6945%2C6975%2C7173%2C7382%2C7520%0A/trunk/qmmp:7783%2C7785%2C7787-7788%2C7792-7793%2C7798%2C7805%2C7807-7811%2C7813%2C7822%2C7824%2C7830%2C7834%2C7838%2C7840%2C7857-7858%2C7876%2C7905%2C7907%2C8019%2C8021-8023%2C8032%2C8036-8037%2C8039%2C8041%2C8047%2C8053-8055%2C8058-8059%2C8061-8062%2C8070%2C8080%2C8092%2C8099-8102%2C8109%2C8141%2C8145%2C8151%2C8192%2C8207%2C8211%2C8213%2C8218%2C8245%2C8247-8248%2C8252%2C8255%2C8259%2C8263%2C8284%2C8293%2C8295-8296%2C8299%2C8305%2C8324%2C8326%2C8353%2C8355%2C8359%2C8382-8383%2C8388-8389%2C8399%2C8401%2C8403%2C8405%2C8418-8419%2C8427%2C8429%2C8435-8436%2C8446%2C8455%2C8459%2C8470%2C8473%2C8479%2C8481%2C8488%2C8490-8491%2C8493%2C8497%2C8504%2C8510-8537%2C8545-8546%2C8550%2C8552%2C8557%2C8588-8589%2C8604%2C8657%2C8659%2C8664-8665%2C8696%2C8708%2C8711%2C8715-8716%2C8719
r8723
r8724
r8726
r8728
r8738
r8749
  +dir_prop: branches/qmmp-0.12 svn:mergeinfo /branches/qmmp-0.10:7522%0A/branches/qmmp-1.0:5596%0A/branches/qmmp-1.1:5819%2C5968%2C6043%2C6172%2C6233%2C6442%0A/branches/qmmp-1.2:6799%2C6945%2C6975%2C7173%2C7382%2C7520%0A/trunk/qmmp:7783%2C7785%2C7787-7788%2C7792-7793%2C7798%2C7805%2C7807-7811%2C7813%2C7822%2C7824%2C7830%2C7834%2C7838%2C7840%2C7857-7858%2C7876%2C7905%2C7907%2C8019%2C8021-8023%2C8032%2C8036-8037%2C8039%2C8041%2C8047%2C8053-8055%2C8058-8059%2C8061-8062%2C8070%2C8080%2C8092%2C8099-8102%2C8109%2C8141%2C8145%2C8151%2C8192%2C8207%2C8211%2C8213%2C8218%2C8245%2C8247-8248%2C8252%2C8255%2C8259%2C8263%2C8284%2C8293%2C8295-8296%2C8299%2C8305%2C8324%2C8326%2C8353%2C8355%2C8359%2C8382-8383%2C8388-8389%2C8399%2C8401%2C8403%2C8405%2C8418-8419%2C8427%2C8429%2C8435-8436%2C8446%2C8455%2C8459%2C8470%2C8473%2C8479%2C8481%2C8488%2C8490-8491%2C8493%2C8497%2C8504%2C8510-8537%2C8545-8546%2C8550%2C8552%2C8557%2C8588-8589%2C8604%2C8657%2C8659%2C8664-8665%2C8696%2C8708%2C8711%2C8715-8716%2C8719%2C8747
r8765
  +dir_prop: branches/qmmp-0.12 svn:mergeinfo /branches/qmmp-0.10:7522%0A/branches/qmmp-1.0:5596%0A/branches/qmmp-1.1:5819%2C5968%2C6043%2C6172%2C6233%2C6442%0A/branches/qmmp-1.2:6799%2C6945%2C6975%2C7173%2C7382%2C7520%0A/trunk/qmmp:7783%2C7785%2C7787-7788%2C7792-7793%2C7798%2C7805%2C7807-7811%2C7813%2C7822%2C7824%2C7830%2C7834%2C7838%2C7840%2C7857-7858%2C7876%2C7905%2C7907%2C8019%2C8021-8023%2C8032%2C8036-8037%2C8039%2C8041%2C8047%2C8053-8055%2C8058-8059%2C8061-8062%2C8070%2C8080%2C8092%2C8099-8102%2C8109%2C8141%2C8145%2C8151%2C8192%2C8207%2C8211%2C8213%2C8218%2C8245%2C8247-8248%2C8252%2C8255%2C8259%2C8263%2C8284%2C8293%2C8295-8296%2C8299%2C8305%2C8324%2C8326%2C8353%2C8355%2C8359%2C8382-8383%2C8388-8389%2C8399%2C8401%2C8403%2C8405%2C8418-8419%2C8427%2C8429%2C8435-8436%2C8446%2C8455%2C8459%2C8470%2C8473%2C8479%2C8481%2C8488%2C8490-8491%2C8493%2C8497%2C8504%2C8510-8537%2C8545-8546%2C8550%2C8552%2C8557%2C8588-8589%2C8604%2C8657%2C8659%2C8664-8665%2C8696%2C8708%2C8711%2C8715-8716%2C8719%2C8747%2C8763
r8780
  +dir_prop: branches/qmmp-0.12 svn:mergeinfo /branches/qmmp-0.10:7522%0A/branches/qmmp-1.0:5596%0A/branches/qmmp-1.1:5819%2C5968%2C6043%2C6172%2C6233%2C6442%0A/branches/qmmp-1.2:6799%2C6945%2C6975%2C7173%2C7382%2C7520%0A/trunk/qmmp:7783%2C7785%2C7787-7788%2C7792-7793%2C7798%2C7805%2C7807-7811%2C7813%2C7822%2C7824%2C7830%2C7834%2C7838%2C7840%2C7857-7858%2C7876%2C7905%2C7907%2C8019%2C8021-8023%2C8032%2C8036-8037%2C8039%2C8041%2C8047%2C8053-8055%2C8058-8059%2C8061-8062%2C8070%2C8080%2C8092%2C8099-8102%2C8109%2C8141%2C8145%2C8151%2C8192%2C8207%2C8211%2C8213%2C8218%2C8245%2C8247-8248%2C8252%2C8255%2C8259%2C8263%2C8284%2C8293%2C8295-8296%2C8299%2C8305%2C8324%2C8326%2C8353%2C8355%2C8359%2C8382-8383%2C8388-8389%2C8399%2C8401%2C8403%2C8405%2C8418-8419%2C8427%2C8429%2C8435-8436%2C8446%2C8455%2C8459%2C8470%2C8473%2C8479%2C8481%2C8488%2C8490-8491%2C8493%2C8497%2C8504%2C8510-8537%2C8545-8546%2C8550%2C8552%2C8557%2C8588-8589%2C8604%2C8657%2C8659%2C8664-8665%2C8696%2C8708%2C8711%2C8715-8716%2C8719%2C8747%2C8763%2C8778
r8790
  +dir_prop: branches/qmmp-0.12 svn:mergeinfo /branches/qmmp-0.10:7522%0A/branches/qmmp-1.0:5596%0A/branches/qmmp-1.1:5819%2C5968%2C6043%2C6172%2C6233%2C6442%0A/branches/qmmp-1.2:6799%2C6945%2C6975%2C7173%2C7382%2C7520%0A/trunk/qmmp:7783%2C7785%2C7787-7788%2C7792-7793%2C7798%2C7805%2C7807-7811%2C7813%2C7822%2C7824%2C7830%2C7834%2C7838%2C7840%2C7857-7858%2C7876%2C7905%2C7907%2C8019%2C8021-8023%2C8032%2C8036-8037%2C8039%2C8041%2C8047%2C8053-8055%2C8058-8059%2C8061-8062%2C8070%2C8080%2C8092%2C8099-8102%2C8109%2C8141%2C8145%2C8151%2C8192%2C8207%2C8211%2C8213%2C8218%2C8245%2C8247-8248%2C8252%2C8255%2C8259%2C8263%2C8284%2C8293%2C8295-8296%2C8299%2C8305%2C8324%2C8326%2C8353%2C8355%2C8359%2C8382-8383%2C8388-8389%2C8399%2C8401%2C8403%2C8405%2C8418-8419%2C8427%2C8429%2C8435-8436%2C8446%2C8455%2C8459%2C8470%2C8473%2C8479%2C8481%2C8488%2C8490-8491%2C8493%2C8497%2C8504%2C8510-8537%2C8545-8546%2C8550%2C8552%2C8557%2C8588-8589%2C8604%2C8657%2C8659%2C8664-8665%2C8696%2C8708%2C8711%2C8715-8716%2C8719%2C8747%2C8763%2C8778%2C8788
r8804
r8805
r8806
r8807
r8808
r8823
  +dir_prop: branches/qmmp-0.12 svn:mergeinfo /branches/qmmp-0.10:7522%0A/branches/qmmp-1.0:5596%0A/branches/qmmp-1.1:5819%2C5968%2C6043%2C6172%2C6233%2C6442%0A/branches/qmmp-1.2:6799%2C6945%2C6975%2C7173%2C7382%2C7520%0A/trunk/qmmp:7783%2C7785%2C7787-7788%2C7792-7793%2C7798%2C7805%2C7807-7811%2C7813%2C7822%2C7824%2C7830%2C7834%2C7838%2C7840%2C7857-7858%2C7876%2C7905%2C7907%2C8019%2C8021-8023%2C8032%2C8036-8037%2C8039%2C8041%2C8047%2C8053-8055%2C8058-8059%2C8061-8062%2C8070%2C8080%2C8092%2C8099-8102%2C8109%2C8141%2C8145%2C8151%2C8192%2C8207%2C8211%2C8213%2C8218%2C8245%2C8247-8248%2C8252%2C8255%2C8259%2C8263%2C8284%2C8293%2C8295-8296%2C8299%2C8305%2C8324%2C8326%2C8353%2C8355%2C8359%2C8382-8383%2C8388-8389%2C8399%2C8401%2C8403%2C8405%2C8418-8419%2C8427%2C8429%2C8435-8436%2C8446%2C8455%2C8459%2C8470%2C8473%2C8479%2C8481%2C8488%2C8490-8491%2C8493%2C8497%2C8504%2C8510-8537%2C8545-8546%2C8550%2C8552%2C8557%2C8588-8589%2C8604%2C8657%2C8659%2C8664-8665%2C8696%2C8708%2C8711%2C8715-8716%2C8719%2C8747%2C8763%2C8778%2C8788%2C8821
r8827
r8833
  +dir_prop: branches/qmmp-0.12 svn:mergeinfo /branches/qmmp-0.10:7522%0A/branches/qmmp-1.0:5596%0A/branches/qmmp-1.1:5819%2C5968%2C6043%2C6172%2C6233%2C6442%0A/branches/qmmp-1.2:6799%2C6945%2C6975%2C7173%2C7382%2C7520%0A/trunk/qmmp:7783%2C7785%2C7787-7788%2C7792-7793%2C7798%2C7805%2C7807-7811%2C7813%2C7822%2C7824%2C7830%2C7834%2C7838%2C7840%2C7857-7858%2C7876%2C7905%2C7907%2C8019%2C8021-8023%2C8032%2C8036-8037%2C8039%2C8041%2C8047%2C8053-8055%2C8058-8059%2C8061-8062%2C8070%2C8080%2C8092%2C8099-8102%2C8109%2C8141%2C8145%2C8151%2C8192%2C8207%2C8211%2C8213%2C8218%2C8245%2C8247-8248%2C8252%2C8255%2C8259%2C8263%2C8284%2C8293%2C8295-8296%2C8299%2C8305%2C8324%2C8326%2C8353%2C8355%2C8359%2C8382-8383%2C8388-8389%2C8399%2C8401%2C8403%2C8405%2C8418-8419%2C8427%2C8429%2C8435-8436%2C8446%2C8455%2C8459%2C8470%2C8473%2C8479%2C8481%2C8488%2C8490-8491%2C8493%2C8497%2C8504%2C8510-8537%2C8545-8546%2C8550%2C8552%2C8557%2C8588-8589%2C8604%2C8657%2C8659%2C8664-8665%2C8696%2C8708%2C8711%2C8715-8716%2C8719%2C8747%2C8763%2C8778%2C8788%2C8821%2C8830
r8839
  +dir_prop: branches/qmmp-0.12 svn:mergeinfo /branches/qmmp-0.10:7522%0A/branches/qmmp-1.0:5596%0A/branches/qmmp-1.1:5819%2C5968%2C6043%2C6172%2C6233%2C6442%0A/branches/qmmp-1.2:6799%2C6945%2C6975%2C7173%2C7382%2C7520%0A/trunk/qmmp:7783%2C7785%2C7787-7788%2C7792-7793%2C7798%2C7805%2C7807-7811%2C7813%2C7822%2C7824%2C7830%2C7834%2C7838%2C7840%2C7857-7858%2C7876%2C7905%2C7907%2C8019%2C8021-8023%2C8032%2C8036-8037%2C8039%2C8041%2C8047%2C8053-8055%2C8058-8059%2C8061-8062%2C8070%2C8080%2C8092%2C8099-8102%2C8109%2C8141%2C8145%2C8151%2C8192%2C8207%2C8211%2C8213%2C8218%2C8245%2C8247-8248%2C8252%2C8255%2C8259%2C8263%2C8284%2C8293%2C8295-8296%2C8299%2C8305%2C8324%2C8326%2C8353%2C8355%2C8359%2C8382-8383%2C8388-8389%2C8399%2C8401%2C8403%2C8405%2C8418-8419%2C8427%2C8429%2C8435-8436%2C8446%2C8455%2C8459%2C8470%2C8473%2C8479%2C8481%2C8488%2C8490-8491%2C8493%2C8497%2C8504%2C8510-8537%2C8545-8546%2C8550%2C8552%2C8557%2C8588-8589%2C8604%2C8657%2C8659%2C8664-8665%2C8696%2C8708%2C8711%2C8715-8716%2C8719%2C8747%2C8763%2C8778%2C8788%2C8821%2C8830%2C8837
r8841
  +dir_prop: branches/qmmp-0.12 svn:mergeinfo /branches/qmmp-0.10:7522%0A/branches/qmmp-1.0:5596%0A/branches/qmmp-1.1:5819%2C5968%2C6043%2C6172%2C6233%2C6442%0A/branches/qmmp-1.2:6799%2C6945%2C6975%2C7173%2C7382%2C7520%0A/trunk/qmmp:7783%2C7785%2C7787-7788%2C7792-7793%2C7798%2C7805%2C7807-7811%2C7813%2C7822%2C7824%2C7830%2C7834%2C7838%2C7840%2C7857-7858%2C7876%2C7905%2C7907%2C8019%2C8021-8023%2C8032%2C8036-8037%2C8039%2C8041%2C8047%2C8053-8055%2C8058-8059%2C8061-8062%2C8070%2C8080%2C8092%2C8099-8102%2C8109%2C8141%2C8145%2C8151%2C8192%2C8207%2C8211%2C8213%2C8218%2C8245%2C8247-8248%2C8252%2C8255%2C8259%2C8263%2C8284%2C8293%2C8295-8296%2C8299%2C8305%2C8324%2C8326%2C8353%2C8355%2C8359%2C8382-8383%2C8388-8389%2C8399%2C8401%2C8403%2C8405%2C8418-8419%2C8427%2C8429%2C8435-8436%2C8446%2C8455%2C8459%2C8470%2C8473%2C8479%2C8481%2C8488%2C8490-8491%2C8493%2C8497%2C8504%2C8510-8537%2C8545-8546%2C8550%2C8552%2C8557%2C8588-8589%2C8604%2C8657%2C8659%2C8664-8665%2C8696%2C8708%2C8711%2C8715-8716%2C8719%2C8747%2C8763%2C8778%2C8788%2C8821%2C8830%2C8837%2C8840
r8846
  +dir_prop: branches/qmmp-0.12 svn:mergeinfo /branches/qmmp-0.10:7522%0A/branches/qmmp-1.0:5596%0A/branches/qmmp-1.1:5819%2C5968%2C6043%2C6172%2C6233%2C6442%0A/branches/qmmp-1.2:6799%2C6945%2C6975%2C7173%2C7382%2C7520%0A/trunk/qmmp:7783%2C7785%2C7787-7788%2C7792-7793%2C7798%2C7805%2C7807-7811%2C7813%2C7822%2C7824%2C7830%2C7834%2C7838%2C7840%2C7857-7858%2C7876%2C7905%2C7907%2C8019%2C8021-8023%2C8032%2C8036-8037%2C8039%2C8041%2C8047%2C8053-8055%2C8058-8059%2C8061-8062%2C8070%2C8080%2C8092%2C8099-8102%2C8109%2C8141%2C8145%2C8151%2C8192%2C8207%2C8211%2C8213%2C8218%2C8245%2C8247-8248%2C8252%2C8255%2C8259%2C8263%2C8284%2C8293%2C8295-8296%2C8299%2C8305%2C8324%2C8326%2C8353%2C8355%2C8359%2C8382-8383%2C8388-8389%2C8399%2C8401%2C8403%2C8405%2C8418-8419%2C8427%2C8429%2C8435-8436%2C8446%2C8455%2C8459%2C8470%2C8473%2C8479%2C8481%2C8488%2C8490-8491%2C8493%2C8497%2C8504%2C8510-8537%2C8545-8546%2C8550%2C8552%2C8557%2C8588-8589%2C8604%2C8657%2C8659%2C8664-8665%2C8696%2C8708%2C8711%2C8715-8716%2C8719%2C8747%2C8763%2C8778%2C8788%2C8821%2C8830%2C8837%2C8840%2C8843
r8848
r8856
r8863
  +dir_prop: branches/qmmp-0.12 svn:mergeinfo /branches/qmmp-0.10:7522%0A/branches/qmmp-1.0:5596%0A/branches/qmmp-1.1:5819%2C5968%2C6043%2C6172%2C6233%2C6442%0A/branches/qmmp-1.2:6799%2C6945%2C6975%2C7173%2C7382%2C7520%0A/trunk/qmmp:7783%2C7785%2C7787-7788%2C7792-7793%2C7798%2C7805%2C7807-7811%2C7813%2C7822%2C7824%2C7830%2C7834%2C7838%2C7840%2C7857-7858%2C7876%2C7905%2C7907%2C8019%2C8021-8023%2C8032%2C8036-8037%2C8039%2C8041%2C8047%2C8053-8055%2C8058-8059%2C8061-8062%2C8070%2C8080%2C8092%2C8099-8102%2C8109%2C8141%2C8145%2C8151%2C8192%2C8207%2C8211%2C8213%2C8218%2C8245%2C8247-8248%2C8252%2C8255%2C8259%2C8263%2C8284%2C8293%2C8295-8296%2C8299%2C8305%2C8324%2C8326%2C8353%2C8355%2C8359%2C8382-8383%2C8388-8389%2C8399%2C8401%2C8403%2C8405%2C8418-8419%2C8427%2C8429%2C8435-8436%2C8446%2C8455%2C8459%2C8470%2C8473%2C8479%2C8481%2C8488%2C8490-8491%2C8493%2C8497%2C8504%2C8510-8537%2C8545-8546%2C8550%2C8552%2C8557%2C8588-8589%2C8604%2C8657%2C8659%2C8664-8665%2C8696%2C8708%2C8711%2C8715-8716%2C8719%2C8747%2C8763%2C8778%2C8788%2C8821%2C8830%2C8837%2C8840%2C8843%2C8860-8861
r8874
  +dir_prop: branches/qmmp-0.12 svn:mergeinfo /branches/qmmp-0.10:7522%0A/branches/qmmp-1.0:5596%0A/branches/qmmp-1.1:5819%2C5968%2C6043%2C6172%2C6233%2C6442%0A/branches/qmmp-1.2:6799%2C6945%2C6975%2C7173%2C7382%2C7520%0A/trunk/qmmp:7783%2C7785%2C7787-7788%2C7792-7793%2C7798%2C7805%2C7807-7811%2C7813%2C7822%2C7824%2C7830%2C7834%2C7838%2C7840%2C7857-7858%2C7876%2C7905%2C7907%2C8019%2C8021-8023%2C8032%2C8036-8037%2C8039%2C8041%2C8047%2C8053-8055%2C8058-8059%2C8061-8062%2C8070%2C8080%2C8092%2C8099-8102%2C8109%2C8141%2C8145%2C8151%2C8192%2C8207%2C8211%2C8213%2C8218%2C8245%2C8247-8248%2C8252%2C8255%2C8259%2C8263%2C8284%2C8293%2C8295-8296%2C8299%2C8305%2C8324%2C8326%2C8353%2C8355%2C8359%2C8382-8383%2C8388-8389%2C8399%2C8401%2C8403%2C8405%2C8418-8419%2C8427%2C8429%2C8435-8436%2C8446%2C8455%2C8459%2C8470%2C8473%2C8479%2C8481%2C8488%2C8490-8491%2C8493%2C8497%2C8504%2C8510-8537%2C8545-8546%2C8550%2C8552%2C8557%2C8588-8589%2C8604%2C8657%2C8659%2C8664-8665%2C8696%2C8708%2C8711%2C8715-8716%2C8719%2C8747%2C8763%2C8778%2C8788%2C8821%2C8830%2C8837%2C8840%2C8843%2C8860-8861%2C8865%2C8869%2C8872
  +dir_prop: branches/qmmp-0.12/src/plugins/Ui/qsui svn:mergeinfo /branches/qmmp-1.1/src/plugins/Ui/qsui:6172%0A/branches/qmmp-1.2/src/plugins/Ui/qsui:7382%0A/trunk/qmmp/src/plugins/Ui/qsui:7785%2C7788%2C7905%2C7921-8008%2C8019%2C8053-8055%2C8196-8203%2C8380%2C8399%2C8403%2C8711%2C8869%2C8872%0A/trunk/qmmp/src/plugins/Ui/skinned:5223%2C6018-6019%2C6022
r8875
  +dir_prop: branches/qmmp-0.12 svn:mergeinfo /branches/qmmp-0.10:7522%0A/branches/qmmp-1.0:5596%0A/branches/qmmp-1.1:5819%2C5968%2C6043%2C6172%2C6233%2C6442%0A/branches/qmmp-1.2:6799%2C6945%2C6975%2C7173%2C7382%2C7520%0A/trunk/qmmp:7783%2C7785%2C7787-7788%2C7792-7793%2C7798%2C7805%2C7807-7811%2C7813%2C7822%2C7824%2C7830%2C7834%2C7838%2C7840%2C7857-7858%2C7876%2C7905%2C7907%2C8019%2C8021-8023%2C8032%2C8036-8037%2C8039%2C8041%2C8047%2C8053-8055%2C8058-8059%2C8061-8062%2C8070%2C8080%2C8092%2C8099-8102%2C8109%2C8141%2C8145%2C8151%2C8192%2C8207%2C8211%2C8213%2C8218%2C8245%2C8247-8248%2C8252%2C8255%2C8259%2C8263%2C8284%2C8293%2C8295-8296%2C8299%2C8305%2C8324%2C8326%2C8353%2C8355%2C8359%2C8382-8383%2C8388-8389%2C8399%2C8401%2C8403%2C8405%2C8418-8419%2C8427%2C8429%2C8435-8436%2C8446%2C8455%2C8459%2C8470%2C8473%2C8479%2C8481%2C8488%2C8490-8491%2C8493%2C8497%2C8504%2C8510-8537%2C8545-8546%2C8550%2C8552%2C8557%2C8588-8589%2C8604%2C8657%2C8659%2C8664-8665%2C8696%2C8708%2C8711%2C8715-8716%2C8719%2C8747%2C8763%2C8778%2C8788%2C8821%2C8830%2C8837%2C8840%2C8843%2C8860-8861%2C8865%2C8869-8870%2C8872
r8877
r8878
r8894
  +dir_prop: branches/qmmp-0.12 svn:mergeinfo /branches/qmmp-0.10:7522%0A/branches/qmmp-1.0:5596%0A/branches/qmmp-1.1:5819%2C5968%2C6043%2C6172%2C6233%2C6442%0A/branches/qmmp-1.2:6799%2C6945%2C6975%2C7173%2C7382%2C7520%0A/trunk/qmmp:7783%2C7785%2C7787-7788%2C7792-7793%2C7798%2C7805%2C7807-7811%2C7813%2C7822%2C7824%2C7830%2C7834%2C7838%2C7840%2C7857-7858%2C7876%2C7905%2C7907%2C8019%2C8021-8023%2C8032%2C8036-8037%2C8039%2C8041%2C8047%2C8053-8055%2C8058-8059%2C8061-8062%2C8070%2C8080%2C8092%2C8099-8102%2C8109%2C8141%2C8145%2C8151%2C8192%2C8207%2C8211%2C8213%2C8218%2C8245%2C8247-8248%2C8252%2C8255%2C8259%2C8263%2C8284%2C8293%2C8295-8296%2C8299%2C8305%2C8324%2C8326%2C8353%2C8355%2C8359%2C8382-8383%2C8388-8389%2C8399%2C8401%2C8403%2C8405%2C8418-8419%2C8427%2C8429%2C8435-8436%2C8446%2C8455%2C8459%2C8470%2C8473%2C8479%2C8481%2C8488%2C8490-8491%2C8493%2C8497%2C8504%2C8510-8537%2C8545-8546%2C8550%2C8552%2C8557%2C8588-8589%2C8604%2C8657%2C8659%2C8664-8665%2C8696%2C8708%2C8711%2C8715-8716%2C8719%2C8747%2C8763%2C8778%2C8788%2C8821%2C8830%2C8837%2C8840%2C8843%2C8860-8861%2C8865%2C8869-8870%2C8872%2C8893
r8899
  +dir_prop: branches/qmmp-0.12 svn:mergeinfo /branches/qmmp-0.10:7522%0A/branches/qmmp-1.0:5596%0A/branches/qmmp-1.1:5819%2C5968%2C6043%2C6172%2C6233%2C6442%0A/branches/qmmp-1.2:6799%2C6945%2C6975%2C7173%2C7382%2C7520%0A/trunk/qmmp:7783%2C7785%2C7787-7788%2C7792-7793%2C7798%2C7805%2C7807-7811%2C7813%2C7822%2C7824%2C7830%2C7834%2C7838%2C7840%2C7857-7858%2C7876%2C7905%2C7907%2C8019%2C8021-8023%2C8032%2C8036-8037%2C8039%2C8041%2C8047%2C8053-8055%2C8058-8059%2C8061-8062%2C8070%2C8080%2C8092%2C8099-8102%2C8109%2C8141%2C8145%2C8151%2C8192%2C8207%2C8211%2C8213%2C8218%2C8245%2C8247-8248%2C8252%2C8255%2C8259%2C8263%2C8284%2C8293%2C8295-8296%2C8299%2C8305%2C8324%2C8326%2C8353%2C8355%2C8359%2C8382-8383%2C8388-8389%2C8399%2C8401%2C8403%2C8405%2C8418-8419%2C8427%2C8429%2C8435-8436%2C8446%2C8455%2C8459%2C8470%2C8473%2C8479%2C8481%2C8488%2C8490-8491%2C8493%2C8497%2C8504%2C8510-8537%2C8545-8546%2C8550%2C8552%2C8557%2C8588-8589%2C8604%2C8657%2C8659%2C8664-8665%2C8696%2C8708%2C8711%2C8715-8716%2C8719%2C8747%2C8763%2C8778%2C8788%2C8821%2C8830%2C8837%2C8840%2C8843%2C8860-8861%2C8865%2C8869-8870%2C8872%2C8893%2C8897
r8902
  +dir_prop: branches/qmmp-0.12 svn:mergeinfo /branches/qmmp-0.10:7522%0A/branches/qmmp-1.0:5596%0A/branches/qmmp-1.1:5819%2C5968%2C6043%2C6172%2C6233%2C6442%0A/branches/qmmp-1.2:6799%2C6945%2C6975%2C7173%2C7382%2C7520%0A/trunk/qmmp:7783%2C7785%2C7787-7788%2C7792-7793%2C7798%2C7805%2C7807-7811%2C7813%2C7822%2C7824%2C7830%2C7834%2C7838%2C7840%2C7857-7858%2C7876%2C7905%2C7907%2C8019%2C8021-8023%2C8032%2C8036-8037%2C8039%2C8041%2C8047%2C8053-8055%2C8058-8059%2C8061-8062%2C8070%2C8080%2C8092%2C8099-8102%2C8109%2C8141%2C8145%2C8151%2C8192%2C8207%2C8211%2C8213%2C8218%2C8245%2C8247-8248%2C8252%2C8255%2C8259%2C8263%2C8284%2C8293%2C8295-8296%2C8299%2C8305%2C8324%2C8326%2C8353%2C8355%2C8359%2C8382-8383%2C8388-8389%2C8399%2C8401%2C8403%2C8405%2C8418-8419%2C8427%2C8429%2C8435-8436%2C8446%2C8455%2C8459%2C8470%2C8473%2C8479%2C8481%2C8488%2C8490-8491%2C8493%2C8497%2C8504%2C8510-8537%2C8545-8546%2C8550%2C8552%2C8557%2C8588-8589%2C8604%2C8657%2C8659%2C8664-8665%2C8696%2C8708%2C8711%2C8715-8716%2C8719%2C8747%2C8763%2C8778%2C8788%2C8821%2C8830%2C8837%2C8840%2C8843%2C8860-8861%2C8865%2C8869-8870%2C8872%2C8893%2C8897%2C8900
r8903
r8905
r8908
  +dir_prop: branches/qmmp-0.12 svn:mergeinfo /branches/qmmp-0.10:7522%0A/branches/qmmp-1.0:5596%0A/branches/qmmp-1.1:5819%2C5968%2C6043%2C6172%2C6233%2C6442%0A/branches/qmmp-1.2:6799%2C6945%2C6975%2C7173%2C7382%2C7520%0A/trunk/qmmp:7783%2C7785%2C7787-7788%2C7792-7793%2C7798%2C7805%2C7807-7811%2C7813%2C7822%2C7824%2C7830%2C7834%2C7838%2C7840%2C7857-7858%2C7876%2C7905%2C7907%2C8019%2C8021-8023%2C8032%2C8036-8037%2C8039%2C8041%2C8047%2C8053-8055%2C8058-8059%2C8061-8062%2C8070%2C8080%2C8092%2C8099-8102%2C8109%2C8141%2C8145%2C8151%2C8192%2C8207%2C8211%2C8213%2C8218%2C8245%2C8247-8248%2C8252%2C8255%2C8259%2C8263%2C8284%2C8293%2C8295-8296%2C8299%2C8305%2C8324%2C8326%2C8353%2C8355%2C8359%2C8382-8383%2C8388-8389%2C8399%2C8401%2C8403%2C8405%2C8418-8419%2C8427%2C8429%2C8435-8436%2C8446%2C8455%2C8459%2C8470%2C8473%2C8479%2C8481%2C8488%2C8490-8491%2C8493%2C8497%2C8504%2C8510-8537%2C8545-8546%2C8550%2C8552%2C8557%2C8588-8589%2C8604%2C8657%2C8659%2C8664-8665%2C8696%2C8708%2C8711%2C8715-8716%2C8719%2C8747%2C8763%2C8778%2C8788%2C8821%2C8830%2C8837%2C8840%2C8843%2C8860-8861%2C8865%2C8869-8870%2C8872%2C8893%2C8897%2C8900%2C8906
r8912
  +dir_prop: branches/qmmp-0.12 svn:mergeinfo /branches/qmmp-0.10:7522%0A/branches/qmmp-1.0:5596%0A/branches/qmmp-1.1:5819%2C5968%2C6043%2C6172%2C6233%2C6442%0A/branches/qmmp-1.2:6799%2C6945%2C6975%2C7173%2C7382%2C7520%0A/trunk/qmmp:7783%2C7785%2C7787-7788%2C7792-7793%2C7798%2C7805%2C7807-7811%2C7813%2C7822%2C7824%2C7830%2C7834%2C7838%2C7840%2C7857-7858%2C7876%2C7905%2C7907%2C8019%2C8021-8023%2C8032%2C8036-8037%2C8039%2C8041%2C8047%2C8053-8055%2C8058-8059%2C8061-8062%2C8070%2C8080%2C8092%2C8099-8102%2C8109%2C8141%2C8145%2C8151%2C8192%2C8207%2C8211%2C8213%2C8218%2C8245%2C8247-8248%2C8252%2C8255%2C8259%2C8263%2C8284%2C8293%2C8295-8296%2C8299%2C8305%2C8324%2C8326%2C8353%2C8355%2C8359%2C8382-8383%2C8388-8389%2C8399%2C8401%2C8403%2C8405%2C8418-8419%2C8427%2C8429%2C8435-8436%2C8446%2C8455%2C8459%2C8470%2C8473%2C8479%2C8481%2C8488%2C8490-8491%2C8493%2C8497%2C8504%2C8510-8537%2C8545-8546%2C8550%2C8552%2C8557%2C8588-8589%2C8604%2C8657%2C8659%2C8664-8665%2C8696%2C8708%2C8711%2C8715-8716%2C8719%2C8747%2C8763%2C8778%2C8788%2C8821%2C8830%2C8837%2C8840%2C8843%2C8860-8861%2C8865%2C8869-8870%2C8872%2C8893%2C8897%2C8900%2C8906%2C8910
r8917
r8920
  +dir_prop: branches/qmmp-0.12 svn:mergeinfo /branches/qmmp-0.10:7522%0A/branches/qmmp-1.0:5596%0A/branches/qmmp-1.1:5819%2C5968%2C6043%2C6172%2C6233%2C6442%0A/branches/qmmp-1.2:6799%2C6945%2C6975%2C7173%2C7382%2C7520%0A/trunk/qmmp:7783%2C7785%2C7787-7788%2C7792-7793%2C7798%2C7805%2C7807-7811%2C7813%2C7822%2C7824%2C7830%2C7834%2C7838%2C7840%2C7857-7858%2C7876%2C7905%2C7907%2C8019%2C8021-8023%2C8032%2C8036-8037%2C8039%2C8041%2C8047%2C8053-8055%2C8058-8059%2C8061-8062%2C8070%2C8080%2C8092%2C8099-8102%2C8109%2C8141%2C8145%2C8151%2C8192%2C8207%2C8211%2C8213%2C8218%2C8245%2C8247-8248%2C8252%2C8255%2C8259%2C8263%2C8284%2C8293%2C8295-8296%2C8299%2C8305%2C8324%2C8326%2C8353%2C8355%2C8359%2C8382-8383%2C8388-8389%2C8399%2C8401%2C8403%2C8405%2C8418-8419%2C8427%2C8429%2C8435-8436%2C8446%2C8455%2C8459%2C8470%2C8473%2C8479%2C8481%2C8488%2C8490-8491%2C8493%2C8497%2C8504%2C8510-8537%2C8545-8546%2C8550%2C8552%2C8557%2C8588-8589%2C8604%2C8657%2C8659%2C8664-8665%2C8696%2C8708%2C8711%2C8715-8716%2C8719%2C8747%2C8763%2C8778%2C8788%2C8821%2C8830%2C8837%2C8840%2C8843%2C8860-8861%2C8865%2C8869-8870%2C8872%2C8893%2C8897%2C8900%2C8906%2C8910%2C8918
  +file_prop: branches/qmmp-0.12/src/app/images/128x128/qmmp-0.png svn:mime-type application/octet-stream
  +file_prop: branches/qmmp-0.12/src/app/images/256x256/qmmp-0.png svn:mime-type application/octet-stream
  +file_prop: branches/qmmp-0.12/src/app/images/64x64/qmmp-0.png svn:mime-type application/octet-stream
r8922
r8924
  +dir_prop: branches/qmmp-0.12 svn:mergeinfo /branches/qmmp-0.10:7522%0A/branches/qmmp-1.0:5596%0A/branches/qmmp-1.1:5819%2C5968%2C6043%2C6172%2C6233%2C6442%0A/branches/qmmp-1.2:6799%2C6945%2C6975%2C7173%2C7382%2C7520%0A/branches/qmmp-1.3:8923%0A/trunk/qmmp:7783%2C7785%2C7787-7788%2C7792-7793%2C7798%2C7805%2C7807-7811%2C7813%2C7822%2C7824%2C7830%2C7834%2C7838%2C7840%2C7857-7858%2C7876%2C7905%2C7907%2C8019%2C8021-8023%2C8032%2C8036-8037%2C8039%2C8041%2C8047%2C8053-8055%2C8058-8059%2C8061-8062%2C8070%2C8080%2C8092%2C8099-8102%2C8109%2C8141%2C8145%2C8151%2C8192%2C8207%2C8211%2C8213%2C8218%2C8245%2C8247-8248%2C8252%2C8255%2C8259%2C8263%2C8284%2C8293%2C8295-8296%2C8299%2C8305%2C8324%2C8326%2C8353%2C8355%2C8359%2C8382-8383%2C8388-8389%2C8399%2C8401%2C8403%2C8405%2C8418-8419%2C8427%2C8429%2C8435-8436%2C8446%2C8455%2C8459%2C8470%2C8473%2C8479%2C8481%2C8488%2C8490-8491%2C8493%2C8497%2C8504%2C8510-8537%2C8545-8546%2C8550%2C8552%2C8557%2C8588-8589%2C8604%2C8657%2C8659%2C8664-8665%2C8696%2C8708%2C8711%2C8715-8716%2C8719%2C8747%2C8763%2C8778%2C8788%2C8821%2C8830%2C8837%2C8840%2C8843%2C8860-8861%2C8865%2C8869-8870%2C8872%2C8893%2C8897%2C8900%2C8906%2C8910%2C8918
r8925
r8927
r8931
r8933
  +dir_prop: branches/qmmp-0.12 svn:mergeinfo /branches/qmmp-0.10:7522%0A/branches/qmmp-1.0:5596%0A/branches/qmmp-1.1:5819%2C5968%2C6043%2C6172%2C6233%2C6442%0A/branches/qmmp-1.2:6799%2C6945%2C6975%2C7173%2C7382%2C7520%0A/branches/qmmp-1.3:8923%2C8932%0A/trunk/qmmp:7783%2C7785%2C7787-7788%2C7792-7793%2C7798%2C7805%2C7807-7811%2C7813%2C7822%2C7824%2C7830%2C7834%2C7838%2C7840%2C7857-7858%2C7876%2C7905%2C7907%2C8019%2C8021-8023%2C8032%2C8036-8037%2C8039%2C8041%2C8047%2C8053-8055%2C8058-8059%2C8061-8062%2C8070%2C8080%2C8092%2C8099-8102%2C8109%2C8141%2C8145%2C8151%2C8192%2C8207%2C8211%2C8213%2C8218%2C8245%2C8247-8248%2C8252%2C8255%2C8259%2C8263%2C8284%2C8293%2C8295-8296%2C8299%2C8305%2C8324%2C8326%2C8353%2C8355%2C8359%2C8382-8383%2C8388-8389%2C8399%2C8401%2C8403%2C8405%2C8418-8419%2C8427%2C8429%2C8435-8436%2C8446%2C8455%2C8459%2C8470%2C8473%2C8479%2C8481%2C8488%2C8490-8491%2C8493%2C8497%2C8504%2C8510-8537%2C8545-8546%2C8550%2C8552%2C8557%2C8588-8589%2C8604%2C8657%2C8659%2C8664-8665%2C8696%2C8708%2C8711%2C8715-8716%2C8719%2C8747%2C8763%2C8778%2C8788%2C8821%2C8830%2C8837%2C8840%2C8843%2C8860-8861%2C8865%2C8869-8870%2C8872%2C8893%2C8897%2C8900%2C8906%2C8910%2C8918
r8935
r8940
  +dir_prop: branches/qmmp-0.12 svn:mergeinfo /branches/qmmp-0.10:7522%0A/branches/qmmp-1.0:5596%0A/branches/qmmp-1.1:5819%2C5968%2C6043%2C6172%2C6233%2C6442%0A/branches/qmmp-1.2:6799%2C6945%2C6975%2C7173%2C7382%2C7520%0A/branches/qmmp-1.3:8923%2C8932%0A/trunk/qmmp:7783%2C7785%2C7787-7788%2C7792-7793%2C7798%2C7805%2C7807-7811%2C7813%2C7822%2C7824%2C7830%2C7834%2C7838%2C7840%2C7857-7858%2C7876%2C7905%2C7907%2C8019%2C8021-8023%2C8032%2C8036-8037%2C8039%2C8041%2C8047%2C8053-8055%2C8058-8059%2C8061-8062%2C8070%2C8080%2C8092%2C8099-8102%2C8109%2C8141%2C8145%2C8151%2C8192%2C8207%2C8211%2C8213%2C8218%2C8245%2C8247-8248%2C8252%2C8255%2C8259%2C8263%2C8284%2C8293%2C8295-8296%2C8299%2C8305%2C8324%2C8326%2C8353%2C8355%2C8359%2C8382-8383%2C8388-8389%2C8399%2C8401%2C8403%2C8405%2C8418-8419%2C8427%2C8429%2C8435-8436%2C8446%2C8455%2C8459%2C8470%2C8473%2C8479%2C8481%2C8488%2C8490-8491%2C8493%2C8497%2C8504%2C8510-8537%2C8545-8546%2C8550%2C8552%2C8557%2C8588-8589%2C8604%2C8657%2C8659%2C8664-8665%2C8696%2C8708%2C8711%2C8715-8716%2C8719%2C8747%2C8763%2C8778%2C8788%2C8821%2C8830%2C8837%2C8840%2C8843%2C8860-8861%2C8865%2C8869-8870%2C8872%2C8893%2C8897%2C8900%2C8906%2C8910%2C8918%2C8936-8937
r8943
  +dir_prop: branches/qmmp-0.12 svn:mergeinfo /branches/qmmp-0.10:7522%0A/branches/qmmp-1.0:5596%0A/branches/qmmp-1.1:5819%2C5968%2C6043%2C6172%2C6233%2C6442%0A/branches/qmmp-1.2:6799%2C6945%2C6975%2C7173%2C7382%2C7520%0A/branches/qmmp-1.3:8923%2C8932%0A/trunk/qmmp:7783%2C7785%2C7787-7788%2C7792-7793%2C7798%2C7805%2C7807-7811%2C7813%2C7822%2C7824%2C7830%2C7834%2C7838%2C7840%2C7857-7858%2C7876%2C7905%2C7907%2C8019%2C8021-8023%2C8032%2C8036-8037%2C8039%2C8041%2C8047%2C8053-8055%2C8058-8059%2C8061-8062%2C8070%2C8080%2C8092%2C8099-8102%2C8109%2C8141%2C8145%2C8151%2C8192%2C8207%2C8211%2C8213%2C8218%2C8245%2C8247-8248%2C8252%2C8255%2C8259%2C8263%2C8284%2C8293%2C8295-8296%2C8299%2C8305%2C8324%2C8326%2C8353%2C8355%2C8359%2C8382-8383%2C8388-8389%2C8399%2C8401%2C8403%2C8405%2C8418-8419%2C8427%2C8429%2C8435-8436%2C8446%2C8455%2C8459%2C8470%2C8473%2C8479%2C8481%2C8488%2C8490-8491%2C8493%2C8497%2C8504%2C8510-8537%2C8545-8546%2C8550%2C8552%2C8557%2C8588-8589%2C8604%2C8657%2C8659%2C8664-8665%2C8696%2C8708%2C8711%2C8715-8716%2C8719%2C8747%2C8763%2C8778%2C8788%2C8821%2C8830%2C8837%2C8840%2C8843%2C8860-8861%2C8865%2C8869-8870%2C8872%2C8893%2C8897%2C8900%2C8906%2C8910%2C8918%2C8936-8937%2C8941-8942
r8946
  +dir_prop: branches/qmmp-0.12 svn:mergeinfo /branches/qmmp-0.10:7522%0A/branches/qmmp-1.0:5596%0A/branches/qmmp-1.1:5819%2C5968%2C6043%2C6172%2C6233%2C6442%0A/branches/qmmp-1.2:6799%2C6945%2C6975%2C7173%2C7382%2C7520%0A/branches/qmmp-1.3:8923%2C8932%2C8945%0A/trunk/qmmp:7783%2C7785%2C7787-7788%2C7792-7793%2C7798%2C7805%2C7807-7811%2C7813%2C7822%2C7824%2C7830%2C7834%2C7838%2C7840%2C7857-7858%2C7876%2C7905%2C7907%2C8019%2C8021-8023%2C8032%2C8036-8037%2C8039%2C8041%2C8047%2C8053-8055%2C8058-8059%2C8061-8062%2C8070%2C8080%2C8092%2C8099-8102%2C8109%2C8141%2C8145%2C8151%2C8192%2C8207%2C8211%2C8213%2C8218%2C8245%2C8247-8248%2C8252%2C8255%2C8259%2C8263%2C8284%2C8293%2C8295-8296%2C8299%2C8305%2C8324%2C8326%2C8353%2C8355%2C8359%2C8382-8383%2C8388-8389%2C8399%2C8401%2C8403%2C8405%2C8418-8419%2C8427%2C8429%2C8435-8436%2C8446%2C8455%2C8459%2C8470%2C8473%2C8479%2C8481%2C8488%2C8490-8491%2C8493%2C8497%2C8504%2C8510-8537%2C8545-8546%2C8550%2C8552%2C8557%2C8588-8589%2C8604%2C8657%2C8659%2C8664-8665%2C8696%2C8708%2C8711%2C8715-8716%2C8719%2C8747%2C8763%2C8778%2C8788%2C8821%2C8830%2C8837%2C8840%2C8843%2C8860-8861%2C8865%2C8869-8870%2C8872%2C8893%2C8897%2C8900%2C8906%2C8910%2C8918%2C8936-8937%2C8941-8942
r8951
r8957
r8967
  +dir_prop: branches/qmmp-0.12 svn:mergeinfo /branches/qmmp-0.10:7522%0A/branches/qmmp-1.0:5596%0A/branches/qmmp-1.1:5819%2C5968%2C6043%2C6172%2C6233%2C6442%0A/branches/qmmp-1.2:6799%2C6945%2C6975%2C7173%2C7382%2C7520%0A/branches/qmmp-1.3:8923%2C8932%2C8945%0A/trunk/qmmp:7783%2C7785%2C7787-7788%2C7792-7793%2C7798%2C7805%2C7807-7811%2C7813%2C7822%2C7824%2C7830%2C7834%2C7838%2C7840%2C7857-7858%2C7876%2C7905%2C7907%2C8019%2C8021-8023%2C8032%2C8036-8037%2C8039%2C8041%2C8047%2C8053-8055%2C8058-8059%2C8061-8062%2C8070%2C8080%2C8092%2C8099-8102%2C8109%2C8141%2C8145%2C8151%2C8192%2C8207%2C8211%2C8213%2C8218%2C8245%2C8247-8248%2C8252%2C8255%2C8259%2C8263%2C8284%2C8293%2C8295-8296%2C8299%2C8305%2C8324%2C8326%2C8353%2C8355%2C8359%2C8382-8383%2C8388-8389%2C8399%2C8401%2C8403%2C8405%2C8418-8419%2C8427%2C8429%2C8435-8436%2C8446%2C8455%2C8459%2C8470%2C8473%2C8479%2C8481%2C8488%2C8490-8491%2C8493%2C8497%2C8504%2C8510-8537%2C8545-8546%2C8550%2C8552%2C8557%2C8588-8589%2C8604%2C8657%2C8659%2C8664-8665%2C8696%2C8708%2C8711%2C8715-8716%2C8719%2C8747%2C8763%2C8778%2C8788%2C8821%2C8830%2C8837%2C8840%2C8843%2C8860-8861%2C8865%2C8869-8870%2C8872%2C8893%2C8897%2C8900%2C8906%2C8910%2C8918%2C8936-8937%2C8941-8942%2C8964
r8970
r8975
  +dir_prop: branches/qmmp-0.12 svn:mergeinfo /branches/qmmp-0.10:7522%0A/branches/qmmp-1.0:5596%0A/branches/qmmp-1.1:5819%2C5968%2C6043%2C6172%2C6233%2C6442%0A/branches/qmmp-1.2:6799%2C6945%2C6975%2C7173%2C7382%2C7520%0A/branches/qmmp-1.3:8923%2C8932%2C8945%0A/trunk/qmmp:7783%2C7785%2C7787-7788%2C7792-7793%2C7798%2C7805%2C7807-7811%2C7813%2C7822%2C7824%2C7830%2C7834%2C7838%2C7840%2C7857-7858%2C7876%2C7905%2C7907%2C8019%2C8021-8023%2C8032%2C8036-8037%2C8039%2C8041%2C8047%2C8053-8055%2C8058-8059%2C8061-8062%2C8070%2C8080%2C8092%2C8099-8102%2C8109%2C8141%2C8145%2C8151%2C8192%2C8207%2C8211%2C8213%2C8218%2C8245%2C8247-8248%2C8252%2C8255%2C8259%2C8263%2C8284%2C8293%2C8295-8296%2C8299%2C8305%2C8324%2C8326%2C8353%2C8355%2C8359%2C8382-8383%2C8388-8389%2C8399%2C8401%2C8403%2C8405%2C8418-8419%2C8427%2C8429%2C8435-8436%2C8446%2C8455%2C8459%2C8470%2C8473%2C8479%2C8481%2C8488%2C8490-8491%2C8493%2C8497%2C8504%2C8510-8537%2C8545-8546%2C8550%2C8552%2C8557%2C8588-8589%2C8604%2C8657%2C8659%2C8664-8665%2C8696%2C8708%2C8711%2C8715-8716%2C8719%2C8747%2C8763%2C8778%2C8788%2C8821%2C8830%2C8837%2C8840%2C8843%2C8860-8861%2C8865%2C8869-8870%2C8872%2C8893%2C8897%2C8900%2C8906%2C8910%2C8918%2C8936-8937%2C8941-8942%2C8964%2C8973
r8994
  +dir_prop: branches/qmmp-0.12 svn:mergeinfo /branches/qmmp-0.10:7522%0A/branches/qmmp-1.0:5596%0A/branches/qmmp-1.1:5819%2C5968%2C6043%2C6172%2C6233%2C6442%0A/branches/qmmp-1.2:6799%2C6945%2C6975%2C7173%2C7382%2C7520%0A/branches/qmmp-1.3:8923%2C8932%2C8945%0A/trunk/qmmp:7783%2C7785%2C7787-7788%2C7792-7793%2C7798%2C7805%2C7807-7811%2C7813%2C7822%2C7824%2C7830%2C7834%2C7838%2C7840%2C7857-7858%2C7876%2C7905%2C7907%2C8019%2C8021-8023%2C8032%2C8036-8037%2C8039%2C8041%2C8047%2C8053-8055%2C8058-8059%2C8061-8062%2C8070%2C8080%2C8092%2C8099-8102%2C8109%2C8141%2C8145%2C8151%2C8192%2C8207%2C8211%2C8213%2C8218%2C8245%2C8247-8248%2C8252%2C8255%2C8259%2C8263%2C8284%2C8293%2C8295-8296%2C8299%2C8305%2C8324%2C8326%2C8353%2C8355%2C8359%2C8382-8383%2C8388-8389%2C8399%2C8401%2C8403%2C8405%2C8418-8419%2C8427%2C8429%2C8435-8436%2C8446%2C8455%2C8459%2C8470%2C8473%2C8479%2C8481%2C8488%2C8490-8491%2C8493%2C8497%2C8504%2C8510-8537%2C8545-8546%2C8550%2C8552%2C8557%2C8588-8589%2C8604%2C8657%2C8659%2C8664-8665%2C8696%2C8708%2C8711%2C8715-8716%2C8719%2C8747%2C8763%2C8778%2C8788%2C8821%2C8830%2C8837%2C8840%2C8843%2C8860-8861%2C8865%2C8869-8870%2C8872%2C8893%2C8897%2C8900%2C8906%2C8910%2C8918%2C8936-8937%2C8941-8942%2C8964%2C8973%2C8992
r8996
  +dir_prop: branches/qmmp-0.12 svn:mergeinfo /branches/qmmp-0.10:7522%0A/branches/qmmp-1.0:5596%0A/branches/qmmp-1.1:5819%2C5968%2C6043%2C6172%2C6233%2C6442%0A/branches/qmmp-1.2:6799%2C6945%2C6975%2C7173%2C7382%2C7520%0A/branches/qmmp-1.3:8923%2C8932%2C8945%2C8995%0A/trunk/qmmp:7783%2C7785%2C7787-7788%2C7792-7793%2C7798%2C7805%2C7807-7811%2C7813%2C7822%2C7824%2C7830%2C7834%2C7838%2C7840%2C7857-7858%2C7876%2C7905%2C7907%2C8019%2C8021-8023%2C8032%2C8036-8037%2C8039%2C8041%2C8047%2C8053-8055%2C8058-8059%2C8061-8062%2C8070%2C8080%2C8092%2C8099-8102%2C8109%2C8141%2C8145%2C8151%2C8192%2C8207%2C8211%2C8213%2C8218%2C8245%2C8247-8248%2C8252%2C8255%2C8259%2C8263%2C8284%2C8293%2C8295-8296%2C8299%2C8305%2C8324%2C8326%2C8353%2C8355%2C8359%2C8382-8383%2C8388-8389%2C8399%2C8401%2C8403%2C8405%2C8418-8419%2C8427%2C8429%2C8435-8436%2C8446%2C8455%2C8459%2C8470%2C8473%2C8479%2C8481%2C8488%2C8490-8491%2C8493%2C8497%2C8504%2C8510-8537%2C8545-8546%2C8550%2C8552%2C8557%2C8588-8589%2C8604%2C8657%2C8659%2C8664-8665%2C8696%2C8708%2C8711%2C8715-8716%2C8719%2C8747%2C8763%2C8778%2C8788%2C8821%2C8830%2C8837%2C8840%2C8843%2C8860-8861%2C8865%2C8869-8870%2C8872%2C8893%2C8897%2C8900%2C8906%2C8910%2C8918%2C8936-8937%2C8941-8942%2C8964%2C8973%2C8992
r9004
r9007
  +dir_prop: branches/qmmp-0.12 svn:mergeinfo /branches/qmmp-0.10:7522%0A/branches/qmmp-1.0:5596%0A/branches/qmmp-1.1:5819%2C5968%2C6043%2C6172%2C6233%2C6442%0A/branches/qmmp-1.2:6799%2C6945%2C6975%2C7173%2C7382%2C7520%0A/branches/qmmp-1.3:8923%2C8932%2C8945%2C8995%0A/trunk/qmmp:7783%2C7785%2C7787-7788%2C7792-7793%2C7798%2C7805%2C7807-7811%2C7813%2C7822%2C7824%2C7830%2C7834%2C7838%2C7840%2C7857-7858%2C7876%2C7905%2C7907%2C8019%2C8021-8023%2C8032%2C8036-8037%2C8039%2C8041%2C8047%2C8053-8055%2C8058-8059%2C8061-8062%2C8070%2C8080%2C8092%2C8099-8102%2C8109%2C8141%2C8145%2C8151%2C8192%2C8207%2C8211%2C8213%2C8218%2C8245%2C8247-8248%2C8252%2C8255%2C8259%2C8263%2C8284%2C8293%2C8295-8296%2C8299%2C8305%2C8324%2C8326%2C8353%2C8355%2C8359%2C8382-8383%2C8388-8389%2C8399%2C8401%2C8403%2C8405%2C8418-8419%2C8427%2C8429%2C8435-8436%2C8446%2C8455%2C8459%2C8470%2C8473%2C8479%2C8481%2C8488%2C8490-8491%2C8493%2C8497%2C8504%2C8510-8537%2C8545-8546%2C8550%2C8552%2C8557%2C8588-8589%2C8604%2C8657%2C8659%2C8664-8665%2C8696%2C8708%2C8711%2C8715-8716%2C8719%2C8747%2C8763%2C8778%2C8788%2C8821%2C8830%2C8837%2C8840%2C8843%2C8860-8861%2C8865%2C8869-8870%2C8872%2C8893%2C8897%2C8900%2C8906%2C8910%2C8918%2C8936-8937%2C8941-8942%2C8964%2C8973%2C8992%2C9006
r9010
  +dir_prop: branches/qmmp-0.12 svn:mergeinfo /branches/qmmp-0.10:7522%0A/branches/qmmp-1.0:5596%0A/branches/qmmp-1.1:5819%2C5968%2C6043%2C6172%2C6233%2C6442%0A/branches/qmmp-1.2:6799%2C6945%2C6975%2C7173%2C7382%2C7520%0A/branches/qmmp-1.3:8923%2C8932%2C8945%2C8995%2C9009%0A/trunk/qmmp:7783%2C7785%2C7787-7788%2C7792-7793%2C7798%2C7805%2C7807-7811%2C7813%2C7822%2C7824%2C7830%2C7834%2C7838%2C7840%2C7857-7858%2C7876%2C7905%2C7907%2C8019%2C8021-8023%2C8032%2C8036-8037%2C8039%2C8041%2C8047%2C8053-8055%2C8058-8059%2C8061-8062%2C8070%2C8080%2C8092%2C8099-8102%2C8109%2C8141%2C8145%2C8151%2C8192%2C8207%2C8211%2C8213%2C8218%2C8245%2C8247-8248%2C8252%2C8255%2C8259%2C8263%2C8284%2C8293%2C8295-8296%2C8299%2C8305%2C8324%2C8326%2C8353%2C8355%2C8359%2C8382-8383%2C8388-8389%2C8399%2C8401%2C8403%2C8405%2C8418-8419%2C8427%2C8429%2C8435-8436%2C8446%2C8455%2C8459%2C8470%2C8473%2C8479%2C8481%2C8488%2C8490-8491%2C8493%2C8497%2C8504%2C8510-8537%2C8545-8546%2C8550%2C8552%2C8557%2C8588-8589%2C8604%2C8657%2C8659%2C8664-8665%2C8696%2C8708%2C8711%2C8715-8716%2C8719%2C8747%2C8763%2C8778%2C8788%2C8821%2C8830%2C8837%2C8840%2C8843%2C8860-8861%2C8865%2C8869-8870%2C8872%2C8893%2C8897%2C8900%2C8906%2C8910%2C8918%2C8936-8937%2C8941-8942%2C8964%2C8973%2C8992%2C9001-9002%2C9006
r9014
  +dir_prop: branches/qmmp-0.12 svn:mergeinfo /branches/qmmp-0.10:7522%0A/branches/qmmp-1.0:5596%0A/branches/qmmp-1.1:5819%2C5968%2C6043%2C6172%2C6233%2C6442%0A/branches/qmmp-1.2:6799%2C6945%2C6975%2C7173%2C7382%2C7520%0A/branches/qmmp-1.3:8923%2C8932%2C8945%2C8995%2C9009%0A/trunk/qmmp:7783%2C7785%2C7787-7788%2C7792-7793%2C7798%2C7805%2C7807-7811%2C7813%2C7822%2C7824%2C7830%2C7834%2C7838%2C7840%2C7857-7858%2C7876%2C7905%2C7907%2C8019%2C8021-8023%2C8032%2C8036-8037%2C8039%2C8041%2C8047%2C8053-8055%2C8058-8059%2C8061-8062%2C8070%2C8080%2C8092%2C8099-8102%2C8109%2C8141%2C8145%2C8151%2C8192%2C8207%2C8211%2C8213%2C8218%2C8245%2C8247-8248%2C8252%2C8255%2C8259%2C8263%2C8284%2C8293%2C8295-8296%2C8299%2C8305%2C8324%2C8326%2C8353%2C8355%2C8359%2C8382-8383%2C8388-8389%2C8399%2C8401%2C8403%2C8405%2C8418-8419%2C8427%2C8429%2C8435-8436%2C8446%2C8455%2C8459%2C8470%2C8473%2C8479%2C8481%2C8488%2C8490-8491%2C8493%2C8497%2C8504%2C8510-8537%2C8545-8546%2C8550%2C8552%2C8557%2C8588-8589%2C8604%2C8657%2C8659%2C8664-8665%2C8696%2C8708%2C8711%2C8715-8716%2C8719%2C8747%2C8763%2C8778%2C8788%2C8821%2C8830%2C8837%2C8840%2C8843%2C8860-8861%2C8865%2C8869-8870%2C8872%2C8893%2C8897%2C8900%2C8906%2C8910%2C8918%2C8936-8937%2C8941-8942%2C8964%2C8973%2C8992%2C9001-9002%2C9006%2C9012
r9017
  +dir_prop: branches/qmmp-0.12 svn:mergeinfo /branches/qmmp-0.10:7522%0A/branches/qmmp-1.0:5596%0A/branches/qmmp-1.1:5819%2C5968%2C6043%2C6172%2C6233%2C6442%0A/branches/qmmp-1.2:6799%2C6945%2C6975%2C7173%2C7382%2C7520%0A/branches/qmmp-1.3:8923%2C8932%2C8945%2C8995%2C9009%0A/trunk/qmmp:7783%2C7785%2C7787-7788%2C7792-7793%2C7798%2C7805%2C7807-7811%2C7813%2C7822%2C7824%2C7830%2C7834%2C7838%2C7840%2C7857-7858%2C7876%2C7905%2C7907%2C8019%2C8021-8023%2C8032%2C8036-8037%2C8039%2C8041%2C8047%2C8053-8055%2C8058-8059%2C8061-8062%2C8070%2C8080%2C8092%2C8099-8102%2C8109%2C8141%2C8145%2C8151%2C8192%2C8207%2C8211%2C8213%2C8218%2C8245%2C8247-8248%2C8252%2C8255%2C8259%2C8263%2C8284%2C8293%2C8295-8296%2C8299%2C8305%2C8324%2C8326%2C8353%2C8355%2C8359%2C8382-8383%2C8388-8389%2C8399%2C8401%2C8403%2C8405%2C8418-8419%2C8427%2C8429%2C8435-8436%2C8446%2C8455%2C8459%2C8470%2C8473%2C8479%2C8481%2C8488%2C8490-8491%2C8493%2C8497%2C8504%2C8510-8537%2C8545-8546%2C8550%2C8552%2C8557%2C8588-8589%2C8604%2C8657%2C8659%2C8664-8665%2C8696%2C8708%2C8711%2C8715-8716%2C8719%2C8747%2C8763%2C8778%2C8788%2C8821%2C8830%2C8837%2C8840%2C8843%2C8860-8861%2C8865%2C8869-8870%2C8872%2C8893%2C8897%2C8900%2C8906%2C8910%2C8918%2C8936-8937%2C8941-8942%2C8964%2C8973%2C8992%2C9001-9002%2C9006%2C9012%2C9015
r9021
  +dir_prop: branches/qmmp-0.12 svn:mergeinfo /branches/qmmp-0.10:7522%0A/branches/qmmp-1.0:5596%0A/branches/qmmp-1.1:5819%2C5968%2C6043%2C6172%2C6233%2C6442%0A/branches/qmmp-1.2:6799%2C6945%2C6975%2C7173%2C7382%2C7520%0A/branches/qmmp-1.3:8923%2C8932%2C8945%2C8995%2C9009%0A/trunk/qmmp:7783%2C7785%2C7787-7788%2C7792-7793%2C7798%2C7805%2C7807-7811%2C7813%2C7822%2C7824%2C7830%2C7834%2C7838%2C7840%2C7857-7858%2C7876%2C7905%2C7907%2C8019%2C8021-8023%2C8032%2C8036-8037%2C8039%2C8041%2C8047%2C8053-8055%2C8058-8059%2C8061-8062%2C8070%2C8080%2C8092%2C8099-8102%2C8109%2C8141%2C8145%2C8151%2C8192%2C8207%2C8211%2C8213%2C8218%2C8245%2C8247-8248%2C8252%2C8255%2C8259%2C8263%2C8284%2C8293%2C8295-8296%2C8299%2C8305%2C8324%2C8326%2C8353%2C8355%2C8359%2C8382-8383%2C8388-8389%2C8399%2C8401%2C8403%2C8405%2C8418-8419%2C8427%2C8429%2C8435-8436%2C8446%2C8455%2C8459%2C8470%2C8473%2C8479%2C8481%2C8488%2C8490-8491%2C8493%2C8497%2C8504%2C8510-8537%2C8545-8546%2C8550%2C8552%2C8557%2C8588-8589%2C8604%2C8657%2C8659%2C8664-8665%2C8696%2C8708%2C8711%2C8715-8716%2C8719%2C8747%2C8763%2C8778%2C8788%2C8821%2C8830%2C8837%2C8840%2C8843%2C8860-8861%2C8865%2C8869-8870%2C8872%2C8893%2C8897%2C8900%2C8906%2C8910%2C8918%2C8936-8937%2C8941-8942%2C8964%2C8973%2C8992%2C9001-9002%2C9006%2C9012%2C9015%2C9019
r9024
  +dir_prop: branches/qmmp-0.12 svn:mergeinfo /branches/qmmp-0.10:7522%0A/branches/qmmp-1.0:5596%0A/branches/qmmp-1.1:5819%2C5968%2C6043%2C6172%2C6233%2C6442%0A/branches/qmmp-1.2:6799%2C6945%2C6975%2C7173%2C7382%2C7520%0A/branches/qmmp-1.3:8923%2C8932%2C8945%2C8995%2C9009%0A/trunk/qmmp:7783%2C7785%2C7787-7788%2C7792-7793%2C7798%2C7805%2C7807-7811%2C7813%2C7822%2C7824%2C7830%2C7834%2C7838%2C7840%2C7857-7858%2C7876%2C7905%2C7907%2C8019%2C8021-8023%2C8032%2C8036-8037%2C8039%2C8041%2C8047%2C8053-8055%2C8058-8059%2C8061-8062%2C8070%2C8080%2C8092%2C8099-8102%2C8109%2C8141%2C8145%2C8151%2C8192%2C8207%2C8211%2C8213%2C8218%2C8245%2C8247-8248%2C8252%2C8255%2C8259%2C8263%2C8284%2C8293%2C8295-8296%2C8299%2C8305%2C8324%2C8326%2C8353%2C8355%2C8359%2C8382-8383%2C8388-8389%2C8399%2C8401%2C8403%2C8405%2C8418-8419%2C8427%2C8429%2C8435-8436%2C8446%2C8455%2C8459%2C8470%2C8473%2C8479%2C8481%2C8488%2C8490-8491%2C8493%2C8497%2C8504%2C8510-8537%2C8545-8546%2C8550%2C8552%2C8557%2C8588-8589%2C8604%2C8657%2C8659%2C8664-8665%2C8696%2C8708%2C8711%2C8715-8716%2C8719%2C8747%2C8763%2C8778%2C8788%2C8821%2C8830%2C8837%2C8840%2C8843%2C8860-8861%2C8865%2C8869-8870%2C8872%2C8893%2C8897%2C8900%2C8906%2C8910%2C8918%2C8936-8937%2C8941-8942%2C8964%2C8973%2C8992%2C9001-9002%2C9006%2C9012%2C9015%2C9019%2C9022
r9027
  +dir_prop: branches/qmmp-0.12 svn:mergeinfo /branches/qmmp-0.10:7522%0A/branches/qmmp-1.0:5596%0A/branches/qmmp-1.1:5819%2C5968%2C6043%2C6172%2C6233%2C6442%0A/branches/qmmp-1.2:6799%2C6945%2C6975%2C7173%2C7382%2C7520%0A/branches/qmmp-1.3:8923%2C8932%2C8945%2C8995%2C9009%0A/trunk/qmmp:7783%2C7785%2C7787-7788%2C7792-7793%2C7798%2C7805%2C7807-7811%2C7813%2C7822%2C7824%2C7830%2C7834%2C7838%2C7840%2C7857-7858%2C7876%2C7905%2C7907%2C8019%2C8021-8023%2C8032%2C8036-8037%2C8039%2C8041%2C8047%2C8053-8055%2C8058-8059%2C8061-8062%2C8070%2C8080%2C8092%2C8099-8102%2C8109%2C8141%2C8145%2C8151%2C8192%2C8207%2C8211%2C8213%2C8218%2C8245%2C8247-8248%2C8252%2C8255%2C8259%2C8263%2C8284%2C8293%2C8295-8296%2C8299%2C8305%2C8324%2C8326%2C8353%2C8355%2C8359%2C8382-8383%2C8388-8389%2C8399%2C8401%2C8403%2C8405%2C8418-8419%2C8427%2C8429%2C8435-8436%2C8446%2C8455%2C8459%2C8470%2C8473%2C8479%2C8481%2C8488%2C8490-8491%2C8493%2C8497%2C8504%2C8510-8537%2C8545-8546%2C8550%2C8552%2C8557%2C8588-8589%2C8604%2C8657%2C8659%2C8664-8665%2C8696%2C8708%2C8711%2C8715-8716%2C8719%2C8747%2C8763%2C8778%2C8788%2C8821%2C8830%2C8837%2C8840%2C8843%2C8860-8861%2C8865%2C8869-8870%2C8872%2C8893%2C8897%2C8900%2C8906%2C8910%2C8918%2C8936-8937%2C8941-8942%2C8964%2C8973%2C8992%2C9001-9002%2C9006%2C9012%2C9015%2C9019%2C9022%2C9025
r9029
r9030
r9037
  +dir_prop: branches/qmmp-0.12 svn:mergeinfo /branches/qmmp-0.10:7522%0A/branches/qmmp-1.0:5596%0A/branches/qmmp-1.1:5819%2C5968%2C6043%2C6172%2C6233%2C6442%0A/branches/qmmp-1.2:6799%2C6945%2C6975%2C7173%2C7382%2C7520%0A/branches/qmmp-1.3:8923%2C8932%2C8945%2C8995%2C9009%0A/trunk/qmmp:7783%2C7785%2C7787-7788%2C7792-7793%2C7798%2C7805%2C7807-7811%2C7813%2C7822%2C7824%2C7830%2C7834%2C7838%2C7840%2C7857-7858%2C7876%2C7905%2C7907%2C8019%2C8021-8023%2C8032%2C8036-8037%2C8039%2C8041%2C8047%2C8053-8055%2C8058-8059%2C8061-8062%2C8070%2C8080%2C8092%2C8099-8102%2C8109%2C8141%2C8145%2C8151%2C8192%2C8207%2C8211%2C8213%2C8218%2C8245%2C8247-8248%2C8252%2C8255%2C8259%2C8263%2C8284%2C8293%2C8295-8296%2C8299%2C8305%2C8324%2C8326%2C8353%2C8355%2C8359%2C8382-8383%2C8388-8389%2C8399%2C8401%2C8403%2C8405%2C8418-8419%2C8427%2C8429%2C8435-8436%2C8446%2C8455%2C8459%2C8470%2C8473%2C8479%2C8481%2C8488%2C8490-8491%2C8493%2C8497%2C8504%2C8510-8537%2C8545-8546%2C8550%2C8552%2C8557%2C8588-8589%2C8604%2C8657%2C8659%2C8664-8665%2C8696%2C8708%2C8711%2C8715-8716%2C8719%2C8747%2C8763%2C8778%2C8788%2C8821%2C8830%2C8837%2C8840%2C8843%2C8860-8861%2C8865%2C8869-8870%2C8872%2C8893%2C8897%2C8900%2C8906%2C8910%2C8918%2C8936-8937%2C8941-8942%2C8964%2C8973%2C8992%2C9001-9002%2C9006%2C9012%2C9015%2C9019%2C9022%2C9025%2C9034
r9046
r9050
r9061
  +dir_prop: branches/qmmp-0.12 svn:mergeinfo /branches/qmmp-0.10:7522%0A/branches/qmmp-1.0:5596%0A/branches/qmmp-1.1:5819%2C5968%2C6043%2C6172%2C6233%2C6442%0A/branches/qmmp-1.2:6799%2C6945%2C6975%2C7173%2C7382%2C7520%0A/branches/qmmp-1.3:8923%2C8932%2C8945%2C8995%2C9009%0A/trunk/qmmp:7783%2C7785%2C7787-7788%2C7792-7793%2C7798%2C7805%2C7807-7811%2C7813%2C7822%2C7824%2C7830%2C7834%2C7838%2C7840%2C7857-7858%2C7876%2C7905%2C7907%2C8019%2C8021-8023%2C8032%2C8036-8037%2C8039%2C8041%2C8047%2C8053-8055%2C8058-8059%2C8061-8062%2C8070%2C8080%2C8092%2C8099-8102%2C8109%2C8141%2C8145%2C8151%2C8192%2C8207%2C8211%2C8213%2C8218%2C8245%2C8247-8248%2C8252%2C8255%2C8259%2C8263%2C8284%2C8293%2C8295-8296%2C8299%2C8305%2C8324%2C8326%2C8353%2C8355%2C8359%2C8382-8383%2C8388-8389%2C8399%2C8401%2C8403%2C8405%2C8418-8419%2C8427%2C8429%2C8435-8436%2C8446%2C8455%2C8459%2C8470%2C8473%2C8479%2C8481%2C8488%2C8490-8491%2C8493%2C8497%2C8504%2C8510-8537%2C8545-8546%2C8550%2C8552%2C8557%2C8588-8589%2C8604%2C8657%2C8659%2C8664-8665%2C8696%2C8708%2C8711%2C8715-8716%2C8719%2C8747%2C8763%2C8778%2C8788%2C8821%2C8830%2C8837%2C8840%2C8843%2C8860-8861%2C8865%2C8869-8870%2C8872%2C8893%2C8897%2C8900%2C8906%2C8910%2C8918%2C8936-8937%2C8941-8942%2C8964%2C8973%2C8992%2C9001-9002%2C9006%2C9012%2C9015%2C9019%2C9022%2C9025%2C9034%2C9056
  +dir_prop: branches/qmmp-0.12/src/plugins/Ui/qsui svn:mergeinfo /branches/qmmp-1.1/src/plugins/Ui/qsui:6172%0A/branches/qmmp-1.2/src/plugins/Ui/qsui:7382%0A/trunk/qmmp/src/plugins/Ui/qsui:7785%2C7788%2C7905%2C7921-8008%2C8019%2C8053-8055%2C8196-8203%2C8380%2C8399%2C8403%2C8711%2C8869%2C8872%2C9056%0A/trunk/qmmp/src/plugins/Ui/skinned:5223%2C6018-6019%2C6022
r9062
  +dir_prop: branches/qmmp-0.12 svn:mergeinfo /branches/qmmp-0.10:7522%0A/branches/qmmp-1.0:5596%0A/branches/qmmp-1.1:5819%2C5968%2C6043%2C6172%2C6233%2C6442%0A/branches/qmmp-1.2:6799%2C6945%2C6975%2C7173%2C7382%2C7520%0A/branches/qmmp-1.3:8923%2C8932%2C8945%2C8995%2C9009%0A/trunk/qmmp:7783%2C7785%2C7787-7788%2C7792-7793%2C7798%2C7805%2C7807-7811%2C7813%2C7822%2C7824%2C7830%2C7834%2C7838%2C7840%2C7857-7858%2C7876%2C7905%2C7907%2C8019%2C8021-8023%2C8032%2C8036-8037%2C8039%2C8041%2C8047%2C8053-8055%2C8058-8059%2C8061-8062%2C8070%2C8080%2C8092%2C8099-8102%2C8109%2C8141%2C8145%2C8151%2C8192%2C8207%2C8211%2C8213%2C8218%2C8245%2C8247-8248%2C8252%2C8255%2C8259%2C8263%2C8284%2C8293%2C8295-8296%2C8299%2C8305%2C8324%2C8326%2C8353%2C8355%2C8359%2C8382-8383%2C8388-8389%2C8399%2C8401%2C8403%2C8405%2C8418-8419%2C8427%2C8429%2C8435-8436%2C8446%2C8455%2C8459%2C8470%2C8473%2C8479%2C8481%2C8488%2C8490-8491%2C8493%2C8497%2C8504%2C8510-8537%2C8545-8546%2C8550%2C8552%2C8557%2C8588-8589%2C8604%2C8657%2C8659%2C8664-8665%2C8696%2C8708%2C8711%2C8715-8716%2C8719%2C8747%2C8763%2C8778%2C8788%2C8821%2C8830%2C8837%2C8840%2C8843%2C8860-8861%2C8865%2C8869-8870%2C8872%2C8893%2C8897%2C8900%2C8906%2C8910%2C8918%2C8936-8937%2C8941-8942%2C8964%2C8973%2C8992%2C9001-9002%2C9006%2C9012%2C9015%2C9019%2C9022%2C9025%2C9034%2C9056-9058
r9063
r9064
r9074
  +dir_prop: branches/qmmp-0.12 svn:mergeinfo /branches/qmmp-0.10:7522%0A/branches/qmmp-1.0:5596%0A/branches/qmmp-1.1:5819%2C5968%2C6043%2C6172%2C6233%2C6442%0A/branches/qmmp-1.2:6799%2C6945%2C6975%2C7173%2C7382%2C7520%0A/branches/qmmp-1.3:8923%2C8932%2C8945%2C8995%2C9009%0A/trunk/qmmp:7783%2C7785%2C7787-7788%2C7792-7793%2C7798%2C7805%2C7807-7811%2C7813%2C7822%2C7824%2C7830%2C7834%2C7838%2C7840%2C7857-7858%2C7876%2C7905%2C7907%2C8019%2C8021-8023%2C8032%2C8036-8037%2C8039%2C8041%2C8047%2C8053-8055%2C8058-8059%2C8061-8062%2C8070%2C8080%2C8092%2C8099-8102%2C8109%2C8141%2C8145%2C8151%2C8192%2C8207%2C8211%2C8213%2C8218%2C8245%2C8247-8248%2C8252%2C8255%2C8259%2C8263%2C8284%2C8293%2C8295-8296%2C8299%2C8305%2C8324%2C8326%2C8353%2C8355%2C8359%2C8382-8383%2C8388-8389%2C8399%2C8401%2C8403%2C8405%2C8418-8419%2C8427%2C8429%2C8435-8436%2C8446%2C8455%2C8459%2C8470%2C8473%2C8479%2C8481%2C8488%2C8490-8491%2C8493%2C8497%2C8504%2C8510-8537%2C8545-8546%2C8550%2C8552%2C8557%2C8588-8589%2C8604%2C8657%2C8659%2C8664-8665%2C8696%2C8708%2C8711%2C8715-8716%2C8719%2C8747%2C8763%2C8778%2C8788%2C8821%2C8830%2C8837%2C8840%2C8843%2C8860-8861%2C8865%2C8869-8870%2C8872%2C8893%2C8897%2C8900%2C8906%2C8910%2C8918%2C8936-8937%2C8941-8942%2C8964%2C8973%2C8992%2C9001-9002%2C9006%2C9012%2C9015%2C9019%2C9022%2C9025%2C9034%2C9056-9058%2C9073
r9083
  +dir_prop: branches/qmmp-0.12 svn:mergeinfo /branches/qmmp-0.10:7522%0A/branches/qmmp-1.0:5596%0A/branches/qmmp-1.1:5819%2C5968%2C6043%2C6172%2C6233%2C6442%0A/branches/qmmp-1.2:6799%2C6945%2C6975%2C7173%2C7382%2C7520%0A/branches/qmmp-1.3:8923%2C8932%2C8945%2C8995%2C9009%0A/trunk/qmmp:7783%2C7785%2C7787-7788%2C7792-7793%2C7798%2C7805%2C7807-7811%2C7813%2C7822%2C7824%2C7830%2C7834%2C7838%2C7840%2C7857-7858%2C7876%2C7905%2C7907%2C8019%2C8021-8023%2C8032%2C8036-8037%2C8039%2C8041%2C8047%2C8053-8055%2C8058-8059%2C8061-8062%2C8070%2C8080%2C8092%2C8099-8102%2C8109%2C8141%2C8145%2C8151%2C8192%2C8207%2C8211%2C8213%2C8218%2C8245%2C8247-8248%2C8252%2C8255%2C8259%2C8263%2C8284%2C8293%2C8295-8296%2C8299%2C8305%2C8324%2C8326%2C8353%2C8355%2C8359%2C8382-8383%2C8388-8389%2C8399%2C8401%2C8403%2C8405%2C8418-8419%2C8427%2C8429%2C8435-8436%2C8446%2C8455%2C8459%2C8470%2C8473%2C8479%2C8481%2C8488%2C8490-8491%2C8493%2C8497%2C8504%2C8510-8537%2C8545-8546%2C8550%2C8552%2C8557%2C8588-8589%2C8604%2C8657%2C8659%2C8664-8665%2C8696%2C8708%2C8711%2C8715-8716%2C8719%2C8747%2C8763%2C8778%2C8788%2C8821%2C8830%2C8837%2C8840%2C8843%2C8860-8861%2C8865%2C8869-8870%2C8872%2C8893%2C8897%2C8900%2C8906%2C8910%2C8918%2C8936-8937%2C8941-8942%2C8964%2C8973%2C8992%2C9001-9002%2C9006%2C9012%2C9015%2C9019%2C9022%2C9025%2C9034%2C9056-9058%2C9073%2C9082
r9092
  +dir_prop: branches/qmmp-0.12 svn:mergeinfo /branches/qmmp-0.10:7522%0A/branches/qmmp-1.0:5596%0A/branches/qmmp-1.1:5819%2C5968%2C6043%2C6172%2C6233%2C6442%0A/branches/qmmp-1.2:6799%2C6945%2C6975%2C7173%2C7382%2C7520%0A/branches/qmmp-1.3:8923%2C8932%2C8945%2C8995%2C9009%0A/trunk/qmmp:7783%2C7785%2C7787-7788%2C7792-7793%2C7798%2C7805%2C7807-7811%2C7813%2C7822%2C7824%2C7830%2C7834%2C7838%2C7840%2C7857-7858%2C7876%2C7905%2C7907%2C8019%2C8021-8023%2C8032%2C8036-8037%2C8039%2C8041%2C8047%2C8053-8055%2C8058-8059%2C8061-8062%2C8070%2C8080%2C8092%2C8099-8102%2C8109%2C8141%2C8145%2C8151%2C8192%2C8207%2C8211%2C8213%2C8218%2C8245%2C8247-8248%2C8252%2C8255%2C8259%2C8263%2C8284%2C8293%2C8295-8296%2C8299%2C8305%2C8324%2C8326%2C8353%2C8355%2C8359%2C8382-8383%2C8388-8389%2C8399%2C8401%2C8403%2C8405%2C8418-8419%2C8427%2C8429%2C8435-8436%2C8446%2C8455%2C8459%2C8470%2C8473%2C8479%2C8481%2C8488%2C8490-8491%2C8493%2C8497%2C8504%2C8510-8537%2C8545-8546%2C8550%2C8552%2C8557%2C8588-8589%2C8604%2C8657%2C8659%2C8664-8665%2C8696%2C8708%2C8711%2C8715-8716%2C8719%2C8747%2C8763%2C8778%2C8788%2C8821%2C8830%2C8837%2C8840%2C8843%2C8860-8861%2C8865%2C8869-8870%2C8872%2C8893%2C8897%2C8900%2C8906%2C8910%2C8918%2C8936-8937%2C8941-8942%2C8964%2C8973%2C8992%2C9001-9002%2C9006%2C9012%2C9015%2C9019%2C9022%2C9025%2C9034%2C9056-9058%2C9073%2C9082%2C9090
r9108
  +dir_prop: branches/qmmp-0.12 svn:mergeinfo /branches/qmmp-0.10:7522%0A/branches/qmmp-1.0:5596%0A/branches/qmmp-1.1:5819%2C5968%2C6043%2C6172%2C6233%2C6442%0A/branches/qmmp-1.2:6799%2C6945%2C6975%2C7173%2C7382%2C7520%0A/branches/qmmp-1.3:8923%2C8932%2C8945%2C8995%2C9009%0A/trunk/qmmp:7783%2C7785%2C7787-7788%2C7792-7793%2C7798%2C7805%2C7807-7811%2C7813%2C7822%2C7824%2C7830%2C7834%2C7838%2C7840%2C7857-7858%2C7876%2C7905%2C7907%2C8019%2C8021-8023%2C8032%2C8036-8037%2C8039%2C8041%2C8047%2C8053-8055%2C8058-8059%2C8061-8062%2C8070%2C8080%2C8092%2C8099-8102%2C8109%2C8141%2C8145%2C8151%2C8192%2C8207%2C8211%2C8213%2C8218%2C8245%2C8247-8248%2C8252%2C8255%2C8259%2C8263%2C8284%2C8293%2C8295-8296%2C8299%2C8305%2C8324%2C8326%2C8353%2C8355%2C8359%2C8382-8383%2C8388-8389%2C8399%2C8401%2C8403%2C8405%2C8418-8419%2C8427%2C8429%2C8435-8436%2C8446%2C8455%2C8459%2C8470%2C8473%2C8479%2C8481%2C8488%2C8490-8491%2C8493%2C8497%2C8504%2C8510-8537%2C8545-8546%2C8550%2C8552%2C8557%2C8588-8589%2C8604%2C8657%2C8659%2C8664-8665%2C8696%2C8708%2C8711%2C8715-8716%2C8719%2C8747%2C8763%2C8778%2C8788%2C8821%2C8830%2C8837%2C8840%2C8843%2C8860-8861%2C8865%2C8869-8870%2C8872%2C8893%2C8897%2C8900%2C8906%2C8910%2C8918%2C8936-8937%2C8941-8942%2C8964%2C8973%2C8992%2C9001-9002%2C9006%2C9012%2C9015%2C9019%2C9022%2C9025%2C9034%2C9056-9058%2C9073%2C9082%2C9090%2C9106
r9112
r9128
  +dir_prop: branches/qmmp-0.12 svn:mergeinfo /branches/qmmp-0.10:7522%0A/branches/qmmp-1.0:5596%0A/branches/qmmp-1.1:5819%2C5968%2C6043%2C6172%2C6233%2C6442%0A/branches/qmmp-1.2:6799%2C6945%2C6975%2C7173%2C7382%2C7520%0A/branches/qmmp-1.3:8923%2C8932%2C8945%2C8995%2C9009%0A/trunk/qmmp:7783%2C7785%2C7787-7788%2C7792-7793%2C7798%2C7805%2C7807-7811%2C7813%2C7822%2C7824%2C7830%2C7834%2C7838%2C7840%2C7857-7858%2C7876%2C7905%2C7907%2C8019%2C8021-8023%2C8032%2C8036-8037%2C8039%2C8041%2C8047%2C8053-8055%2C8058-8059%2C8061-8062%2C8070%2C8080%2C8092%2C8099-8102%2C8109%2C8141%2C8145%2C8151%2C8192%2C8207%2C8211%2C8213%2C8218%2C8245%2C8247-8248%2C8252%2C8255%2C8259%2C8263%2C8284%2C8293%2C8295-8296%2C8299%2C8305%2C8324%2C8326%2C8353%2C8355%2C8359%2C8382-8383%2C8388-8389%2C8399%2C8401%2C8403%2C8405%2C8418-8419%2C8427%2C8429%2C8435-8436%2C8446%2C8455%2C8459%2C8470%2C8473%2C8479%2C8481%2C8488%2C8490-8491%2C8493%2C8497%2C8504%2C8510-8537%2C8545-8546%2C8550%2C8552%2C8557%2C8588-8589%2C8604%2C8657%2C8659%2C8664-8665%2C8696%2C8708%2C8711%2C8715-8716%2C8719%2C8747%2C8763%2C8778%2C8788%2C8821%2C8830%2C8837%2C8840%2C8843%2C8860-8861%2C8865%2C8869-8870%2C8872%2C8893%2C8897%2C8900%2C8906%2C8910%2C8918%2C8936-8937%2C8941-8942%2C8964%2C8973%2C8992%2C9001-9002%2C9006%2C9012%2C9015%2C9019%2C9022%2C9025%2C9034%2C9056-9058%2C9073%2C9082%2C9090%2C9106%2C9114-9115%2C9117
r9132
  +dir_prop: branches/qmmp-0.12 svn:mergeinfo /branches/qmmp-0.10:7522%0A/branches/qmmp-1.0:5596%0A/branches/qmmp-1.1:5819%2C5968%2C6043%2C6172%2C6233%2C6442%0A/branches/qmmp-1.2:6799%2C6945%2C6975%2C7173%2C7382%2C7520%0A/branches/qmmp-1.3:8923%2C8932%2C8945%2C8995%2C9009%0A/trunk/qmmp:7783%2C7785%2C7787-7788%2C7792-7793%2C7798%2C7805%2C7807-7811%2C7813%2C7822%2C7824%2C7830%2C7834%2C7838%2C7840%2C7857-7858%2C7876%2C7905%2C7907%2C8019%2C8021-8023%2C8032%2C8036-8037%2C8039%2C8041%2C8047%2C8053-8055%2C8058-8059%2C8061-8062%2C8070%2C8080%2C8092%2C8099-8102%2C8109%2C8141%2C8145%2C8151%2C8192%2C8207%2C8211%2C8213%2C8218%2C8245%2C8247-8248%2C8252%2C8255%2C8259%2C8263%2C8284%2C8293%2C8295-8296%2C8299%2C8305%2C8324%2C8326%2C8353%2C8355%2C8359%2C8382-8383%2C8388-8389%2C8399%2C8401%2C8403%2C8405%2C8418-8419%2C8427%2C8429%2C8435-8436%2C8446%2C8455%2C8459%2C8470%2C8473%2C8479%2C8481%2C8488%2C8490-8491%2C8493%2C8497%2C8504%2C8510-8537%2C8545-8546%2C8550%2C8552%2C8557%2C8588-8589%2C8604%2C8657%2C8659%2C8664-8665%2C8696%2C8708%2C8711%2C8715-8716%2C8719%2C8747%2C8763%2C8778%2C8788%2C8821%2C8830%2C8837%2C8840%2C8843%2C8860-8861%2C8865%2C8869-8870%2C8872%2C8893%2C8897%2C8900%2C8906%2C8910%2C8918%2C8936-8937%2C8941-8942%2C8964%2C8973%2C8992%2C9001-9002%2C9006%2C9012%2C9015%2C9019%2C9022%2C9025%2C9034%2C9056-9058%2C9073%2C9082%2C9090%2C9106%2C9114-9115%2C9117%2C9129%2C9131
  +dir_prop: branches/qmmp-0.12/src/plugins/Ui/qsui svn:mergeinfo /branches/qmmp-1.1/src/plugins/Ui/qsui:6172%0A/branches/qmmp-1.2/src/plugins/Ui/qsui:7382%0A/trunk/qmmp/src/plugins/Ui/qsui:7785%2C7788%2C7905%2C7921-8008%2C8019%2C8053-8055%2C8196-8203%2C8380%2C8399%2C8403%2C8711%2C8869%2C8872%2C9056%2C9129%2C9131%0A/trunk/qmmp/src/plugins/Ui/skinned:5223%2C6018-6019%2C6022
r9143
  +dir_prop: branches/qmmp-0.12 svn:mergeinfo /branches/qmmp-0.10:7522%0A/branches/qmmp-1.0:5596%0A/branches/qmmp-1.1:5819%2C5968%2C6043%2C6172%2C6233%2C6442%0A/branches/qmmp-1.2:6799%2C6945%2C6975%2C7173%2C7382%2C7520%0A/branches/qmmp-1.3:8923%2C8932%2C8945%2C8995%2C9009%0A/trunk/qmmp:7783%2C7785%2C7787-7788%2C7792-7793%2C7798%2C7805%2C7807-7811%2C7813%2C7822%2C7824%2C7830%2C7834%2C7838%2C7840%2C7857-7858%2C7876%2C7905%2C7907%2C8019%2C8021-8023%2C8032%2C8036-8037%2C8039%2C8041%2C8047%2C8053-8055%2C8058-8059%2C8061-8062%2C8070%2C8080%2C8092%2C8099-8102%2C8109%2C8141%2C8145%2C8151%2C8192%2C8207%2C8211%2C8213%2C8218%2C8245%2C8247-8248%2C8252%2C8255%2C8259%2C8263%2C8284%2C8293%2C8295-8296%2C8299%2C8305%2C8324%2C8326%2C8353%2C8355%2C8359%2C8382-8383%2C8388-8389%2C8399%2C8401%2C8403%2C8405%2C8418-8419%2C8427%2C8429%2C8435-8436%2C8446%2C8455%2C8459%2C8470%2C8473%2C8479%2C8481%2C8488%2C8490-8491%2C8493%2C8497%2C8504%2C8510-8537%2C8545-8546%2C8550%2C8552%2C8557%2C8588-8589%2C8604%2C8657%2C8659%2C8664-8665%2C8696%2C8708%2C8711%2C8715-8716%2C8719%2C8747%2C8763%2C8778%2C8788%2C8821%2C8830%2C8837%2C8840%2C8843%2C8860-8861%2C8865%2C8869-8870%2C8872%2C8893%2C8897%2C8900%2C8906%2C8910%2C8918%2C8936-8937%2C8941-8942%2C8964%2C8973%2C8992%2C9001-9002%2C9006%2C9012%2C9015%2C9019%2C9022%2C9025%2C9034%2C9056-9058%2C9073%2C9082%2C9090%2C9106%2C9114-9115%2C9117%2C9129%2C9131%2C9141
r9144
r9147
  +dir_prop: branches/qmmp-0.12 svn:mergeinfo /branches/qmmp-0.10:7522%0A/branches/qmmp-1.0:5596%0A/branches/qmmp-1.1:5819%2C5968%2C6043%2C6172%2C6233%2C6442%0A/branches/qmmp-1.2:6799%2C6945%2C6975%2C7173%2C7382%2C7520%0A/branches/qmmp-1.3:8923%2C8932%2C8945%2C8995%2C9009%2C9146%0A/trunk/qmmp:7783%2C7785%2C7787-7788%2C7792-7793%2C7798%2C7805%2C7807-7811%2C7813%2C7822%2C7824%2C7830%2C7834%2C7838%2C7840%2C7857-7858%2C7876%2C7905%2C7907%2C8019%2C8021-8023%2C8032%2C8036-8037%2C8039%2C8041%2C8047%2C8053-8055%2C8058-8059%2C8061-8062%2C8070%2C8080%2C8092%2C8099-8102%2C8109%2C8141%2C8145%2C8151%2C8192%2C8207%2C8211%2C8213%2C8218%2C8245%2C8247-8248%2C8252%2C8255%2C8259%2C8263%2C8284%2C8293%2C8295-8296%2C8299%2C8305%2C8324%2C8326%2C8353%2C8355%2C8359%2C8382-8383%2C8388-8389%2C8399%2C8401%2C8403%2C8405%2C8418-8419%2C8427%2C8429%2C8435-8436%2C8446%2C8455%2C8459%2C8470%2C8473%2C8479%2C8481%2C8488%2C8490-8491%2C8493%2C8497%2C8504%2C8510-8537%2C8545-8546%2C8550%2C8552%2C8557%2C8588-8589%2C8604%2C8657%2C8659%2C8664-8665%2C8696%2C8708%2C8711%2C8715-8716%2C8719%2C8747%2C8763%2C8778%2C8788%2C8821%2C8830%2C8837%2C8840%2C8843%2C8860-8861%2C8865%2C8869-8870%2C8872%2C8893%2C8897%2C8900%2C8906%2C8910%2C8918%2C8936-8937%2C8941-8942%2C8964%2C8973%2C8992%2C9001-9002%2C9006%2C9012%2C9015%2C9019%2C9022%2C9025%2C9034%2C9056-9058%2C9073%2C9082%2C9090%2C9106%2C9114-9115%2C9117%2C9129%2C9131%2C9141
r9150
  +dir_prop: branches/qmmp-0.12 svn:mergeinfo /branches/qmmp-0.10:7522%0A/branches/qmmp-1.0:5596%0A/branches/qmmp-1.1:5819%2C5968%2C6043%2C6172%2C6233%2C6442%0A/branches/qmmp-1.2:6799%2C6945%2C6975%2C7173%2C7382%2C7520%0A/branches/qmmp-1.3:8923%2C8932%2C8945%2C8995%2C9009%2C9146%0A/trunk/qmmp:7783%2C7785%2C7787-7788%2C7792-7793%2C7798%2C7805%2C7807-7811%2C7813%2C7822%2C7824%2C7830%2C7834%2C7838%2C7840%2C7857-7858%2C7876%2C7905%2C7907%2C8019%2C8021-8023%2C8032%2C8036-8037%2C8039%2C8041%2C8047%2C8053-8055%2C8058-8059%2C8061-8062%2C8070%2C8080%2C8092%2C8099-8102%2C8109%2C8141%2C8145%2C8151%2C8192%2C8207%2C8211%2C8213%2C8218%2C8245%2C8247-8248%2C8252%2C8255%2C8259%2C8263%2C8284%2C8293%2C8295-8296%2C8299%2C8305%2C8324%2C8326%2C8353%2C8355%2C8359%2C8382-8383%2C8388-8389%2C8399%2C8401%2C8403%2C8405%2C8418-8419%2C8427%2C8429%2C8435-8436%2C8446%2C8455%2C8459%2C8470%2C8473%2C8479%2C8481%2C8488%2C8490-8491%2C8493%2C8497%2C8504%2C8510-8537%2C8545-8546%2C8550%2C8552%2C8557%2C8588-8589%2C8604%2C8657%2C8659%2C8664-8665%2C8696%2C8708%2C8711%2C8715-8716%2C8719%2C8747%2C8763%2C8778%2C8788%2C8821%2C8830%2C8837%2C8840%2C8843%2C8860-8861%2C8865%2C8869-8870%2C8872%2C8893%2C8897%2C8900%2C8906%2C8910%2C8918%2C8936-8937%2C8941-8942%2C8964%2C8973%2C8992%2C9001-9002%2C9006%2C9012%2C9015%2C9019%2C9022%2C9025%2C9034%2C9056-9058%2C9073%2C9082%2C9090%2C9106%2C9114-9115%2C9117%2C9129%2C9131%2C9141%2C9148
r9151
r9154
  +dir_prop: branches/qmmp-0.12 svn:mergeinfo /branches/qmmp-0.10:7522%0A/branches/qmmp-1.0:5596%0A/branches/qmmp-1.1:5819%2C5968%2C6043%2C6172%2C6233%2C6442%0A/branches/qmmp-1.2:6799%2C6945%2C6975%2C7173%2C7382%2C7520%0A/branches/qmmp-1.3:8923%2C8932%2C8945%2C8995%2C9009%2C9146%2C9153%0A/trunk/qmmp:7783%2C7785%2C7787-7788%2C7792-7793%2C7798%2C7805%2C7807-7811%2C7813%2C7822%2C7824%2C7830%2C7834%2C7838%2C7840%2C7857-7858%2C7876%2C7905%2C7907%2C8019%2C8021-8023%2C8032%2C8036-8037%2C8039%2C8041%2C8047%2C8053-8055%2C8058-8059%2C8061-8062%2C8070%2C8080%2C8092%2C8099-8102%2C8109%2C8141%2C8145%2C8151%2C8192%2C8207%2C8211%2C8213%2C8218%2C8245%2C8247-8248%2C8252%2C8255%2C8259%2C8263%2C8284%2C8293%2C8295-8296%2C8299%2C8305%2C8324%2C8326%2C8353%2C8355%2C8359%2C8382-8383%2C8388-8389%2C8399%2C8401%2C8403%2C8405%2C8418-8419%2C8427%2C8429%2C8435-8436%2C8446%2C8455%2C8459%2C8470%2C8473%2C8479%2C8481%2C8488%2C8490-8491%2C8493%2C8497%2C8504%2C8510-8537%2C8545-8546%2C8550%2C8552%2C8557%2C8588-8589%2C8604%2C8657%2C8659%2C8664-8665%2C8696%2C8708%2C8711%2C8715-8716%2C8719%2C8747%2C8763%2C8778%2C8788%2C8821%2C8830%2C8837%2C8840%2C8843%2C8860-8861%2C8865%2C8869-8870%2C8872%2C8893%2C8897%2C8900%2C8906%2C8910%2C8918%2C8936-8937%2C8941-8942%2C8964%2C8973%2C8992%2C9001-9002%2C9006%2C9012%2C9015%2C9019%2C9022%2C9025%2C9034%2C9056-9058%2C9073%2C9082%2C9090%2C9106%2C9114-9115%2C9117%2C9129%2C9131%2C9141%2C9148
r9157
  +dir_prop: branches/qmmp-0.12 svn:mergeinfo /branches/qmmp-0.10:7522%0A/branches/qmmp-1.0:5596%0A/branches/qmmp-1.1:5819%2C5968%2C6043%2C6172%2C6233%2C6442%0A/branches/qmmp-1.2:6799%2C6945%2C6975%2C7173%2C7382%2C7520%0A/branches/qmmp-1.3:8923%2C8932%2C8945%2C8995%2C9009%2C9146%2C9153%0A/trunk/qmmp:7783%2C7785%2C7787-7788%2C7792-7793%2C7798%2C7805%2C7807-7811%2C7813%2C7822%2C7824%2C7830%2C7834%2C7838%2C7840%2C7857-7858%2C7876%2C7905%2C7907%2C8019%2C8021-8023%2C8032%2C8036-8037%2C8039%2C8041%2C8047%2C8053-8055%2C8058-8059%2C8061-8062%2C8070%2C8080%2C8092%2C8099-8102%2C8109%2C8141%2C8145%2C8151%2C8192%2C8207%2C8211%2C8213%2C8218%2C8245%2C8247-8248%2C8252%2C8255%2C8259%2C8263%2C8284%2C8293%2C8295-8296%2C8299%2C8305%2C8324%2C8326%2C8353%2C8355%2C8359%2C8382-8383%2C8388-8389%2C8399%2C8401%2C8403%2C8405%2C8418-8419%2C8427%2C8429%2C8435-8436%2C8446%2C8455%2C8459%2C8470%2C8473%2C8479%2C8481%2C8488%2C8490-8491%2C8493%2C8497%2C8504%2C8510-8537%2C8545-8546%2C8550%2C8552%2C8557%2C8588-8589%2C8604%2C8657%2C8659%2C8664-8665%2C8696%2C8708%2C8711%2C8715-8716%2C8719%2C8747%2C8763%2C8778%2C8788%2C8821%2C8830%2C8837%2C8840%2C8843%2C8860-8861%2C8865%2C8869-8870%2C8872%2C8893%2C8897%2C8900%2C8906%2C8910%2C8918%2C8936-8937%2C8941-8942%2C8964%2C8973%2C8992%2C9001-9002%2C9006%2C9012%2C9015%2C9019%2C9022%2C9025%2C9034%2C9056-9058%2C9073%2C9082%2C9090%2C9106%2C9114-9115%2C9117%2C9129%2C9131%2C9141%2C9148%2C9155
r9159
  +dir_prop: branches/qmmp-0.12 svn:mergeinfo /branches/qmmp-0.10:7522%0A/branches/qmmp-1.0:5596%0A/branches/qmmp-1.1:5819%2C5968%2C6043%2C6172%2C6233%2C6442%0A/branches/qmmp-1.2:6799%2C6945%2C6975%2C7173%2C7382%2C7520%0A/branches/qmmp-1.3:8923%2C8932%2C8945%2C8995%2C9009%2C9146%2C9153%2C9158%0A/trunk/qmmp:7783%2C7785%2C7787-7788%2C7792-7793%2C7798%2C7805%2C7807-7811%2C7813%2C7822%2C7824%2C7830%2C7834%2C7838%2C7840%2C7857-7858%2C7876%2C7905%2C7907%2C8019%2C8021-8023%2C8032%2C8036-8037%2C8039%2C8041%2C8047%2C8053-8055%2C8058-8059%2C8061-8062%2C8070%2C8080%2C8092%2C8099-8102%2C8109%2C8141%2C8145%2C8151%2C8192%2C8207%2C8211%2C8213%2C8218%2C8245%2C8247-8248%2C8252%2C8255%2C8259%2C8263%2C8284%2C8293%2C8295-8296%2C8299%2C8305%2C8324%2C8326%2C8353%2C8355%2C8359%2C8382-8383%2C8388-8389%2C8399%2C8401%2C8403%2C8405%2C8418-8419%2C8427%2C8429%2C8435-8436%2C8446%2C8455%2C8459%2C8470%2C8473%2C8479%2C8481%2C8488%2C8490-8491%2C8493%2C8497%2C8504%2C8510-8537%2C8545-8546%2C8550%2C8552%2C8557%2C8588-8589%2C8604%2C8657%2C8659%2C8664-8665%2C8696%2C8708%2C8711%2C8715-8716%2C8719%2C8747%2C8763%2C8778%2C8788%2C8821%2C8830%2C8837%2C8840%2C8843%2C8860-8861%2C8865%2C8869-8870%2C8872%2C8893%2C8897%2C8900%2C8906%2C8910%2C8918%2C8936-8937%2C8941-8942%2C8964%2C8973%2C8992%2C9001-9002%2C9006%2C9012%2C9015%2C9019%2C9022%2C9025%2C9034%2C9056-9058%2C9073%2C9082%2C9090%2C9106%2C9114-9115%2C9117%2C9129%2C9131%2C9141%2C9148%2C9155
r9163
r9180
r9183
  +dir_prop: branches/qmmp-0.12 svn:mergeinfo /branches/qmmp-0.10:7522%0A/branches/qmmp-1.0:5596%0A/branches/qmmp-1.1:5819%2C5968%2C6043%2C6172%2C6233%2C6442%0A/branches/qmmp-1.2:6799%2C6945%2C6975%2C7173%2C7382%2C7520%0A/branches/qmmp-1.3:8923%2C8932%2C8945%2C8995%2C9009%2C9146%2C9153%2C9158%0A/trunk/qmmp:7783%2C7785%2C7787-7788%2C7792-7793%2C7798%2C7805%2C7807-7811%2C7813%2C7822%2C7824%2C7830%2C7834%2C7838%2C7840%2C7857-7858%2C7876%2C7905%2C7907%2C8019%2C8021-8023%2C8032%2C8036-8037%2C8039%2C8041%2C8047%2C8053-8055%2C8058-8059%2C8061-8062%2C8070%2C8080%2C8092%2C8099-8102%2C8109%2C8141%2C8145%2C8151%2C8192%2C8207%2C8211%2C8213%2C8218%2C8245%2C8247-8248%2C8252%2C8255%2C8259%2C8263%2C8284%2C8293%2C8295-8296%2C8299%2C8305%2C8324%2C8326%2C8353%2C8355%2C8359%2C8382-8383%2C8388-8389%2C8399%2C8401%2C8403%2C8405%2C8418-8419%2C8427%2C8429%2C8435-8436%2C8446%2C8455%2C8459%2C8470%2C8473%2C8479%2C8481%2C8488%2C8490-8491%2C8493%2C8497%2C8504%2C8510-8537%2C8545-8546%2C8550%2C8552%2C8557%2C8588-8589%2C8604%2C8657%2C8659%2C8664-8665%2C8696%2C8708%2C8711%2C8715-8716%2C8719%2C8747%2C8763%2C8778%2C8788%2C8821%2C8830%2C8837%2C8840%2C8843%2C8860-8861%2C8865%2C8869-8870%2C8872%2C8893%2C8897%2C8900%2C8906%2C8910%2C8918%2C8936-8937%2C8941-8942%2C8964%2C8973%2C8992%2C9001-9002%2C9006%2C9012%2C9015%2C9019%2C9022%2C9025%2C9034%2C9056-9058%2C9073%2C9082%2C9090%2C9106%2C9114-9115%2C9117%2C9129%2C9131%2C9141%2C9148%2C9155%2C9181
r9187
  +dir_prop: branches/qmmp-0.12 svn:mergeinfo /branches/qmmp-0.10:7522%0A/branches/qmmp-1.0:5596%0A/branches/qmmp-1.1:5819%2C5968%2C6043%2C6172%2C6233%2C6442%0A/branches/qmmp-1.2:6799%2C6945%2C6975%2C7173%2C7382%2C7520%0A/branches/qmmp-1.3:8923%2C8932%2C8945%2C8995%2C9009%2C9146%2C9153%2C9158%0A/trunk/qmmp:7783%2C7785%2C7787-7788%2C7792-7793%2C7798%2C7805%2C7807-7811%2C7813%2C7822%2C7824%2C7830%2C7834%2C7838%2C7840%2C7857-7858%2C7876%2C7905%2C7907%2C8019%2C8021-8023%2C8032%2C8036-8037%2C8039%2C8041%2C8047%2C8053-8055%2C8058-8059%2C8061-8062%2C8070%2C8080%2C8092%2C8099-8102%2C8109%2C8141%2C8145%2C8151%2C8192%2C8207%2C8211%2C8213%2C8218%2C8245%2C8247-8248%2C8252%2C8255%2C8259%2C8263%2C8284%2C8293%2C8295-8296%2C8299%2C8305%2C8324%2C8326%2C8353%2C8355%2C8359%2C8382-8383%2C8388-8389%2C8399%2C8401%2C8403%2C8405%2C8418-8419%2C8427%2C8429%2C8435-8436%2C8446%2C8455%2C8459%2C8470%2C8473%2C8479%2C8481%2C8488%2C8490-8491%2C8493%2C8497%2C8504%2C8510-8537%2C8545-8546%2C8550%2C8552%2C8557%2C8588-8589%2C8604%2C8657%2C8659%2C8664-8665%2C8696%2C8708%2C8711%2C8715-8716%2C8719%2C8747%2C8763%2C8778%2C8788%2C8821%2C8830%2C8837%2C8840%2C8843%2C8860-8861%2C8865%2C8869-8870%2C8872%2C8893%2C8897%2C8900%2C8906%2C8910%2C8918%2C8936-8937%2C8941-8942%2C8964%2C8973%2C8992%2C9001-9002%2C9006%2C9012%2C9015%2C9019%2C9022%2C9025%2C9034%2C9056-9058%2C9073%2C9082%2C9090%2C9106%2C9114-9115%2C9117%2C9129%2C9131%2C9141%2C9148%2C9155%2C9181%2C9185
r9188
r9190
r9193
r9197
r9201
r9249
  +dir_prop: branches/qmmp-0.12 svn:mergeinfo /branches/qmmp-0.10:7522%0A/branches/qmmp-1.0:5596%0A/branches/qmmp-1.1:5819%2C5968%2C6043%2C6172%2C6233%2C6442%0A/branches/qmmp-1.2:6799%2C6945%2C6975%2C7173%2C7382%2C7520%0A/branches/qmmp-1.3:8923%2C8932%2C8945%2C8995%2C9009%2C9146%2C9153%2C9158%2C9248%0A/trunk/qmmp:7783%2C7785%2C7787-7788%2C7792-7793%2C7798%2C7805%2C7807-7811%2C7813%2C7822%2C7824%2C7830%2C7834%2C7838%2C7840%2C7857-7858%2C7876%2C7905%2C7907%2C8019%2C8021-8023%2C8032%2C8036-8037%2C8039%2C8041%2C8047%2C8053-8055%2C8058-8059%2C8061-8062%2C8070%2C8080%2C8092%2C8099-8102%2C8109%2C8141%2C8145%2C8151%2C8192%2C8207%2C8211%2C8213%2C8218%2C8245%2C8247-8248%2C8252%2C8255%2C8259%2C8263%2C8284%2C8293%2C8295-8296%2C8299%2C8305%2C8324%2C8326%2C8353%2C8355%2C8359%2C8382-8383%2C8388-8389%2C8399%2C8401%2C8403%2C8405%2C8418-8419%2C8427%2C8429%2C8435-8436%2C8446%2C8455%2C8459%2C8470%2C8473%2C8479%2C8481%2C8488%2C8490-8491%2C8493%2C8497%2C8504%2C8510-8537%2C8545-8546%2C8550%2C8552%2C8557%2C8588-8589%2C8604%2C8657%2C8659%2C8664-8665%2C8696%2C8708%2C8711%2C8715-8716%2C8719%2C8747%2C8763%2C8778%2C8788%2C8821%2C8830%2C8837%2C8840%2C8843%2C8860-8861%2C8865%2C8869-8870%2C8872%2C8893%2C8897%2C8900%2C8906%2C8910%2C8918%2C8936-8937%2C8941-8942%2C8964%2C8973%2C8992%2C9001-9002%2C9006%2C9012%2C9015%2C9019%2C9022%2C9025%2C9034%2C9056-9058%2C9073%2C9082%2C9090%2C9106%2C9114-9115%2C9117%2C9129%2C9131%2C9141%2C9148%2C9155%2C9181%2C9185
r9254
  +dir_prop: branches/qmmp-0.12 svn:mergeinfo /branches/qmmp-0.10:7522%0A/branches/qmmp-1.0:5596%0A/branches/qmmp-1.1:5819%2C5968%2C6043%2C6172%2C6233%2C6442%0A/branches/qmmp-1.2:6799%2C6945%2C6975%2C7173%2C7382%2C7520%0A/branches/qmmp-1.3:8923%2C8932%2C8945%2C8995%2C9009%2C9146%2C9153%2C9158%2C9248%2C9252%0A/trunk/qmmp:7783%2C7785%2C7787-7788%2C7792-7793%2C7798%2C7805%2C7807-7811%2C7813%2C7822%2C7824%2C7830%2C7834%2C7838%2C7840%2C7857-7858%2C7876%2C7905%2C7907%2C8019%2C8021-8023%2C8032%2C8036-8037%2C8039%2C8041%2C8047%2C8053-8055%2C8058-8059%2C8061-8062%2C8070%2C8080%2C8092%2C8099-8102%2C8109%2C8141%2C8145%2C8151%2C8192%2C8207%2C8211%2C8213%2C8218%2C8245%2C8247-8248%2C8252%2C8255%2C8259%2C8263%2C8284%2C8293%2C8295-8296%2C8299%2C8305%2C8324%2C8326%2C8353%2C8355%2C8359%2C8382-8383%2C8388-8389%2C8399%2C8401%2C8403%2C8405%2C8418-8419%2C8427%2C8429%2C8435-8436%2C8446%2C8455%2C8459%2C8470%2C8473%2C8479%2C8481%2C8488%2C8490-8491%2C8493%2C8497%2C8504%2C8510-8537%2C8545-8546%2C8550%2C8552%2C8557%2C8588-8589%2C8604%2C8657%2C8659%2C8664-8665%2C8696%2C8708%2C8711%2C8715-8716%2C8719%2C8747%2C8763%2C8778%2C8788%2C8821%2C8830%2C8837%2C8840%2C8843%2C8860-8861%2C8865%2C8869-8870%2C8872%2C8893%2C8897%2C8900%2C8906%2C8910%2C8918%2C8936-8937%2C8941-8942%2C8964%2C8973%2C8992%2C9001-9002%2C9006%2C9012%2C9015%2C9019%2C9022%2C9025%2C9034%2C9056-9058%2C9073%2C9082%2C9090%2C9106%2C9114-9115%2C9117%2C9129%2C9131%2C9141%2C9148%2C9155%2C9181%2C9185
r9290
  +dir_prop: branches/qmmp-0.12 svn:mergeinfo /branches/qmmp-0.10:7522%0A/branches/qmmp-1.0:5596%0A/branches/qmmp-1.1:5819%2C5968%2C6043%2C6172%2C6233%2C6442%0A/branches/qmmp-1.2:6799%2C6945%2C6975%2C7173%2C7382%2C7520%0A/branches/qmmp-1.3:8923%2C8932%2C8945%2C8995%2C9009%2C9146%2C9153%2C9158%2C9248%2C9252%0A/trunk/qmmp:7783%2C7785%2C7787-7788%2C7792-7793%2C7798%2C7805%2C7807-7811%2C7813%2C7822%2C7824%2C7830%2C7834%2C7838%2C7840%2C7857-7858%2C7876%2C7905%2C7907%2C8019%2C8021-8023%2C8032%2C8036-8037%2C8039%2C8041%2C8047%2C8053-8055%2C8058-8059%2C8061-8062%2C8070%2C8080%2C8092%2C8099-8102%2C8109%2C8141%2C8145%2C8151%2C8192%2C8207%2C8211%2C8213%2C8218%2C8245%2C8247-8248%2C8252%2C8255%2C8259%2C8263%2C8284%2C8293%2C8295-8296%2C8299%2C8305%2C8324%2C8326%2C8353%2C8355%2C8359%2C8382-8383%2C8388-8389%2C8399%2C8401%2C8403%2C8405%2C8418-8419%2C8427%2C8429%2C8435-8436%2C8446%2C8455%2C8459%2C8470%2C8473%2C8479%2C8481%2C8488%2C8490-8491%2C8493%2C8497%2C8504%2C8510-8537%2C8545-8546%2C8550%2C8552%2C8557%2C8588-8589%2C8604%2C8657%2C8659%2C8664-8665%2C8696%2C8708%2C8711%2C8715-8716%2C8719%2C8747%2C8763%2C8778%2C8788%2C8821%2C8830%2C8837%2C8840%2C8843%2C8860-8861%2C8865%2C8869-8870%2C8872%2C8893%2C8897%2C8900%2C8906%2C8910%2C8918%2C8936-8937%2C8941-8942%2C8964%2C8973%2C8992%2C9001-9002%2C9006%2C9012%2C9015%2C9019%2C9022%2C9025%2C9034%2C9056-9058%2C9073%2C9082%2C9090%2C9106%2C9114-9115%2C9117%2C9129%2C9131%2C9141%2C9148%2C9155%2C9181%2C9185%2C9289
r9298
  +dir_prop: branches/qmmp-0.12 svn:mergeinfo /branches/qmmp-0.10:7522%0A/branches/qmmp-1.0:5596%0A/branches/qmmp-1.1:5819%2C5968%2C6043%2C6172%2C6233%2C6442%0A/branches/qmmp-1.2:6799%2C6945%2C6975%2C7173%2C7382%2C7520%0A/branches/qmmp-1.3:8923%2C8932%2C8945%2C8995%2C9009%2C9146%2C9153%2C9158%2C9248%2C9252%0A/trunk/qmmp:7783%2C7785%2C7787-7788%2C7792-7793%2C7798%2C7805%2C7807-7811%2C7813%2C7822%2C7824%2C7830%2C7834%2C7838%2C7840%2C7857-7858%2C7876%2C7905%2C7907%2C8019%2C8021-8023%2C8032%2C8036-8037%2C8039%2C8041%2C8047%2C8053-8055%2C8058-8059%2C8061-8062%2C8070%2C8080%2C8092%2C8099-8102%2C8109%2C8141%2C8145%2C8151%2C8192%2C8207%2C8211%2C8213%2C8218%2C8245%2C8247-8248%2C8252%2C8255%2C8259%2C8263%2C8284%2C8293%2C8295-8296%2C8299%2C8305%2C8324%2C8326%2C8353%2C8355%2C8359%2C8382-8383%2C8388-8389%2C8399%2C8401%2C8403%2C8405%2C8418-8419%2C8427%2C8429%2C8435-8436%2C8446%2C8455%2C8459%2C8470%2C8473%2C8479%2C8481%2C8488%2C8490-8491%2C8493%2C8497%2C8504%2C8510-8537%2C8545-8546%2C8550%2C8552%2C8557%2C8588-8589%2C8604%2C8657%2C8659%2C8664-8665%2C8696%2C8708%2C8711%2C8715-8716%2C8719%2C8747%2C8763%2C8778%2C8788%2C8821%2C8830%2C8837%2C8840%2C8843%2C8860-8861%2C8865%2C8869-8870%2C8872%2C8893%2C8897%2C8900%2C8906%2C8910%2C8918%2C8936-8937%2C8941-8942%2C8964%2C8973%2C8992%2C9001-9002%2C9006%2C9012%2C9015%2C9019%2C9022%2C9025%2C9034%2C9056-9058%2C9073%2C9082%2C9090%2C9106%2C9114-9115%2C9117%2C9129%2C9131%2C9141%2C9148%2C9155%2C9181%2C9185%2C9289%2C9295
r9304
  +dir_prop: branches/qmmp-0.12 svn:mergeinfo /branches/qmmp-0.10:7522%0A/branches/qmmp-1.0:5596%0A/branches/qmmp-1.1:5819%2C5968%2C6043%2C6172%2C6233%2C6442%0A/branches/qmmp-1.2:6799%2C6945%2C6975%2C7173%2C7382%2C7520%0A/branches/qmmp-1.3:8923%2C8932%2C8945%2C8995%2C9009%2C9146%2C9153%2C9158%2C9248%2C9252%2C9300%0A/trunk/qmmp:7783%2C7785%2C7787-7788%2C7792-7793%2C7798%2C7805%2C7807-7811%2C7813%2C7822%2C7824%2C7830%2C7834%2C7838%2C7840%2C7857-7858%2C7876%2C7905%2C7907%2C8019%2C8021-8023%2C8032%2C8036-8037%2C8039%2C8041%2C8047%2C8053-8055%2C8058-8059%2C8061-8062%2C8070%2C8080%2C8092%2C8099-8102%2C8109%2C8141%2C8145%2C8151%2C8192%2C8207%2C8211%2C8213%2C8218%2C8245%2C8247-8248%2C8252%2C8255%2C8259%2C8263%2C8284%2C8293%2C8295-8296%2C8299%2C8305%2C8324%2C8326%2C8353%2C8355%2C8359%2C8382-8383%2C8388-8389%2C8399%2C8401%2C8403%2C8405%2C8418-8419%2C8427%2C8429%2C8435-8436%2C8446%2C8455%2C8459%2C8470%2C8473%2C8479%2C8481%2C8488%2C8490-8491%2C8493%2C8497%2C8504%2C8510-8537%2C8545-8546%2C8550%2C8552%2C8557%2C8588-8589%2C8604%2C8657%2C8659%2C8664-8665%2C8696%2C8708%2C8711%2C8715-8716%2C8719%2C8747%2C8763%2C8778%2C8788%2C8821%2C8830%2C8837%2C8840%2C8843%2C8860-8861%2C8865%2C8869-8870%2C8872%2C8893%2C8897%2C8900%2C8906%2C8910%2C8918%2C8936-8937%2C8941-8942%2C8964%2C8973%2C8992%2C9001-9002%2C9006%2C9012%2C9015%2C9019%2C9022%2C9025%2C9034%2C9056-9058%2C9073%2C9082%2C9090%2C9106%2C9114-9115%2C9117%2C9129%2C9131%2C9141%2C9148%2C9155%2C9181%2C9185%2C9289%2C9295
r9308
r9311
  +dir_prop: branches/qmmp-0.12 svn:mergeinfo /branches/qmmp-0.10:7522%0A/branches/qmmp-1.0:5596%0A/branches/qmmp-1.1:5819%2C5968%2C6043%2C6172%2C6233%2C6442%0A/branches/qmmp-1.2:6799%2C6945%2C6975%2C7173%2C7382%2C7520%0A/branches/qmmp-1.3:8923%2C8932%2C8945%2C8995%2C9009%2C9146%2C9153%2C9158%2C9248%2C9252%2C9300%2C9310%0A/trunk/qmmp:7783%2C7785%2C7787-7788%2C7792-7793%2C7798%2C7805%2C7807-7811%2C7813%2C7822%2C7824%2C7830%2C7834%2C7838%2C7840%2C7857-7858%2C7876%2C7905%2C7907%2C8019%2C8021-8023%2C8032%2C8036-8037%2C8039%2C8041%2C8047%2C8053-8055%2C8058-8059%2C8061-8062%2C8070%2C8080%2C8092%2C8099-8102%2C8109%2C8141%2C8145%2C8151%2C8192%2C8207%2C8211%2C8213%2C8218%2C8245%2C8247-8248%2C8252%2C8255%2C8259%2C8263%2C8284%2C8293%2C8295-8296%2C8299%2C8305%2C8324%2C8326%2C8353%2C8355%2C8359%2C8382-8383%2C8388-8389%2C8399%2C8401%2C8403%2C8405%2C8418-8419%2C8427%2C8429%2C8435-8436%2C8446%2C8455%2C8459%2C8470%2C8473%2C8479%2C8481%2C8488%2C8490-8491%2C8493%2C8497%2C8504%2C8510-8537%2C8545-8546%2C8550%2C8552%2C8557%2C8588-8589%2C8604%2C8657%2C8659%2C8664-8665%2C8696%2C8708%2C8711%2C8715-8716%2C8719%2C8747%2C8763%2C8778%2C8788%2C8821%2C8830%2C8837%2C8840%2C8843%2C8860-8861%2C8865%2C8869-8870%2C8872%2C8893%2C8897%2C8900%2C8906%2C8910%2C8918%2C8936-8937%2C8941-8942%2C8964%2C8973%2C8992%2C9001-9002%2C9006%2C9012%2C9015%2C9019%2C9022%2C9025%2C9034%2C9056-9058%2C9073%2C9082%2C9090%2C9106%2C9114-9115%2C9117%2C9129%2C9131%2C9141%2C9148%2C9155%2C9181%2C9185%2C9289%2C9295
r9344
r9345
r9346
r9348
r9349
r9350
r9351
r9352
r9353
r9357
r9359
r9392
r9393
r9396
r9410
  +dir_prop: branches/qmmp-0.12 svn:mergeinfo /branches/qmmp-0.10:7522%0A/branches/qmmp-1.0:5596%0A/branches/qmmp-1.1:5819%2C5968%2C6043%2C6172%2C6233%2C6442%0A/branches/qmmp-1.2:6799%2C6945%2C6975%2C7173%2C7382%2C7520%0A/branches/qmmp-1.3:8923%2C8932%2C8945%2C8995%2C9009%2C9146%2C9153%2C9158%2C9248%2C9252%2C9300%2C9310%0A/trunk/qmmp:7783%2C7785%2C7787-7788%2C7792-7793%2C7798%2C7805%2C7807-7811%2C7813%2C7822%2C7824%2C7830%2C7834%2C7838%2C7840%2C7857-7858%2C7876%2C7905%2C7907%2C8019%2C8021-8023%2C8032%2C8036-8037%2C8039%2C8041%2C8047%2C8053-8055%2C8058-8059%2C8061-8062%2C8070%2C8080%2C8092%2C8099-8102%2C8109%2C8141%2C8145%2C8151%2C8192%2C8207%2C8211%2C8213%2C8218%2C8245%2C8247-8248%2C8252%2C8255%2C8259%2C8263%2C8284%2C8293%2C8295-8296%2C8299%2C8305%2C8324%2C8326%2C8353%2C8355%2C8359%2C8382-8383%2C8388-8389%2C8399%2C8401%2C8403%2C8405%2C8418-8419%2C8427%2C8429%2C8435-8436%2C8446%2C8455%2C8459%2C8470%2C8473%2C8479%2C8481%2C8488%2C8490-8491%2C8493%2C8497%2C8504%2C8510-8537%2C8545-8546%2C8550%2C8552%2C8557%2C8588-8589%2C8604%2C8657%2C8659%2C8664-8665%2C8696%2C8708%2C8711%2C8715-8716%2C8719%2C8747%2C8763%2C8778%2C8788%2C8821%2C8830%2C8837%2C8840%2C8843%2C8860-8861%2C8865%2C8869-8870%2C8872%2C8893%2C8897%2C8900%2C8906%2C8910%2C8918%2C8936-8937%2C8941-8942%2C8964%2C8973%2C8992%2C9001-9002%2C9006%2C9012%2C9015%2C9019%2C9022%2C9025%2C9034%2C9056-9058%2C9073%2C9082%2C9090%2C9106%2C9114-9115%2C9117%2C9129%2C9131%2C9141%2C9148%2C9155%2C9181%2C9185%2C9289%2C9295%2C9408
r9418
  +dir_prop: branches/qmmp-0.12 svn:mergeinfo /branches/qmmp-0.10:7522%0A/branches/qmmp-1.0:5596%0A/branches/qmmp-1.1:5819%2C5968%2C6043%2C6172%2C6233%2C6442%0A/branches/qmmp-1.2:6799%2C6945%2C6975%2C7173%2C7382%2C7520%0A/branches/qmmp-1.3:8923%2C8932%2C8945%2C8995%2C9009%2C9146%2C9153%2C9158%2C9248%2C9252%2C9300%2C9310%0A/trunk/qmmp:7783%2C7785%2C7787-7788%2C7792-7793%2C7798%2C7805%2C7807-7811%2C7813%2C7822%2C7824%2C7830%2C7834%2C7838%2C7840%2C7857-7858%2C7876%2C7905%2C7907%2C8019%2C8021-8023%2C8032%2C8036-8037%2C8039%2C8041%2C8047%2C8053-8055%2C8058-8059%2C8061-8062%2C8070%2C8080%2C8092%2C8099-8102%2C8109%2C8141%2C8145%2C8151%2C8192%2C8207%2C8211%2C8213%2C8218%2C8245%2C8247-8248%2C8252%2C8255%2C8259%2C8263%2C8284%2C8293%2C8295-8296%2C8299%2C8305%2C8324%2C8326%2C8353%2C8355%2C8359%2C8382-8383%2C8388-8389%2C8399%2C8401%2C8403%2C8405%2C8418-8419%2C8427%2C8429%2C8435-8436%2C8446%2C8455%2C8459%2C8470%2C8473%2C8479%2C8481%2C8488%2C8490-8491%2C8493%2C8497%2C8504%2C8510-8537%2C8545-8546%2C8550%2C8552%2C8557%2C8588-8589%2C8604%2C8657%2C8659%2C8664-8665%2C8696%2C8708%2C8711%2C8715-8716%2C8719%2C8747%2C8763%2C8778%2C8788%2C8821%2C8830%2C8837%2C8840%2C8843%2C8860-8861%2C8865%2C8869-8870%2C8872%2C8893%2C8897%2C8900%2C8906%2C8910%2C8918%2C8936-8937%2C8941-8942%2C8964%2C8973%2C8992%2C9001-9002%2C9006%2C9012%2C9015%2C9019%2C9022%2C9025%2C9034%2C9056-9058%2C9073%2C9082%2C9090%2C9106%2C9114-9115%2C9117%2C9129%2C9131%2C9141%2C9148%2C9155%2C9181%2C9185%2C9289%2C9295%2C9408%2C9413
r9421
  +dir_prop: branches/qmmp-0.12 svn:mergeinfo /branches/qmmp-0.10:7522%0A/branches/qmmp-1.0:5596%0A/branches/qmmp-1.1:5819%2C5968%2C6043%2C6172%2C6233%2C6442%0A/branches/qmmp-1.2:6799%2C6945%2C6975%2C7173%2C7382%2C7520%0A/branches/qmmp-1.3:8923%2C8932%2C8945%2C8995%2C9009%2C9146%2C9153%2C9158%2C9248%2C9252%2C9300%2C9310%0A/trunk/qmmp:7783%2C7785%2C7787-7788%2C7792-7793%2C7798%2C7805%2C7807-7811%2C7813%2C7822%2C7824%2C7830%2C7834%2C7838%2C7840%2C7857-7858%2C7876%2C7905%2C7907%2C8019%2C8021-8023%2C8032%2C8036-8037%2C8039%2C8041%2C8047%2C8053-8055%2C8058-8059%2C8061-8062%2C8070%2C8080%2C8092%2C8099-8102%2C8109%2C8141%2C8145%2C8151%2C8192%2C8207%2C8211%2C8213%2C8218%2C8245%2C8247-8248%2C8252%2C8255%2C8259%2C8263%2C8284%2C8293%2C8295-8296%2C8299%2C8305%2C8324%2C8326%2C8353%2C8355%2C8359%2C8382-8383%2C8388-8389%2C8399%2C8401%2C8403%2C8405%2C8418-8419%2C8427%2C8429%2C8435-8436%2C8446%2C8455%2C8459%2C8470%2C8473%2C8479%2C8481%2C8488%2C8490-8491%2C8493%2C8497%2C8504%2C8510-8537%2C8545-8546%2C8550%2C8552%2C8557%2C8588-8589%2C8604%2C8657%2C8659%2C8664-8665%2C8696%2C8708%2C8711%2C8715-8716%2C8719%2C8747%2C8763%2C8778%2C8788%2C8821%2C8830%2C8837%2C8840%2C8843%2C8860-8861%2C8865%2C8869-8870%2C8872%2C8893%2C8897%2C8900%2C8906%2C8910%2C8918%2C8936-8937%2C8941-8942%2C8964%2C8973%2C8992%2C9001-9002%2C9006%2C9012%2C9015%2C9019%2C9022%2C9025%2C9034%2C9056-9058%2C9073%2C9082%2C9090%2C9106%2C9114-9115%2C9117%2C9129%2C9131%2C9141%2C9148%2C9155%2C9181%2C9185%2C9289%2C9295%2C9408%2C9413%2C9419
r9434
r9448
r9452
r9456
r9473
r9474
r9486
  +dir_prop: branches/qmmp-0.12 svn:mergeinfo /branches/qmmp-0.10:7522%0A/branches/qmmp-1.0:5596%0A/branches/qmmp-1.1:5819%2C5968%2C6043%2C6172%2C6233%2C6442%0A/branches/qmmp-1.2:6799%2C6945%2C6975%2C7173%2C7382%2C7520%0A/branches/qmmp-1.3:8923%2C8932%2C8945%2C8995%2C9009%2C9146%2C9153%2C9158%2C9248%2C9252%2C9300%2C9310%0A/trunk/qmmp:7783%2C7785%2C7787-7788%2C7792-7793%2C7798%2C7805%2C7807-7811%2C7813%2C7822%2C7824%2C7830%2C7834%2C7838%2C7840%2C7857-7858%2C7876%2C7905%2C7907%2C8019%2C8021-8023%2C8032%2C8036-8037%2C8039%2C8041%2C8047%2C8053-8055%2C8058-8059%2C8061-8062%2C8070%2C8080%2C8092%2C8099-8102%2C8109%2C8141%2C8145%2C8151%2C8192%2C8207%2C8211%2C8213%2C8218%2C8245%2C8247-8248%2C8252%2C8255%2C8259%2C8263%2C8284%2C8293%2C8295-8296%2C8299%2C8305%2C8324%2C8326%2C8353%2C8355%2C8359%2C8382-8383%2C8388-8389%2C8399%2C8401%2C8403%2C8405%2C8418-8419%2C8427%2C8429%2C8435-8436%2C8446%2C8455%2C8459%2C8470%2C8473%2C8479%2C8481%2C8488%2C8490-8491%2C8493%2C8497%2C8504%2C8510-8537%2C8545-8546%2C8550%2C8552%2C8557%2C8588-8589%2C8604%2C8657%2C8659%2C8664-8665%2C8696%2C8708%2C8711%2C8715-8716%2C8719%2C8747%2C8763%2C8778%2C8788%2C8821%2C8830%2C8837%2C8840%2C8843%2C8860-8861%2C8865%2C8869-8870%2C8872%2C8893%2C8897%2C8900%2C8906%2C8910%2C8918%2C8936-8937%2C8941-8942%2C8964%2C8973%2C8992%2C9001-9002%2C9006%2C9012%2C9015%2C9019%2C9022%2C9025%2C9034%2C9056-9058%2C9073%2C9082%2C9090%2C9106%2C9114-9115%2C9117%2C9129%2C9131%2C9141%2C9148%2C9155%2C9181%2C9185%2C9289%2C9295%2C9408%2C9413%2C9419%2C9484
r9489
  +dir_prop: branches/qmmp-0.12 svn:mergeinfo /branches/qmmp-0.10:7522%0A/branches/qmmp-1.0:5596%0A/branches/qmmp-1.1:5819%2C5968%2C6043%2C6172%2C6233%2C6442%0A/branches/qmmp-1.2:6799%2C6945%2C6975%2C7173%2C7382%2C7520%0A/branches/qmmp-1.3:8923%2C8932%2C8945%2C8995%2C9009%2C9146%2C9153%2C9158%2C9248%2C9252%2C9300%2C9310%0A/trunk/qmmp:7783%2C7785%2C7787-7788%2C7792-7793%2C7798%2C7805%2C7807-7811%2C7813%2C7822%2C7824%2C7830%2C7834%2C7838%2C7840%2C7857-7858%2C7876%2C7905%2C7907%2C8019%2C8021-8023%2C8032%2C8036-8037%2C8039%2C8041%2C8047%2C8053-8055%2C8058-8059%2C8061-8062%2C8070%2C8080%2C8092%2C8099-8102%2C8109%2C8141%2C8145%2C8151%2C8192%2C8207%2C8211%2C8213%2C8218%2C8245%2C8247-8248%2C8252%2C8255%2C8259%2C8263%2C8284%2C8293%2C8295-8296%2C8299%2C8305%2C8324%2C8326%2C8353%2C8355%2C8359%2C8382-8383%2C8388-8389%2C8399%2C8401%2C8403%2C8405%2C8418-8419%2C8427%2C8429%2C8435-8436%2C8446%2C8455%2C8459%2C8470%2C8473%2C8479%2C8481%2C8488%2C8490-8491%2C8493%2C8497%2C8504%2C8510-8537%2C8545-8546%2C8550%2C8552%2C8557%2C8588-8589%2C8604%2C8657%2C8659%2C8664-8665%2C8696%2C8708%2C8711%2C8715-8716%2C8719%2C8747%2C8763%2C8778%2C8788%2C8821%2C8830%2C8837%2C8840%2C8843%2C8860-8861%2C8865%2C8869-8870%2C8872%2C8893%2C8897%2C8900%2C8906%2C8910%2C8918%2C8936-8937%2C8941-8942%2C8964%2C8973%2C8992%2C9001-9002%2C9006%2C9012%2C9015%2C9019%2C9022%2C9025%2C9034%2C9056-9058%2C9073%2C9082%2C9090%2C9106%2C9114-9115%2C9117%2C9129%2C9131%2C9141%2C9148%2C9155%2C9181%2C9185%2C9289%2C9295%2C9408%2C9413%2C9419%2C9484%2C9487
r9494
  +dir_prop: branches/qmmp-0.12 svn:mergeinfo /branches/qmmp-0.10:7522%0A/branches/qmmp-1.0:5596%0A/branches/qmmp-1.1:5819%2C5968%2C6043%2C6172%2C6233%2C6442%0A/branches/qmmp-1.2:6799%2C6945%2C6975%2C7173%2C7382%2C7520%0A/branches/qmmp-1.3:8923%2C8932%2C8945%2C8995%2C9009%2C9146%2C9153%2C9158%2C9248%2C9252%2C9300%2C9310%0A/trunk/qmmp:7783%2C7785%2C7787-7788%2C7792-7793%2C7798%2C7805%2C7807-7811%2C7813%2C7822%2C7824%2C7830%2C7834%2C7838%2C7840%2C7857-7858%2C7876%2C7905%2C7907%2C8019%2C8021-8023%2C8032%2C8036-8037%2C8039%2C8041%2C8047%2C8053-8055%2C8058-8059%2C8061-8062%2C8070%2C8080%2C8092%2C8099-8102%2C8109%2C8141%2C8145%2C8151%2C8192%2C8207%2C8211%2C8213%2C8218%2C8245%2C8247-8248%2C8252%2C8255%2C8259%2C8263%2C8284%2C8293%2C8295-8296%2C8299%2C8305%2C8324%2C8326%2C8353%2C8355%2C8359%2C8382-8383%2C8388-8389%2C8399%2C8401%2C8403%2C8405%2C8418-8419%2C8427%2C8429%2C8435-8436%2C8446%2C8455%2C8459%2C8470%2C8473%2C8479%2C8481%2C8488%2C8490-8491%2C8493%2C8497%2C8504%2C8510-8537%2C8545-8546%2C8550%2C8552%2C8557%2C8588-8589%2C8604%2C8657%2C8659%2C8664-8665%2C8696%2C8708%2C8711%2C8715-8716%2C8719%2C8747%2C8763%2C8778%2C8788%2C8821%2C8830%2C8837%2C8840%2C8843%2C8860-8861%2C8865%2C8869-8870%2C8872%2C8893%2C8897%2C8900%2C8906%2C8910%2C8918%2C8936-8937%2C8941-8942%2C8964%2C8973%2C8992%2C9001-9002%2C9006%2C9012%2C9015%2C9019%2C9022%2C9025%2C9034%2C9056-9058%2C9073%2C9082%2C9090%2C9106%2C9114-9115%2C9117%2C9129%2C9131%2C9141%2C9148%2C9155%2C9181%2C9185%2C9289%2C9295%2C9408%2C9413%2C9419%2C9484%2C9487%2C9492
r9496
r9538
r9549
  +dir_prop: branches/qmmp-0.12 svn:mergeinfo /branches/qmmp-0.10:7522%0A/branches/qmmp-1.0:5596%0A/branches/qmmp-1.1:5819%2C5968%2C6043%2C6172%2C6233%2C6442%0A/branches/qmmp-1.2:6799%2C6945%2C6975%2C7173%2C7382%2C7520%0A/branches/qmmp-1.3:8923%2C8932%2C8945%2C8995%2C9009%2C9146%2C9153%2C9158%2C9248%2C9252%2C9300%2C9310%0A/trunk/qmmp:7783%2C7785%2C7787-7788%2C7792-7793%2C7798%2C7805%2C7807-7811%2C7813%2C7822%2C7824%2C7830%2C7834%2C7838%2C7840%2C7857-7858%2C7876%2C7905%2C7907%2C8019%2C8021-8023%2C8032%2C8036-8037%2C8039%2C8041%2C8047%2C8053-8055%2C8058-8059%2C8061-8062%2C8070%2C8080%2C8092%2C8099-8102%2C8109%2C8141%2C8145%2C8151%2C8192%2C8207%2C8211%2C8213%2C8218%2C8245%2C8247-8248%2C8252%2C8255%2C8259%2C8263%2C8284%2C8293%2C8295-8296%2C8299%2C8305%2C8324%2C8326%2C8353%2C8355%2C8359%2C8382-8383%2C8388-8389%2C8399%2C8401%2C8403%2C8405%2C8418-8419%2C8427%2C8429%2C8435-8436%2C8446%2C8455%2C8459%2C8470%2C8473%2C8479%2C8481%2C8488%2C8490-8491%2C8493%2C8497%2C8504%2C8510-8537%2C8545-8546%2C8550%2C8552%2C8557%2C8588-8589%2C8604%2C8657%2C8659%2C8664-8665%2C8696%2C8708%2C8711%2C8715-8716%2C8719%2C8747%2C8763%2C8778%2C8788%2C8821%2C8830%2C8837%2C8840%2C8843%2C8860-8861%2C8865%2C8869-8870%2C8872%2C8893%2C8897%2C8900%2C8906%2C8910%2C8918%2C8936-8937%2C8941-8942%2C8964%2C8973%2C8992%2C9001-9002%2C9006%2C9012%2C9015%2C9019%2C9022%2C9025%2C9034%2C9056-9058%2C9073%2C9082%2C9090%2C9106%2C9114-9115%2C9117%2C9129%2C9131%2C9141%2C9148%2C9155%2C9181%2C9185%2C9289%2C9295%2C9408%2C9413%2C9419%2C9484%2C9487%2C9492%2C9545
r9557
r9560
  +dir_prop: branches/qmmp-0.12 svn:mergeinfo /branches/qmmp-0.10:7522%0A/branches/qmmp-1.0:5596%0A/branches/qmmp-1.1:5819%2C5968%2C6043%2C6172%2C6233%2C6442%0A/branches/qmmp-1.2:6799%2C6945%2C6975%2C7173%2C7382%2C7520%0A/branches/qmmp-1.3:8923%2C8932%2C8945%2C8995%2C9009%2C9146%2C9153%2C9158%2C9248%2C9252%2C9300%2C9310%0A/trunk/qmmp:7783%2C7785%2C7787-7788%2C7792-7793%2C7798%2C7805%2C7807-7811%2C7813%2C7822%2C7824%2C7830%2C7834%2C7838%2C7840%2C7857-7858%2C7876%2C7905%2C7907%2C8019%2C8021-8023%2C8032%2C8036-8037%2C8039%2C8041%2C8047%2C8053-8055%2C8058-8059%2C8061-8062%2C8070%2C8080%2C8092%2C8099-8102%2C8109%2C8141%2C8145%2C8151%2C8192%2C8207%2C8211%2C8213%2C8218%2C8245%2C8247-8248%2C8252%2C8255%2C8259%2C8263%2C8284%2C8293%2C8295-8296%2C8299%2C8305%2C8324%2C8326%2C8353%2C8355%2C8359%2C8382-8383%2C8388-8389%2C8399%2C8401%2C8403%2C8405%2C8418-8419%2C8427%2C8429%2C8435-8436%2C8446%2C8455%2C8459%2C8470%2C8473%2C8479%2C8481%2C8488%2C8490-8491%2C8493%2C8497%2C8504%2C8510-8537%2C8545-8546%2C8550%2C8552%2C8557%2C8588-8589%2C8604%2C8657%2C8659%2C8664-8665%2C8696%2C8708%2C8711%2C8715-8716%2C8719%2C8747%2C8763%2C8778%2C8788%2C8821%2C8830%2C8837%2C8840%2C8843%2C8860-8861%2C8865%2C8869-8870%2C8872%2C8893%2C8897%2C8900%2C8906%2C8910%2C8918%2C8936-8937%2C8941-8942%2C8964%2C8973%2C8992%2C9001-9002%2C9006%2C9012%2C9015%2C9019%2C9022%2C9025%2C9034%2C9056-9058%2C9073%2C9082%2C9090%2C9106%2C9114-9115%2C9117%2C9129%2C9131%2C9141%2C9148%2C9155%2C9181%2C9185%2C9289%2C9295%2C9408%2C9413%2C9419%2C9484%2C9487%2C9492%2C9545%2C9558
r9565
  +dir_prop: branches/qmmp-0.12 svn:mergeinfo /branches/qmmp-0.10:7522%0A/branches/qmmp-1.0:5596%0A/branches/qmmp-1.1:5819%2C5968%2C6043%2C6172%2C6233%2C6442%0A/branches/qmmp-1.2:6799%2C6945%2C6975%2C7173%2C7382%2C7520%0A/branches/qmmp-1.3:8923%2C8932%2C8945%2C8995%2C9009%2C9146%2C9153%2C9158%2C9248%2C9252%2C9300%2C9310%0A/trunk/qmmp:7783%2C7785%2C7787-7788%2C7792-7793%2C7798%2C7805%2C7807-7811%2C7813%2C7822%2C7824%2C7830%2C7834%2C7838%2C7840%2C7857-7858%2C7876%2C7905%2C7907%2C8019%2C8021-8023%2C8032%2C8036-8037%2C8039%2C8041%2C8047%2C8053-8055%2C8058-8059%2C8061-8062%2C8070%2C8080%2C8092%2C8099-8102%2C8109%2C8141%2C8145%2C8151%2C8192%2C8207%2C8211%2C8213%2C8218%2C8245%2C8247-8248%2C8252%2C8255%2C8259%2C8263%2C8284%2C8293%2C8295-8296%2C8299%2C8305%2C8324%2C8326%2C8353%2C8355%2C8359%2C8382-8383%2C8388-8389%2C8399%2C8401%2C8403%2C8405%2C8418-8419%2C8427%2C8429%2C8435-8436%2C8446%2C8455%2C8459%2C8470%2C8473%2C8479%2C8481%2C8488%2C8490-8491%2C8493%2C8497%2C8504%2C8510-8537%2C8545-8546%2C8550%2C8552%2C8557%2C8588-8589%2C8604%2C8657%2C8659%2C8664-8665%2C8696%2C8708%2C8711%2C8715-8716%2C8719%2C8747%2C8763%2C8778%2C8788%2C8821%2C8830%2C8837%2C8840%2C8843%2C8860-8861%2C8865%2C8869-8870%2C8872%2C8893%2C8897%2C8900%2C8906%2C8910%2C8918%2C8936-8937%2C8941-8942%2C8964%2C8973%2C8992%2C9001-9002%2C9006%2C9012%2C9015%2C9019%2C9022%2C9025%2C9034%2C9056-9058%2C9073%2C9082%2C9090%2C9106%2C9114-9115%2C9117%2C9129%2C9131%2C9141%2C9148%2C9155%2C9181%2C9185%2C9289%2C9295%2C9408%2C9413%2C9419%2C9484%2C9487%2C9492%2C9545%2C9558%2C9563
r9576
r9584
r9587
r9606
r9629
  +dir_prop: branches/qmmp-0.12 svn:mergeinfo /branches/qmmp-0.10:7522%0A/branches/qmmp-1.0:5596%0A/branches/qmmp-1.1:5819%2C5968%2C6043%2C6172%2C6233%2C6442%0A/branches/qmmp-1.2:6799%2C6945%2C6975%2C7173%2C7382%2C7520%0A/branches/qmmp-1.3:8923%2C8932%2C8945%2C8995%2C9009%2C9146%2C9153%2C9158%2C9248%2C9252%2C9300%2C9310%0A/trunk/qmmp:7783%2C7785%2C7787-7788%2C7792-7793%2C7798%2C7805%2C7807-7811%2C7813%2C7822%2C7824%2C7830%2C7834%2C7838%2C7840%2C7857-7858%2C7876%2C7905%2C7907%2C8019%2C8021-8023%2C8032%2C8036-8037%2C8039%2C8041%2C8047%2C8053-8055%2C8058-8059%2C8061-8062%2C8070%2C8080%2C8092%2C8099-8102%2C8109%2C8141%2C8145%2C8151%2C8192%2C8207%2C8211%2C8213%2C8218%2C8245%2C8247-8248%2C8252%2C8255%2C8259%2C8263%2C8284%2C8293%2C8295-8296%2C8299%2C8305%2C8324%2C8326%2C8353%2C8355%2C8359%2C8382-8383%2C8388-8389%2C8399%2C8401%2C8403%2C8405%2C8418-8419%2C8427%2C8429%2C8435-8436%2C8446%2C8455%2C8459%2C8470%2C8473%2C8479%2C8481%2C8488%2C8490-8491%2C8493%2C8497%2C8504%2C8510-8537%2C8545-8546%2C8550%2C8552%2C8557%2C8588-8589%2C8604%2C8657%2C8659%2C8664-8665%2C8696%2C8708%2C8711%2C8715-8716%2C8719%2C8747%2C8763%2C8778%2C8788%2C8821%2C8830%2C8837%2C8840%2C8843%2C8860-8861%2C8865%2C8869-8870%2C8872%2C8893%2C8897%2C8900%2C8906%2C8910%2C8918%2C8936-8937%2C8941-8942%2C8964%2C8973%2C8992%2C9001-9002%2C9006%2C9012%2C9015%2C9019%2C9022%2C9025%2C9034%2C9056-9058%2C9073%2C9082%2C9090%2C9106%2C9114-9115%2C9117%2C9129%2C9131%2C9141%2C9148%2C9155%2C9181%2C9185%2C9289%2C9295%2C9408%2C9413%2C9419%2C9484%2C9487%2C9492%2C9545%2C9558%2C9563%2C9627
r9659
  +dir_prop: branches/qmmp-0.12 svn:mergeinfo /branches/qmmp-0.10:7522%0A/branches/qmmp-1.0:5596%0A/branches/qmmp-1.1:5819%2C5968%2C6043%2C6172%2C6233%2C6442%0A/branches/qmmp-1.2:6799%2C6945%2C6975%2C7173%2C7382%2C7520%0A/branches/qmmp-1.3:8923%2C8932%2C8945%2C8995%2C9009%2C9146%2C9153%2C9158%2C9248%2C9252%2C9300%2C9310%0A/trunk/qmmp:7783%2C7785%2C7787-7788%2C7792-7793%2C7798%2C7805%2C7807-7811%2C7813%2C7822%2C7824%2C7830%2C7834%2C7838%2C7840%2C7857-7858%2C7876%2C7905%2C7907%2C8019%2C8021-8023%2C8032%2C8036-8037%2C8039%2C8041%2C8047%2C8053-8055%2C8058-8059%2C8061-8062%2C8070%2C8080%2C8092%2C8099-8102%2C8109%2C8141%2C8145%2C8151%2C8192%2C8207%2C8211%2C8213%2C8218%2C8245%2C8247-8248%2C8252%2C8255%2C8259%2C8263%2C8284%2C8293%2C8295-8296%2C8299%2C8305%2C8324%2C8326%2C8353%2C8355%2C8359%2C8382-8383%2C8388-8389%2C8399%2C8401%2C8403%2C8405%2C8418-8419%2C8427%2C8429%2C8435-8436%2C8446%2C8455%2C8459%2C8470%2C8473%2C8479%2C8481%2C8488%2C8490-8491%2C8493%2C8497%2C8504%2C8510-8537%2C8545-8546%2C8550%2C8552%2C8557%2C8588-8589%2C8604%2C8657%2C8659%2C8664-8665%2C8696%2C8708%2C8711%2C8715-8716%2C8719%2C8747%2C8763%2C8778%2C8788%2C8821%2C8830%2C8837%2C8840%2C8843%2C8860-8861%2C8865%2C8869-8870%2C8872%2C8893%2C8897%2C8900%2C8906%2C8910%2C8918%2C8936-8937%2C8941-8942%2C8964%2C8973%2C8992%2C9001-9002%2C9006%2C9012%2C9015%2C9019%2C9022%2C9025%2C9034%2C9056-9058%2C9073%2C9082%2C9090%2C9106%2C9114-9115%2C9117%2C9129%2C9131%2C9141%2C9148%2C9155%2C9181%2C9185%2C9289%2C9295%2C9408%2C9413%2C9419%2C9484%2C9487%2C9492%2C9545%2C9558%2C9563%2C9627%2C9657
r9669
  +dir_prop: branches/qmmp-0.12 svn:mergeinfo /branches/qmmp-0.10:7522%0A/branches/qmmp-1.0:5596%0A/branches/qmmp-1.1:5819%2C5968%2C6043%2C6172%2C6233%2C6442%0A/branches/qmmp-1.2:6799%2C6945%2C6975%2C7173%2C7382%2C7520%0A/branches/qmmp-1.3:8923%2C8932%2C8945%2C8995%2C9009%2C9146%2C9153%2C9158%2C9248%2C9252%2C9300%2C9310%0A/trunk/qmmp:7783%2C7785%2C7787-7788%2C7792-7793%2C7798%2C7805%2C7807-7811%2C7813%2C7822%2C7824%2C7830%2C7834%2C7838%2C7840%2C7857-7858%2C7876%2C7905%2C7907%2C8019%2C8021-8023%2C8032%2C8036-8037%2C8039%2C8041%2C8047%2C8053-8055%2C8058-8059%2C8061-8062%2C8070%2C8080%2C8092%2C8099-8102%2C8109%2C8141%2C8145%2C8151%2C8192%2C8207%2C8211%2C8213%2C8218%2C8245%2C8247-8248%2C8252%2C8255%2C8259%2C8263%2C8284%2C8293%2C8295-8296%2C8299%2C8305%2C8324%2C8326%2C8353%2C8355%2C8359%2C8382-8383%2C8388-8389%2C8399%2C8401%2C8403%2C8405%2C8418-8419%2C8427%2C8429%2C8435-8436%2C8446%2C8455%2C8459%2C8470%2C8473%2C8479%2C8481%2C8488%2C8490-8491%2C8493%2C8497%2C8504%2C8510-8537%2C8545-8546%2C8550%2C8552%2C8557%2C8588-8589%2C8604%2C8657%2C8659%2C8664-8665%2C8696%2C8708%2C8711%2C8715-8716%2C8719%2C8747%2C8763%2C8778%2C8788%2C8821%2C8830%2C8837%2C8840%2C8843%2C8860-8861%2C8865%2C8869-8870%2C8872%2C8893%2C8897%2C8900%2C8906%2C8910%2C8918%2C8936-8937%2C8941-8942%2C8964%2C8973%2C8992%2C9001-9002%2C9006%2C9012%2C9015%2C9019%2C9022%2C9025%2C9034%2C9056-9058%2C9073%2C9082%2C9090%2C9106%2C9114-9115%2C9117%2C9129%2C9131%2C9141%2C9148%2C9155%2C9181%2C9185%2C9289%2C9295%2C9408%2C9413%2C9419%2C9484%2C9487%2C9492%2C9545%2C9558%2C9563%2C9627%2C9657%2C9668
r9680
r9682
r9687
r9722
  +dir_prop: branches/qmmp-0.12 svn:mergeinfo /branches/qmmp-0.10:7522%0A/branches/qmmp-1.0:5596%0A/branches/qmmp-1.1:5819%2C5968%2C6043%2C6172%2C6233%2C6442%0A/branches/qmmp-1.2:6799%2C6945%2C6975%2C7173%2C7382%2C7520%0A/branches/qmmp-1.3:8923%2C8932%2C8945%2C8995%2C9009%2C9146%2C9153%2C9158%2C9248%2C9252%2C9300%2C9310%0A/branches/qmmp-1.4:9721%0A/trunk/qmmp:7783%2C7785%2C7787-7788%2C7792-7793%2C7798%2C7805%2C7807-7811%2C7813%2C7822%2C7824%2C7830%2C7834%2C7838%2C7840%2C7857-7858%2C7876%2C7905%2C7907%2C8019%2C8021-8023%2C8032%2C8036-8037%2C8039%2C8041%2C8047%2C8053-8055%2C8058-8059%2C8061-8062%2C8070%2C8080%2C8092%2C8099-8102%2C8109%2C8141%2C8145%2C8151%2C8192%2C8207%2C8211%2C8213%2C8218%2C8245%2C8247-8248%2C8252%2C8255%2C8259%2C8263%2C8284%2C8293%2C8295-8296%2C8299%2C8305%2C8324%2C8326%2C8353%2C8355%2C8359%2C8382-8383%2C8388-8389%2C8399%2C8401%2C8403%2C8405%2C8418-8419%2C8427%2C8429%2C8435-8436%2C8446%2C8455%2C8459%2C8470%2C8473%2C8479%2C8481%2C8488%2C8490-8491%2C8493%2C8497%2C8504%2C8510-8537%2C8545-8546%2C8550%2C8552%2C8557%2C8588-8589%2C8604%2C8657%2C8659%2C8664-8665%2C8696%2C8708%2C8711%2C8715-8716%2C8719%2C8747%2C8763%2C8778%2C8788%2C8821%2C8830%2C8837%2C8840%2C8843%2C8860-8861%2C8865%2C8869-8870%2C8872%2C8893%2C8897%2C8900%2C8906%2C8910%2C8918%2C8936-8937%2C8941-8942%2C8964%2C8973%2C8992%2C9001-9002%2C9006%2C9012%2C9015%2C9019%2C9022%2C9025%2C9034%2C9056-9058%2C9073%2C9082%2C9090%2C9106%2C9114-9115%2C9117%2C9129%2C9131%2C9141%2C9148%2C9155%2C9181%2C9185%2C9289%2C9295%2C9408%2C9413%2C9419%2C9484%2C9487%2C9492%2C9545%2C9558%2C9563%2C9627%2C9657%2C9668%2C9718
r9737
r9746
r9760
r9793
  +dir_prop: branches/qmmp-0.12 svn:mergeinfo /branches/qmmp-0.10:7522%0A/branches/qmmp-1.0:5596%0A/branches/qmmp-1.1:5819%2C5968%2C6043%2C6172%2C6233%2C6442%0A/branches/qmmp-1.2:6799%2C6945%2C6975%2C7173%2C7382%2C7520%0A/branches/qmmp-1.3:8923%2C8932%2C8945%2C8995%2C9009%2C9146%2C9153%2C9158%2C9248%2C9252%2C9300%2C9310%0A/branches/qmmp-1.4:9721%0A/trunk/qmmp:7783%2C7785%2C7787-7788%2C7792-7793%2C7798%2C7805%2C7807-7811%2C7813%2C7822%2C7824%2C7830%2C7834%2C7838%2C7840%2C7857-7858%2C7876%2C7905%2C7907%2C8019%2C8021-8023%2C8032%2C8036-8037%2C8039%2C8041%2C8047%2C8053-8055%2C8058-8059%2C8061-8062%2C8070%2C8080%2C8092%2C8099-8102%2C8109%2C8141%2C8145%2C8151%2C8192%2C8207%2C8211%2C8213%2C8218%2C8245%2C8247-8248%2C8252%2C8255%2C8259%2C8263%2C8284%2C8293%2C8295-8296%2C8299%2C8305%2C8324%2C8326%2C8353%2C8355%2C8359%2C8382-8383%2C8388-8389%2C8399%2C8401%2C8403%2C8405%2C8418-8419%2C8427%2C8429%2C8435-8436%2C8446%2C8455%2C8459%2C8470%2C8473%2C8479%2C8481%2C8488%2C8490-8491%2C8493%2C8497%2C8504%2C8510-8537%2C8545-8546%2C8550%2C8552%2C8557%2C8588-8589%2C8604%2C8657%2C8659%2C8664-8665%2C8696%2C8708%2C8711%2C8715-8716%2C8719%2C8747%2C8763%2C8778%2C8788%2C8821%2C8830%2C8837%2C8840%2C8843%2C8860-8861%2C8865%2C8869-8870%2C8872%2C8893%2C8897%2C8900%2C8906%2C8910%2C8918%2C8936-8937%2C8941-8942%2C8964%2C8973%2C8992%2C9001-9002%2C9006%2C9012%2C9015%2C9019%2C9022%2C9025%2C9034%2C9056-9058%2C9073%2C9082%2C9090%2C9106%2C9114-9115%2C9117%2C9129%2C9131%2C9141%2C9148%2C9155%2C9181%2C9185%2C9289%2C9295%2C9408%2C9413%2C9419%2C9484%2C9487%2C9492%2C9545%2C9558%2C9563%2C9627%2C9657%2C9668%2C9718%2C9791
r9800
  +dir_prop: branches/qmmp-0.12 svn:mergeinfo /branches/qmmp-0.10:7522%0A/branches/qmmp-1.0:5596%0A/branches/qmmp-1.1:5819%2C5968%2C6043%2C6172%2C6233%2C6442%0A/branches/qmmp-1.2:6799%2C6945%2C6975%2C7173%2C7382%2C7520%0A/branches/qmmp-1.3:8923%2C8932%2C8945%2C8995%2C9009%2C9146%2C9153%2C9158%2C9248%2C9252%2C9300%2C9310%0A/branches/qmmp-1.4:9721%0A/trunk/qmmp:7783%2C7785%2C7787-7788%2C7792-7793%2C7798%2C7805%2C7807-7811%2C7813%2C7822%2C7824%2C7830%2C7834%2C7838%2C7840%2C7857-7858%2C7876%2C7905%2C7907%2C8019%2C8021-8023%2C8032%2C8036-8037%2C8039%2C8041%2C8047%2C8053-8055%2C8058-8059%2C8061-8062%2C8070%2C8080%2C8092%2C8099-8102%2C8109%2C8141%2C8145%2C8151%2C8192%2C8207%2C8211%2C8213%2C8218%2C8245%2C8247-8248%2C8252%2C8255%2C8259%2C8263%2C8284%2C8293%2C8295-8296%2C8299%2C8305%2C8324%2C8326%2C8353%2C8355%2C8359%2C8382-8383%2C8388-8389%2C8399%2C8401%2C8403%2C8405%2C8418-8419%2C8427%2C8429%2C8435-8436%2C8446%2C8455%2C8459%2C8470%2C8473%2C8479%2C8481%2C8488%2C8490-8491%2C8493%2C8497%2C8504%2C8510-8537%2C8545-8546%2C8550%2C8552%2C8557%2C8588-8589%2C8604%2C8657%2C8659%2C8664-8665%2C8696%2C8708%2C8711%2C8715-8716%2C8719%2C8747%2C8763%2C8778%2C8788%2C8821%2C8830%2C8837%2C8840%2C8843%2C8860-8861%2C8865%2C8869-8870%2C8872%2C8893%2C8897%2C8900%2C8906%2C8910%2C8918%2C8936-8937%2C8941-8942%2C8964%2C8973%2C8992%2C9001-9002%2C9006%2C9012%2C9015%2C9019%2C9022%2C9025%2C9034%2C9056-9058%2C9073%2C9082%2C9090%2C9106%2C9114-9115%2C9117%2C9129%2C9131%2C9141%2C9148%2C9155%2C9181%2C9185%2C9289%2C9295%2C9408%2C9413%2C9419%2C9484%2C9487%2C9492%2C9545%2C9558%2C9563%2C9627%2C9657%2C9668%2C9718%2C9791%2C9798
r9815
r9834
r9838
r9842
  +dir_prop: branches/qmmp-0.12 svn:mergeinfo /branches/qmmp-0.10:7522%0A/branches/qmmp-1.0:5596%0A/branches/qmmp-1.1:5819%2C5968%2C6043%2C6172%2C6233%2C6442%0A/branches/qmmp-1.2:6799%2C6945%2C6975%2C7173%2C7382%2C7520%0A/branches/qmmp-1.3:8923%2C8932%2C8945%2C8995%2C9009%2C9146%2C9153%2C9158%2C9248%2C9252%2C9300%2C9310%0A/branches/qmmp-1.4:9721%2C9841%0A/trunk/qmmp:7783%2C7785%2C7787-7788%2C7792-7793%2C7798%2C7805%2C7807-7811%2C7813%2C7822%2C7824%2C7830%2C7834%2C7838%2C7840%2C7857-7858%2C7876%2C7905%2C7907%2C8019%2C8021-8023%2C8032%2C8036-8037%2C8039%2C8041%2C8047%2C8053-8055%2C8058-8059%2C8061-8062%2C8070%2C8080%2C8092%2C8099-8102%2C8109%2C8141%2C8145%2C8151%2C8192%2C8207%2C8211%2C8213%2C8218%2C8245%2C8247-8248%2C8252%2C8255%2C8259%2C8263%2C8284%2C8293%2C8295-8296%2C8299%2C8305%2C8324%2C8326%2C8353%2C8355%2C8359%2C8382-8383%2C8388-8389%2C8399%2C8401%2C8403%2C8405%2C8418-8419%2C8427%2C8429%2C8435-8436%2C8446%2C8455%2C8459%2C8470%2C8473%2C8479%2C8481%2C8488%2C8490-8491%2C8493%2C8497%2C8504%2C8510-8537%2C8545-8546%2C8550%2C8552%2C8557%2C8588-8589%2C8604%2C8657%2C8659%2C8664-8665%2C8696%2C8708%2C8711%2C8715-8716%2C8719%2C8747%2C8763%2C8778%2C8788%2C8821%2C8830%2C8837%2C8840%2C8843%2C8860-8861%2C8865%2C8869-8870%2C8872%2C8893%2C8897%2C8900%2C8906%2C8910%2C8918%2C8936-8937%2C8941-8942%2C8964%2C8973%2C8992%2C9001-9002%2C9006%2C9012%2C9015%2C9019%2C9022%2C9025%2C9034%2C9056-9058%2C9073%2C9082%2C9090%2C9106%2C9114-9115%2C9117%2C9129%2C9131%2C9141%2C9148%2C9155%2C9181%2C9185%2C9289%2C9295%2C9408%2C9413%2C9419%2C9484%2C9487%2C9492%2C9545%2C9558%2C9563%2C9627%2C9657%2C9668%2C9718%2C9791%2C9798
r9851
r9855
r9862
r9885
r9894
r9928
  +dir_prop: branches/qmmp-0.12 svn:mergeinfo /branches/qmmp-0.10:7522%0A/branches/qmmp-1.0:5596%0A/branches/qmmp-1.1:5819%2C5968%2C6043%2C6172%2C6233%2C6442%0A/branches/qmmp-1.2:6799%2C6945%2C6975%2C7173%2C7382%2C7520%0A/branches/qmmp-1.3:8923%2C8932%2C8945%2C8995%2C9009%2C9146%2C9153%2C9158%2C9248%2C9252%2C9300%2C9310%0A/branches/qmmp-1.4:9721%2C9841%0A/branches/qmmp-2.0:9926%0A/trunk/qmmp:7783%2C7785%2C7787-7788%2C7792-7793%2C7798%2C7805%2C7807-7811%2C7813%2C7822%2C7824%2C7830%2C7834%2C7838%2C7840%2C7857-7858%2C7876%2C7905%2C7907%2C8019%2C8021-8023%2C8032%2C8036-8037%2C8039%2C8041%2C8047%2C8053-8055%2C8058-8059%2C8061-8062%2C8070%2C8080%2C8092%2C8099-8102%2C8109%2C8141%2C8145%2C8151%2C8192%2C8207%2C8211%2C8213%2C8218%2C8245%2C8247-8248%2C8252%2C8255%2C8259%2C8263%2C8284%2C8293%2C8295-8296%2C8299%2C8305%2C8324%2C8326%2C8353%2C8355%2C8359%2C8382-8383%2C8388-8389%2C8399%2C8401%2C8403%2C8405%2C8418-8419%2C8427%2C8429%2C8435-8436%2C8446%2C8455%2C8459%2C8470%2C8473%2C8479%2C8481%2C8488%2C8490-8491%2C8493%2C8497%2C8504%2C8510-8537%2C8545-8546%2C8550%2C8552%2C8557%2C8588-8589%2C8604%2C8657%2C8659%2C8664-8665%2C8696%2C8708%2C8711%2C8715-8716%2C8719%2C8747%2C8763%2C8778%2C8788%2C8821%2C8830%2C8837%2C8840%2C8843%2C8860-8861%2C8865%2C8869-8870%2C8872%2C8893%2C8897%2C8900%2C8906%2C8910%2C8918%2C8936-8937%2C8941-8942%2C8964%2C8973%2C8992%2C9001-9002%2C9006%2C9012%2C9015%2C9019%2C9022%2C9025%2C9034%2C9056-9058%2C9073%2C9082%2C9090%2C9106%2C9114-9115%2C9117%2C9129%2C9131%2C9141%2C9148%2C9155%2C9181%2C9185%2C9289%2C9295%2C9408%2C9413%2C9419%2C9484%2C9487%2C9492%2C9545%2C9558%2C9563%2C9627%2C9657%2C9668%2C9718%2C9791%2C9798
r9956
  +dir_prop: branches/qmmp-0.12 svn:mergeinfo /branches/qmmp-0.10:7522%0A/branches/qmmp-1.0:5596%0A/branches/qmmp-1.1:5819%2C5968%2C6043%2C6172%2C6233%2C6442%0A/branches/qmmp-1.2:6799%2C6945%2C6975%2C7173%2C7382%2C7520%0A/branches/qmmp-1.3:8923%2C8932%2C8945%2C8995%2C9009%2C9146%2C9153%2C9158%2C9248%2C9252%2C9300%2C9310%0A/branches/qmmp-1.4:9721%2C9841%0A/branches/qmmp-2.0:9926%0A/trunk/qmmp:7783%2C7785%2C7787-7788%2C7792-7793%2C7798%2C7805%2C7807-7811%2C7813%2C7822%2C7824%2C7830%2C7834%2C7838%2C7840%2C7857-7858%2C7876%2C7905%2C7907%2C8019%2C8021-8023%2C8032%2C8036-8037%2C8039%2C8041%2C8047%2C8053-8055%2C8058-8059%2C8061-8062%2C8070%2C8080%2C8092%2C8099-8102%2C8109%2C8141%2C8145%2C8151%2C8192%2C8207%2C8211%2C8213%2C8218%2C8245%2C8247-8248%2C8252%2C8255%2C8259%2C8263%2C8284%2C8293%2C8295-8296%2C8299%2C8305%2C8324%2C8326%2C8353%2C8355%2C8359%2C8382-8383%2C8388-8389%2C8399%2C8401%2C8403%2C8405%2C8418-8419%2C8427%2C8429%2C8435-8436%2C8446%2C8455%2C8459%2C8470%2C8473%2C8479%2C8481%2C8488%2C8490-8491%2C8493%2C8497%2C8504%2C8510-8537%2C8545-8546%2C8550%2C8552%2C8557%2C8588-8589%2C8604%2C8657%2C8659%2C8664-8665%2C8696%2C8708%2C8711%2C8715-8716%2C8719%2C8747%2C8763%2C8778%2C8788%2C8821%2C8830%2C8837%2C8840%2C8843%2C8860-8861%2C8865%2C8869-8870%2C8872%2C8893%2C8897%2C8900%2C8906%2C8910%2C8918%2C8936-8937%2C8941-8942%2C8964%2C8973%2C8992%2C9001-9002%2C9006%2C9012%2C9015%2C9019%2C9022%2C9025%2C9034%2C9056-9058%2C9073%2C9082%2C9090%2C9106%2C9114-9115%2C9117%2C9129%2C9131%2C9141%2C9148%2C9155%2C9181%2C9185%2C9289%2C9295%2C9408%2C9413%2C9419%2C9484%2C9487%2C9492%2C9545%2C9558%2C9563%2C9627%2C9657%2C9668%2C9718%2C9791%2C9798%2C9953
r9962
  +dir_prop: branches/qmmp-0.12 svn:mergeinfo /branches/qmmp-0.10:7522%0A/branches/qmmp-1.0:5596%0A/branches/qmmp-1.1:5819%2C5968%2C6043%2C6172%2C6233%2C6442%0A/branches/qmmp-1.2:6799%2C6945%2C6975%2C7173%2C7382%2C7520%0A/branches/qmmp-1.3:8923%2C8932%2C8945%2C8995%2C9009%2C9146%2C9153%2C9158%2C9248%2C9252%2C9300%2C9310%0A/branches/qmmp-1.4:9721%2C9841%0A/branches/qmmp-2.0:9926%0A/trunk/qmmp:7783%2C7785%2C7787-7788%2C7792-7793%2C7798%2C7805%2C7807-7811%2C7813%2C7822%2C7824%2C7830%2C7834%2C7838%2C7840%2C7857-7858%2C7876%2C7905%2C7907%2C8019%2C8021-8023%2C8032%2C8036-8037%2C8039%2C8041%2C8047%2C8053-8055%2C8058-8059%2C8061-8062%2C8070%2C8080%2C8092%2C8099-8102%2C8109%2C8141%2C8145%2C8151%2C8192%2C8207%2C8211%2C8213%2C8218%2C8245%2C8247-8248%2C8252%2C8255%2C8259%2C8263%2C8284%2C8293%2C8295-8296%2C8299%2C8305%2C8324%2C8326%2C8353%2C8355%2C8359%2C8382-8383%2C8388-8389%2C8399%2C8401%2C8403%2C8405%2C8418-8419%2C8427%2C8429%2C8435-8436%2C8446%2C8455%2C8459%2C8470%2C8473%2C8479%2C8481%2C8488%2C8490-8491%2C8493%2C8497%2C8504%2C8510-8537%2C8545-8546%2C8550%2C8552%2C8557%2C8588-8589%2C8604%2C8657%2C8659%2C8664-8665%2C8696%2C8708%2C8711%2C8715-8716%2C8719%2C8747%2C8763%2C8778%2C8788%2C8821%2C8830%2C8837%2C8840%2C8843%2C8860-8861%2C8865%2C8869-8870%2C8872%2C8893%2C8897%2C8900%2C8906%2C8910%2C8918%2C8936-8937%2C8941-8942%2C8964%2C8973%2C8992%2C9001-9002%2C9006%2C9012%2C9015%2C9019%2C9022%2C9025%2C9034%2C9056-9058%2C9073%2C9082%2C9090%2C9106%2C9114-9115%2C9117%2C9129%2C9131%2C9141%2C9148%2C9155%2C9181%2C9185%2C9289%2C9295%2C9408%2C9413%2C9419%2C9484%2C9487%2C9492%2C9545%2C9558%2C9563%2C9627%2C9657%2C9668%2C9718%2C9791%2C9798%2C9953%2C9959
r9963
r10007
r10011
  +dir_prop: branches/qmmp-0.12 svn:mergeinfo /branches/qmmp-0.10:7522%0A/branches/qmmp-1.0:5596%0A/branches/qmmp-1.1:5819%2C5968%2C6043%2C6172%2C6233%2C6442%0A/branches/qmmp-1.2:6799%2C6945%2C6975%2C7173%2C7382%2C7520%0A/branches/qmmp-1.3:8923%2C8932%2C8945%2C8995%2C9009%2C9146%2C9153%2C9158%2C9248%2C9252%2C9300%2C9310%0A/branches/qmmp-1.4:9721%2C9841%0A/branches/qmmp-2.0:9926%0A/trunk/qmmp:7783%2C7785%2C7787-7788%2C7792-7793%2C7798%2C7805%2C7807-7811%2C7813%2C7822%2C7824%2C7830%2C7834%2C7838%2C7840%2C7857-7858%2C7876%2C7905%2C7907%2C8019%2C8021-8023%2C8032%2C8036-8037%2C8039%2C8041%2C8047%2C8053-8055%2C8058-8059%2C8061-8062%2C8070%2C8080%2C8092%2C8099-8102%2C8109%2C8141%2C8145%2C8151%2C8192%2C8207%2C8211%2C8213%2C8218%2C8245%2C8247-8248%2C8252%2C8255%2C8259%2C8263%2C8284%2C8293%2C8295-8296%2C8299%2C8305%2C8324%2C8326%2C8353%2C8355%2C8359%2C8382-8383%2C8388-8389%2C8399%2C8401%2C8403%2C8405%2C8418-8419%2C8427%2C8429%2C8435-8436%2C8446%2C8455%2C8459%2C8470%2C8473%2C8479%2C8481%2C8488%2C8490-8491%2C8493%2C8497%2C8504%2C8510-8537%2C8545-8546%2C8550%2C8552%2C8557%2C8588-8589%2C8604%2C8657%2C8659%2C8664-8665%2C8696%2C8708%2C8711%2C8715-8716%2C8719%2C8747%2C8763%2C8778%2C8788%2C8821%2C8830%2C8837%2C8840%2C8843%2C8860-8861%2C8865%2C8869-8870%2C8872%2C8893%2C8897%2C8900%2C8906%2C8910%2C8918%2C8936-8937%2C8941-8942%2C8964%2C8973%2C8992%2C9001-9002%2C9006%2C9012%2C9015%2C9019%2C9022%2C9025%2C9034%2C9056-9058%2C9073%2C9082%2C9090%2C9106%2C9114-9115%2C9117%2C9129%2C9131%2C9141%2C9148%2C9155%2C9181%2C9185%2C9289%2C9295%2C9408%2C9413%2C9419%2C9484%2C9487%2C9492%2C9545%2C9558%2C9563%2C9627%2C9657%2C9668%2C9718%2C9791%2C9798%2C9953%2C9959%2C10009
r10064
r10087
  +dir_prop: branches/qmmp-0.12 svn:mergeinfo /branches/qmmp-0.10:7522%0A/branches/qmmp-1.0:5596%0A/branches/qmmp-1.1:5819%2C5968%2C6043%2C6172%2C6233%2C6442%0A/branches/qmmp-1.2:6799%2C6945%2C6975%2C7173%2C7382%2C7520%0A/branches/qmmp-1.3:8923%2C8932%2C8945%2C8995%2C9009%2C9146%2C9153%2C9158%2C9248%2C9252%2C9300%2C9310%0A/branches/qmmp-1.4:9721%2C9841%0A/branches/qmmp-2.0:9926%0A/trunk/qmmp:7783%2C7785%2C7787-7788%2C7792-7793%2C7798%2C7805%2C7807-7811%2C7813%2C7822%2C7824%2C7830%2C7834%2C7838%2C7840%2C7857-7858%2C7876%2C7905%2C7907%2C8019%2C8021-8023%2C8032%2C8036-8037%2C8039%2C8041%2C8047%2C8053-8055%2C8058-8059%2C8061-8062%2C8070%2C8080%2C8092%2C8099-8102%2C8109%2C8141%2C8145%2C8151%2C8192%2C8207%2C8211%2C8213%2C8218%2C8245%2C8247-8248%2C8252%2C8255%2C8259%2C8263%2C8284%2C8293%2C8295-8296%2C8299%2C8305%2C8324%2C8326%2C8353%2C8355%2C8359%2C8382-8383%2C8388-8389%2C8399%2C8401%2C8403%2C8405%2C8418-8419%2C8427%2C8429%2C8435-8436%2C8446%2C8455%2C8459%2C8470%2C8473%2C8479%2C8481%2C8488%2C8490-8491%2C8493%2C8497%2C8504%2C8510-8537%2C8545-8546%2C8550%2C8552%2C8557%2C8588-8589%2C8604%2C8657%2C8659%2C8664-8665%2C8696%2C8708%2C8711%2C8715-8716%2C8719%2C8747%2C8763%2C8778%2C8788%2C8821%2C8830%2C8837%2C8840%2C8843%2C8860-8861%2C8865%2C8869-8870%2C8872%2C8893%2C8897%2C8900%2C8906%2C8910%2C8918%2C8936-8937%2C8941-8942%2C8964%2C8973%2C8992%2C9001-9002%2C9006%2C9012%2C9015%2C9019%2C9022%2C9025%2C9034%2C9056-9058%2C9073%2C9082%2C9090%2C9106%2C9114-9115%2C9117%2C9129%2C9131%2C9141%2C9148%2C9155%2C9181%2C9185%2C9289%2C9295%2C9408%2C9413%2C9419%2C9484%2C9487%2C9492%2C9545%2C9558%2C9563%2C9627%2C9657%2C9668%2C9718%2C9791%2C9798%2C9953%2C9959%2C10009%2C10084
r10088
r10094
r10100
r10171
r10174
r10262
r10287
  +dir_prop: branches/qmmp-0.12 svn:mergeinfo /branches/qmmp-0.10:7522%0A/branches/qmmp-1.0:5596%0A/branches/qmmp-1.1:5819%2C5968%2C6043%2C6172%2C6233%2C6442%0A/branches/qmmp-1.2:6799%2C6945%2C6975%2C7173%2C7382%2C7520%0A/branches/qmmp-1.3:8923%2C8932%2C8945%2C8995%2C9009%2C9146%2C9153%2C9158%2C9248%2C9252%2C9300%2C9310%0A/branches/qmmp-1.4:9721%2C9841%0A/branches/qmmp-2.0:9926%0A/trunk/qmmp:7783%2C7785%2C7787-7788%2C7792-7793%2C7798%2C7805%2C7807-7811%2C7813%2C7822%2C7824%2C7830%2C7834%2C7838%2C7840%2C7857-7858%2C7876%2C7905%2C7907%2C8019%2C8021-8023%2C8032%2C8036-8037%2C8039%2C8041%2C8047%2C8053-8055%2C8058-8059%2C8061-8062%2C8070%2C8080%2C8092%2C8099-8102%2C8109%2C8141%2C8145%2C8151%2C8192%2C8207%2C8211%2C8213%2C8218%2C8245%2C8247-8248%2C8252%2C8255%2C8259%2C8263%2C8284%2C8293%2C8295-8296%2C8299%2C8305%2C8324%2C8326%2C8353%2C8355%2C8359%2C8382-8383%2C8388-8389%2C8399%2C8401%2C8403%2C8405%2C8418-8419%2C8427%2C8429%2C8435-8436%2C8446%2C8455%2C8459%2C8470%2C8473%2C8479%2C8481%2C8488%2C8490-8491%2C8493%2C8497%2C8504%2C8510-8537%2C8545-8546%2C8550%2C8552%2C8557%2C8588-8589%2C8604%2C8657%2C8659%2C8664-8665%2C8696%2C8708%2C8711%2C8715-8716%2C8719%2C8747%2C8763%2C8778%2C8788%2C8821%2C8830%2C8837%2C8840%2C8843%2C8860-8861%2C8865%2C8869-8870%2C8872%2C8893%2C8897%2C8900%2C8906%2C8910%2C8918%2C8936-8937%2C8941-8942%2C8964%2C8973%2C8992%2C9001-9002%2C9006%2C9012%2C9015%2C9019%2C9022%2C9025%2C9034%2C9056-9058%2C9073%2C9082%2C9090%2C9106%2C9114-9115%2C9117%2C9129%2C9131%2C9141%2C9148%2C9155%2C9181%2C9185%2C9289%2C9295%2C9408%2C9413%2C9419%2C9484%2C9487%2C9492%2C9545%2C9558%2C9563%2C9627%2C9657%2C9668%2C9718%2C9791%2C9798%2C9953%2C9959%2C10009%2C10084%2C10283
  +dir_prop: branches/qmmp-0.12/src/plugins/Ui/qsui svn:mergeinfo /branches/qmmp-1.1/src/plugins/Ui/qsui:6172%0A/branches/qmmp-1.2/src/plugins/Ui/qsui:7382%0A/trunk/qmmp/src/plugins/Ui/qsui:7785%2C7788%2C7905%2C7921-8008%2C8019%2C8053-8055%2C8196-8203%2C8380%2C8399%2C8403%2C8711%2C8869%2C8872%2C9056%2C9129%2C9131%2C10283%0A/trunk/qmmp/src/plugins/Ui/skinned:5223%2C6018-6019%2C6022
r10303
  +dir_prop: branches/qmmp-0.12 svn:mergeinfo /branches/qmmp-0.10:7522%0A/branches/qmmp-1.0:5596%0A/branches/qmmp-1.1:5819%2C5968%2C6043%2C6172%2C6233%2C6442%0A/branches/qmmp-1.2:6799%2C6945%2C6975%2C7173%2C7382%2C7520%0A/branches/qmmp-1.3:8923%2C8932%2C8945%2C8995%2C9009%2C9146%2C9153%2C9158%2C9248%2C9252%2C9300%2C9310%0A/branches/qmmp-1.4:9721%2C9841%0A/branches/qmmp-2.0:9926%0A/trunk/qmmp:7783%2C7785%2C7787-7788%2C7792-7793%2C7798%2C7805%2C7807-7811%2C7813%2C7822%2C7824%2C7830%2C7834%2C7838%2C7840%2C7857-7858%2C7876%2C7905%2C7907%2C8019%2C8021-8023%2C8032%2C8036-8037%2C8039%2C8041%2C8047%2C8053-8055%2C8058-8059%2C8061-8062%2C8070%2C8080%2C8092%2C8099-8102%2C8109%2C8141%2C8145%2C8151%2C8192%2C8207%2C8211%2C8213%2C8218%2C8245%2C8247-8248%2C8252%2C8255%2C8259%2C8263%2C8284%2C8293%2C8295-8296%2C8299%2C8305%2C8324%2C8326%2C8353%2C8355%2C8359%2C8382-8383%2C8388-8389%2C8399%2C8401%2C8403%2C8405%2C8418-8419%2C8427%2C8429%2C8435-8436%2C8446%2C8455%2C8459%2C8470%2C8473%2C8479%2C8481%2C8488%2C8490-8491%2C8493%2C8497%2C8504%2C8510-8537%2C8545-8546%2C8550%2C8552%2C8557%2C8588-8589%2C8604%2C8657%2C8659%2C8664-8665%2C8696%2C8708%2C8711%2C8715-8716%2C8719%2C8747%2C8763%2C8778%2C8788%2C8821%2C8830%2C8837%2C8840%2C8843%2C8860-8861%2C8865%2C8869-8870%2C8872%2C8893%2C8897%2C8900%2C8906%2C8910%2C8918%2C8936-8937%2C8941-8942%2C8964%2C8973%2C8992%2C9001-9002%2C9006%2C9012%2C9015%2C9019%2C9022%2C9025%2C9034%2C9056-9058%2C9073%2C9082%2C9090%2C9106%2C9114-9115%2C9117%2C9129%2C9131%2C9141%2C9148%2C9155%2C9181%2C9185%2C9289%2C9295%2C9408%2C9413%2C9419%2C9484%2C9487%2C9492%2C9545%2C9558%2C9563%2C9627%2C9657%2C9668%2C9718%2C9791%2C9798%2C9953%2C9959%2C10009%2C10084%2C10283%2C10299
r10338
  +dir_prop: branches/qmmp-0.12 svn:mergeinfo /branches/qmmp-0.10:7522%0A/branches/qmmp-1.0:5596%0A/branches/qmmp-1.1:5819%2C5968%2C6043%2C6172%2C6233%2C6442%0A/branches/qmmp-1.2:6799%2C6945%2C6975%2C7173%2C7382%2C7520%0A/branches/qmmp-1.3:8923%2C8932%2C8945%2C8995%2C9009%2C9146%2C9153%2C9158%2C9248%2C9252%2C9300%2C9310%0A/branches/qmmp-1.4:9721%2C9841%0A/branches/qmmp-2.0:9926%0A/trunk/qmmp:7783%2C7785%2C7787-7788%2C7792-7793%2C7798%2C7805%2C7807-7811%2C7813%2C7822%2C7824%2C7830%2C7834%2C7838%2C7840%2C7857-7858%2C7876%2C7905%2C7907%2C8019%2C8021-8023%2C8032%2C8036-8037%2C8039%2C8041%2C8047%2C8053-8055%2C8058-8059%2C8061-8062%2C8070%2C8080%2C8092%2C8099-8102%2C8109%2C8141%2C8145%2C8151%2C8192%2C8207%2C8211%2C8213%2C8218%2C8245%2C8247-8248%2C8252%2C8255%2C8259%2C8263%2C8284%2C8293%2C8295-8296%2C8299%2C8305%2C8324%2C8326%2C8353%2C8355%2C8359%2C8382-8383%2C8388-8389%2C8399%2C8401%2C8403%2C8405%2C8418-8419%2C8427%2C8429%2C8435-8436%2C8446%2C8455%2C8459%2C8470%2C8473%2C8479%2C8481%2C8488%2C8490-8491%2C8493%2C8497%2C8504%2C8510-8537%2C8545-8546%2C8550%2C8552%2C8557%2C8588-8589%2C8604%2C8657%2C8659%2C8664-8665%2C8696%2C8708%2C8711%2C8715-8716%2C8719%2C8747%2C8763%2C8778%2C8788%2C8821%2C8830%2C8837%2C8840%2C8843%2C8860-8861%2C8865%2C8869-8870%2C8872%2C8893%2C8897%2C8900%2C8906%2C8910%2C8918%2C8936-8937%2C8941-8942%2C8964%2C8973%2C8992%2C9001-9002%2C9006%2C9012%2C9015%2C9019%2C9022%2C9025%2C9034%2C9056-9058%2C9073%2C9082%2C9090%2C9106%2C9114-9115%2C9117%2C9129%2C9131%2C9141%2C9148%2C9155%2C9181%2C9185%2C9289%2C9295%2C9408%2C9413%2C9419%2C9484%2C9487%2C9492%2C9545%2C9558%2C9563%2C9627%2C9657%2C9668%2C9718%2C9791%2C9798%2C9953%2C9959%2C10009%2C10084%2C10283%2C10299%2C10334
r10378
  +dir_prop: branches/qmmp-0.12 svn:mergeinfo /branches/qmmp-0.10:7522%0A/branches/qmmp-1.0:5596%0A/branches/qmmp-1.1:5819%2C5968%2C6043%2C6172%2C6233%2C6442%0A/branches/qmmp-1.2:6799%2C6945%2C6975%2C7173%2C7382%2C7520%0A/branches/qmmp-1.3:8923%2C8932%2C8945%2C8995%2C9009%2C9146%2C9153%2C9158%2C9248%2C9252%2C9300%2C9310%0A/branches/qmmp-1.4:9721%2C9841%0A/branches/qmmp-2.0:9926%0A/trunk/qmmp:7783%2C7785%2C7787-7788%2C7792-7793%2C7798%2C7805%2C7807-7811%2C7813%2C7822%2C7824%2C7830%2C7834%2C7838%2C7840%2C7857-7858%2C7876%2C7905%2C7907%2C8019%2C8021-8023%2C8032%2C8036-8037%2C8039%2C8041%2C8047%2C8053-8055%2C8058-8059%2C8061-8062%2C8070%2C8080%2C8092%2C8099-8102%2C8109%2C8141%2C8145%2C8151%2C8192%2C8207%2C8211%2C8213%2C8218%2C8245%2C8247-8248%2C8252%2C8255%2C8259%2C8263%2C8284%2C8293%2C8295-8296%2C8299%2C8305%2C8324%2C8326%2C8353%2C8355%2C8359%2C8382-8383%2C8388-8389%2C8399%2C8401%2C8403%2C8405%2C8418-8419%2C8427%2C8429%2C8435-8436%2C8446%2C8455%2C8459%2C8470%2C8473%2C8479%2C8481%2C8488%2C8490-8491%2C8493%2C8497%2C8504%2C8510-8537%2C8545-8546%2C8550%2C8552%2C8557%2C8588-8589%2C8604%2C8657%2C8659%2C8664-8665%2C8696%2C8708%2C8711%2C8715-8716%2C8719%2C8747%2C8763%2C8778%2C8788%2C8821%2C8830%2C8837%2C8840%2C8843%2C8860-8861%2C8865%2C8869-8870%2C8872%2C8893%2C8897%2C8900%2C8906%2C8910%2C8918%2C8936-8937%2C8941-8942%2C8964%2C8973%2C8992%2C9001-9002%2C9006%2C9012%2C9015%2C9019%2C9022%2C9025%2C9034%2C9056-9058%2C9073%2C9082%2C9090%2C9106%2C9114-9115%2C9117%2C9129%2C9131%2C9141%2C9148%2C9155%2C9181%2C9185%2C9289%2C9295%2C9408%2C9413%2C9419%2C9484%2C9487%2C9492%2C9545%2C9558%2C9563%2C9627%2C9657%2C9668%2C9718%2C9791%2C9798%2C9953%2C9959%2C10009%2C10084%2C10283%2C10299%2C10334%2C10374
r10387
  +dir_prop: branches/qmmp-0.12 svn:mergeinfo /branches/qmmp-0.10:7522%0A/branches/qmmp-1.0:5596%0A/branches/qmmp-1.1:5819%2C5968%2C6043%2C6172%2C6233%2C6442%0A/branches/qmmp-1.2:6799%2C6945%2C6975%2C7173%2C7382%2C7520%0A/branches/qmmp-1.3:8923%2C8932%2C8945%2C8995%2C9009%2C9146%2C9153%2C9158%2C9248%2C9252%2C9300%2C9310%0A/branches/qmmp-1.4:9721%2C9841%0A/branches/qmmp-2.0:9926%0A/trunk/qmmp:7783%2C7785%2C7787-7788%2C7792-7793%2C7798%2C7805%2C7807-7811%2C7813%2C7822%2C7824%2C7830%2C7834%2C7838%2C7840%2C7857-7858%2C7876%2C7905%2C7907%2C8019%2C8021-8023%2C8032%2C8036-8037%2C8039%2C8041%2C8047%2C8053-8055%2C8058-8059%2C8061-8062%2C8070%2C8080%2C8092%2C8099-8102%2C8109%2C8141%2C8145%2C8151%2C8192%2C8207%2C8211%2C8213%2C8218%2C8245%2C8247-8248%2C8252%2C8255%2C8259%2C8263%2C8284%2C8293%2C8295-8296%2C8299%2C8305%2C8324%2C8326%2C8353%2C8355%2C8359%2C8382-8383%2C8388-8389%2C8399%2C8401%2C8403%2C8405%2C8418-8419%2C8427%2C8429%2C8435-8436%2C8446%2C8455%2C8459%2C8470%2C8473%2C8479%2C8481%2C8488%2C8490-8491%2C8493%2C8497%2C8504%2C8510-8537%2C8545-8546%2C8550%2C8552%2C8557%2C8588-8589%2C8604%2C8657%2C8659%2C8664-8665%2C8696%2C8708%2C8711%2C8715-8716%2C8719%2C8747%2C8763%2C8778%2C8788%2C8821%2C8830%2C8837%2C8840%2C8843%2C8860-8861%2C8865%2C8869-8870%2C8872%2C8893%2C8897%2C8900%2C8906%2C8910%2C8918%2C8936-8937%2C8941-8942%2C8964%2C8973%2C8992%2C9001-9002%2C9006%2C9012%2C9015%2C9019%2C9022%2C9025%2C9034%2C9056-9058%2C9073%2C9082%2C9090%2C9106%2C9114-9115%2C9117%2C9129%2C9131%2C9141%2C9148%2C9155%2C9181%2C9185%2C9289%2C9295%2C9408%2C9413%2C9419%2C9484%2C9487%2C9492%2C9545%2C9558%2C9563%2C9627%2C9657%2C9668%2C9718%2C9791%2C9798%2C9953%2C9959%2C10009%2C10084%2C10283%2C10299%2C10334%2C10374%2C10383
r10402
  +dir_prop: branches/qmmp-0.12 svn:mergeinfo /branches/qmmp-0.10:7522%0A/branches/qmmp-1.0:5596%0A/branches/qmmp-1.1:5819%2C5968%2C6043%2C6172%2C6233%2C6442%0A/branches/qmmp-1.2:6799%2C6945%2C6975%2C7173%2C7382%2C7520%0A/branches/qmmp-1.3:8923%2C8932%2C8945%2C8995%2C9009%2C9146%2C9153%2C9158%2C9248%2C9252%2C9300%2C9310%0A/branches/qmmp-1.4:9721%2C9841%0A/branches/qmmp-2.0:9926%0A/trunk/qmmp:7783%2C7785%2C7787-7788%2C7792-7793%2C7798%2C7805%2C7807-7811%2C7813%2C7822%2C7824%2C7830%2C7834%2C7838%2C7840%2C7857-7858%2C7876%2C7905%2C7907%2C8019%2C8021-8023%2C8032%2C8036-8037%2C8039%2C8041%2C8047%2C8053-8055%2C8058-8059%2C8061-8062%2C8070%2C8080%2C8092%2C8099-8102%2C8109%2C8141%2C8145%2C8151%2C8192%2C8207%2C8211%2C8213%2C8218%2C8245%2C8247-8248%2C8252%2C8255%2C8259%2C8263%2C8284%2C8293%2C8295-8296%2C8299%2C8305%2C8324%2C8326%2C8353%2C8355%2C8359%2C8382-8383%2C8388-8389%2C8399%2C8401%2C8403%2C8405%2C8418-8419%2C8427%2C8429%2C8435-8436%2C8446%2C8455%2C8459%2C8470%2C8473%2C8479%2C8481%2C8488%2C8490-8491%2C8493%2C8497%2C8504%2C8510-8537%2C8545-8546%2C8550%2C8552%2C8557%2C8588-8589%2C8604%2C8657%2C8659%2C8664-8665%2C8696%2C8708%2C8711%2C8715-8716%2C8719%2C8747%2C8763%2C8778%2C8788%2C8821%2C8830%2C8837%2C8840%2C8843%2C8860-8861%2C8865%2C8869-8870%2C8872%2C8893%2C8897%2C8900%2C8906%2C8910%2C8918%2C8936-8937%2C8941-8942%2C8964%2C8973%2C8992%2C9001-9002%2C9006%2C9012%2C9015%2C9019%2C9022%2C9025%2C9034%2C9056-9058%2C9073%2C9082%2C9090%2C9106%2C9114-9115%2C9117%2C9129%2C9131%2C9141%2C9148%2C9155%2C9181%2C9185%2C9289%2C9295%2C9408%2C9413%2C9419%2C9484%2C9487%2C9492%2C9545%2C9558%2C9563%2C9627%2C9657%2C9668%2C9718%2C9791%2C9798%2C9953%2C9959%2C10009%2C10084%2C10283%2C10299%2C10334%2C10374%2C10383%2C10398
r10403
r10409
  +dir_prop: branches/qmmp-0.12 svn:mergeinfo /branches/qmmp-0.10:7522%0A/branches/qmmp-1.0:5596%0A/branches/qmmp-1.1:5819%2C5968%2C6043%2C6172%2C6233%2C6442%0A/branches/qmmp-1.2:6799%2C6945%2C6975%2C7173%2C7382%2C7520%0A/branches/qmmp-1.3:8923%2C8932%2C8945%2C8995%2C9009%2C9146%2C9153%2C9158%2C9248%2C9252%2C9300%2C9310%0A/branches/qmmp-1.4:9721%2C9841%0A/branches/qmmp-2.0:9926%0A/trunk/qmmp:7783%2C7785%2C7787-7788%2C7792-7793%2C7798%2C7805%2C7807-7811%2C7813%2C7822%2C7824%2C7830%2C7834%2C7838%2C7840%2C7857-7858%2C7876%2C7905%2C7907%2C8019%2C8021-8023%2C8032%2C8036-8037%2C8039%2C8041%2C8047%2C8053-8055%2C8058-8059%2C8061-8062%2C8070%2C8080%2C8092%2C8099-8102%2C8109%2C8141%2C8145%2C8151%2C8192%2C8207%2C8211%2C8213%2C8218%2C8245%2C8247-8248%2C8252%2C8255%2C8259%2C8263%2C8284%2C8293%2C8295-8296%2C8299%2C8305%2C8324%2C8326%2C8353%2C8355%2C8359%2C8382-8383%2C8388-8389%2C8399%2C8401%2C8403%2C8405%2C8418-8419%2C8427%2C8429%2C8435-8436%2C8446%2C8455%2C8459%2C8470%2C8473%2C8479%2C8481%2C8488%2C8490-8491%2C8493%2C8497%2C8504%2C8510-8537%2C8545-8546%2C8550%2C8552%2C8557%2C8588-8589%2C8604%2C8657%2C8659%2C8664-8665%2C8696%2C8708%2C8711%2C8715-8716%2C8719%2C8747%2C8763%2C8778%2C8788%2C8821%2C8830%2C8837%2C8840%2C8843%2C8860-8861%2C8865%2C8869-8870%2C8872%2C8893%2C8897%2C8900%2C8906%2C8910%2C8918%2C8936-8937%2C8941-8942%2C8964%2C8973%2C8992%2C9001-9002%2C9006%2C9012%2C9015%2C9019%2C9022%2C9025%2C9034%2C9056-9058%2C9073%2C9082%2C9090%2C9106%2C9114-9115%2C9117%2C9129%2C9131%2C9141%2C9148%2C9155%2C9181%2C9185%2C9289%2C9295%2C9408%2C9413%2C9419%2C9484%2C9487%2C9492%2C9545%2C9558%2C9563%2C9627%2C9657%2C9668%2C9718%2C9791%2C9798%2C9953%2C9959%2C10009%2C10084%2C10283%2C10299%2C10334%2C10374%2C10383%2C10398%2C10405
r10421
  +dir_prop: branches/qmmp-0.12 svn:mergeinfo /branches/qmmp-0.10:7522%0A/branches/qmmp-1.0:5596%0A/branches/qmmp-1.1:5819%2C5968%2C6043%2C6172%2C6233%2C6442%0A/branches/qmmp-1.2:6799%2C6945%2C6975%2C7173%2C7382%2C7520%0A/branches/qmmp-1.3:8923%2C8932%2C8945%2C8995%2C9009%2C9146%2C9153%2C9158%2C9248%2C9252%2C9300%2C9310%0A/branches/qmmp-1.4:9721%2C9841%0A/branches/qmmp-2.0:9926%0A/trunk/qmmp:7783%2C7785%2C7787-7788%2C7792-7793%2C7798%2C7805%2C7807-7811%2C7813%2C7822%2C7824%2C7830%2C7834%2C7838%2C7840%2C7857-7858%2C7876%2C7905%2C7907%2C8019%2C8021-8023%2C8032%2C8036-8037%2C8039%2C8041%2C8047%2C8053-8055%2C8058-8059%2C8061-8062%2C8070%2C8080%2C8092%2C8099-8102%2C8109%2C8141%2C8145%2C8151%2C8192%2C8207%2C8211%2C8213%2C8218%2C8245%2C8247-8248%2C8252%2C8255%2C8259%2C8263%2C8284%2C8293%2C8295-8296%2C8299%2C8305%2C8324%2C8326%2C8353%2C8355%2C8359%2C8382-8383%2C8388-8389%2C8399%2C8401%2C8403%2C8405%2C8418-8419%2C8427%2C8429%2C8435-8436%2C8446%2C8455%2C8459%2C8470%2C8473%2C8479%2C8481%2C8488%2C8490-8491%2C8493%2C8497%2C8504%2C8510-8537%2C8545-8546%2C8550%2C8552%2C8557%2C8588-8589%2C8604%2C8657%2C8659%2C8664-8665%2C8696%2C8708%2C8711%2C8715-8716%2C8719%2C8747%2C8763%2C8778%2C8788%2C8821%2C8830%2C8837%2C8840%2C8843%2C8860-8861%2C8865%2C8869-8870%2C8872%2C8893%2C8897%2C8900%2C8906%2C8910%2C8918%2C8936-8937%2C8941-8942%2C8964%2C8973%2C8992%2C9001-9002%2C9006%2C9012%2C9015%2C9019%2C9022%2C9025%2C9034%2C9056-9058%2C9073%2C9082%2C9090%2C9106%2C9114-9115%2C9117%2C9129%2C9131%2C9141%2C9148%2C9155%2C9181%2C9185%2C9289%2C9295%2C9408%2C9413%2C9419%2C9484%2C9487%2C9492%2C9545%2C9558%2C9563%2C9627%2C9657%2C9668%2C9718%2C9791%2C9798%2C9953%2C9959%2C10009%2C10084%2C10283%2C10299%2C10334%2C10374%2C10383%2C10398%2C10405%2C10417
r10443
r10445
r10450
r10453
r10456
r10463
  +dir_prop: branches/qmmp-0.12 svn:mergeinfo /branches/qmmp-0.10:7522%0A/branches/qmmp-1.0:5596%0A/branches/qmmp-1.1:5819%2C5968%2C6043%2C6172%2C6233%2C6442%0A/branches/qmmp-1.2:6799%2C6945%2C6975%2C7173%2C7382%2C7520%0A/branches/qmmp-1.3:8923%2C8932%2C8945%2C8995%2C9009%2C9146%2C9153%2C9158%2C9248%2C9252%2C9300%2C9310%0A/branches/qmmp-1.4:9721%2C9841%0A/branches/qmmp-2.0:9926%0A/trunk/qmmp:7783%2C7785%2C7787-7788%2C7792-7793%2C7798%2C7805%2C7807-7811%2C7813%2C7822%2C7824%2C7830%2C7834%2C7838%2C7840%2C7857-7858%2C7876%2C7905%2C7907%2C8019%2C8021-8023%2C8032%2C8036-8037%2C8039%2C8041%2C8047%2C8053-8055%2C8058-8059%2C8061-8062%2C8070%2C8080%2C8092%2C8099-8102%2C8109%2C8141%2C8145%2C8151%2C8192%2C8207%2C8211%2C8213%2C8218%2C8245%2C8247-8248%2C8252%2C8255%2C8259%2C8263%2C8284%2C8293%2C8295-8296%2C8299%2C8305%2C8324%2C8326%2C8353%2C8355%2C8359%2C8382-8383%2C8388-8389%2C8399%2C8401%2C8403%2C8405%2C8418-8419%2C8427%2C8429%2C8435-8436%2C8446%2C8455%2C8459%2C8470%2C8473%2C8479%2C8481%2C8488%2C8490-8491%2C8493%2C8497%2C8504%2C8510-8537%2C8545-8546%2C8550%2C8552%2C8557%2C8588-8589%2C8604%2C8657%2C8659%2C8664-8665%2C8696%2C8708%2C8711%2C8715-8716%2C8719%2C8747%2C8763%2C8778%2C8788%2C8821%2C8830%2C8837%2C8840%2C8843%2C8860-8861%2C8865%2C8869-8870%2C8872%2C8893%2C8897%2C8900%2C8906%2C8910%2C8918%2C8936-8937%2C8941-8942%2C8964%2C8973%2C8992%2C9001-9002%2C9006%2C9012%2C9015%2C9019%2C9022%2C9025%2C9034%2C9056-9058%2C9073%2C9082%2C9090%2C9106%2C9114-9115%2C9117%2C9129%2C9131%2C9141%2C9148%2C9155%2C9181%2C9185%2C9289%2C9295%2C9408%2C9413%2C9419%2C9484%2C9487%2C9492%2C9545%2C9558%2C9563%2C9627%2C9657%2C9668%2C9718%2C9791%2C9798%2C9953%2C9959%2C10009%2C10084%2C10283%2C10299%2C10334%2C10374%2C10383%2C10398%2C10405%2C10417%2C10459
r10470
r10513
r10592
  +dir_prop: branches/qmmp-0.12 svn:mergeinfo /branches/qmmp-0.10:7522%0A/branches/qmmp-1.0:5596%0A/branches/qmmp-1.1:5819%2C5968%2C6043%2C6172%2C6233%2C6442%0A/branches/qmmp-1.2:6799%2C6945%2C6975%2C7173%2C7382%2C7520%0A/branches/qmmp-1.3:8923%2C8932%2C8945%2C8995%2C9009%2C9146%2C9153%2C9158%2C9248%2C9252%2C9300%2C9310%0A/branches/qmmp-1.4:9721%2C9841%0A/branches/qmmp-2.0:9926%0A/trunk/qmmp:7783%2C7785%2C7787-7788%2C7792-7793%2C7798%2C7805%2C7807-7811%2C7813%2C7822%2C7824%2C7830%2C7834%2C7838%2C7840%2C7857-7858%2C7876%2C7905%2C7907%2C8019%2C8021-8023%2C8032%2C8036-8037%2C8039%2C8041%2C8047%2C8053-8055%2C8058-8059%2C8061-8062%2C8070%2C8080%2C8092%2C8099-8102%2C8109%2C8141%2C8145%2C8151%2C8192%2C8207%2C8211%2C8213%2C8218%2C8245%2C8247-8248%2C8252%2C8255%2C8259%2C8263%2C8284%2C8293%2C8295-8296%2C8299%2C8305%2C8324%2C8326%2C8353%2C8355%2C8359%2C8382-8383%2C8388-8389%2C8399%2C8401%2C8403%2C8405%2C8418-8419%2C8427%2C8429%2C8435-8436%2C8446%2C8455%2C8459%2C8470%2C8473%2C8479%2C8481%2C8488%2C8490-8491%2C8493%2C8497%2C8504%2C8510-8537%2C8545-8546%2C8550%2C8552%2C8557%2C8588-8589%2C8604%2C8657%2C8659%2C8664-8665%2C8696%2C8708%2C8711%2C8715-8716%2C8719%2C8747%2C8763%2C8778%2C8788%2C8821%2C8830%2C8837%2C8840%2C8843%2C8860-8861%2C8865%2C8869-8870%2C8872%2C8893%2C8897%2C8900%2C8906%2C8910%2C8918%2C8936-8937%2C8941-8942%2C8964%2C8973%2C8992%2C9001-9002%2C9006%2C9012%2C9015%2C9019%2C9022%2C9025%2C9034%2C9056-9058%2C9073%2C9082%2C9090%2C9106%2C9114-9115%2C9117%2C9129%2C9131%2C9141%2C9148%2C9155%2C9181%2C9185%2C9289%2C9295%2C9408%2C9413%2C9419%2C9484%2C9487%2C9492%2C9545%2C9558%2C9563%2C9627%2C9657%2C9668%2C9718%2C9791%2C9798%2C9953%2C9959%2C10009%2C10084%2C10283%2C10299%2C10334%2C10374%2C10383%2C10398%2C10405%2C10417%2C10459%2C10590
r10622
r10679
r10682
r10760
  +dir_prop: branches/qmmp-0.12 svn:mergeinfo /branches/qmmp-0.10:7522%0A/branches/qmmp-1.0:5596%0A/branches/qmmp-1.1:5819%2C5968%2C6043%2C6172%2C6233%2C6442%0A/branches/qmmp-1.2:6799%2C6945%2C6975%2C7173%2C7382%2C7520%0A/branches/qmmp-1.3:8923%2C8932%2C8945%2C8995%2C9009%2C9146%2C9153%2C9158%2C9248%2C9252%2C9300%2C9310%0A/branches/qmmp-1.4:9721%2C9841%0A/branches/qmmp-2.0:9926%0A/trunk/qmmp:7783%2C7785%2C7787-7788%2C7792-7793%2C7798%2C7805%2C7807-7811%2C7813%2C7822%2C7824%2C7830%2C7834%2C7838%2C7840%2C7857-7858%2C7876%2C7905%2C7907%2C8019%2C8021-8023%2C8032%2C8036-8037%2C8039%2C8041%2C8047%2C8053-8055%2C8058-8059%2C8061-8062%2C8070%2C8080%2C8092%2C8099-8102%2C8109%2C8141%2C8145%2C8151%2C8192%2C8207%2C8211%2C8213%2C8218%2C8245%2C8247-8248%2C8252%2C8255%2C8259%2C8263%2C8284%2C8293%2C8295-8296%2C8299%2C8305%2C8324%2C8326%2C8353%2C8355%2C8359%2C8382-8383%2C8388-8389%2C8399%2C8401%2C8403%2C8405%2C8418-8419%2C8427%2C8429%2C8435-8436%2C8446%2C8455%2C8459%2C8470%2C8473%2C8479%2C8481%2C8488%2C8490-8491%2C8493%2C8497%2C8504%2C8510-8537%2C8545-8546%2C8550%2C8552%2C8557%2C8588-8589%2C8604%2C8657%2C8659%2C8664-8665%2C8696%2C8708%2C8711%2C8715-8716%2C8719%2C8747%2C8763%2C8778%2C8788%2C8821%2C8830%2C8837%2C8840%2C8843%2C8860-8861%2C8865%2C8869-8870%2C8872%2C8893%2C8897%2C8900%2C8906%2C8910%2C8918%2C8936-8937%2C8941-8942%2C8964%2C8973%2C8992%2C9001-9002%2C9006%2C9012%2C9015%2C9019%2C9022%2C9025%2C9034%2C9056-9058%2C9073%2C9082%2C9090%2C9106%2C9114-9115%2C9117%2C9129%2C9131%2C9141%2C9148%2C9155%2C9181%2C9185%2C9289%2C9295%2C9408%2C9413%2C9419%2C9484%2C9487%2C9492%2C9545%2C9558%2C9563%2C9627%2C9657%2C9668%2C9718%2C9791%2C9798%2C9953%2C9959%2C10009%2C10084%2C10283%2C10299%2C10334%2C10374%2C10383%2C10398%2C10405%2C10417%2C10459%2C10590%2C10756
r10783
  +dir_prop: branches/qmmp-0.12 svn:mergeinfo /branches/qmmp-0.10:7522%0A/branches/qmmp-1.0:5596%0A/branches/qmmp-1.1:5819%2C5968%2C6043%2C6172%2C6233%2C6442%0A/branches/qmmp-1.2:6799%2C6945%2C6975%2C7173%2C7382%2C7520%0A/branches/qmmp-1.3:8923%2C8932%2C8945%2C8995%2C9009%2C9146%2C9153%2C9158%2C9248%2C9252%2C9300%2C9310%0A/branches/qmmp-1.4:9721%2C9841%0A/branches/qmmp-1.6:10780%0A/branches/qmmp-2.0:9926%0A/trunk/qmmp:7783%2C7785%2C7787-7788%2C7792-7793%2C7798%2C7805%2C7807-7811%2C7813%2C7822%2C7824%2C7830%2C7834%2C7838%2C7840%2C7857-7858%2C7876%2C7905%2C7907%2C8019%2C8021-8023%2C8032%2C8036-8037%2C8039%2C8041%2C8047%2C8053-8055%2C8058-8059%2C8061-8062%2C8070%2C8080%2C8092%2C8099-8102%2C8109%2C8141%2C8145%2C8151%2C8192%2C8207%2C8211%2C8213%2C8218%2C8245%2C8247-8248%2C8252%2C8255%2C8259%2C8263%2C8284%2C8293%2C8295-8296%2C8299%2C8305%2C8324%2C8326%2C8353%2C8355%2C8359%2C8382-8383%2C8388-8389%2C8399%2C8401%2C8403%2C8405%2C8418-8419%2C8427%2C8429%2C8435-8436%2C8446%2C8455%2C8459%2C8470%2C8473%2C8479%2C8481%2C8488%2C8490-8491%2C8493%2C8497%2C8504%2C8510-8537%2C8545-8546%2C8550%2C8552%2C8557%2C8588-8589%2C8604%2C8657%2C8659%2C8664-8665%2C8696%2C8708%2C8711%2C8715-8716%2C8719%2C8747%2C8763%2C8778%2C8788%2C8821%2C8830%2C8837%2C8840%2C8843%2C8860-8861%2C8865%2C8869-8870%2C8872%2C8893%2C8897%2C8900%2C8906%2C8910%2C8918%2C8936-8937%2C8941-8942%2C8964%2C8973%2C8992%2C9001-9002%2C9006%2C9012%2C9015%2C9019%2C9022%2C9025%2C9034%2C9056-9058%2C9073%2C9082%2C9090%2C9106%2C9114-9115%2C9117%2C9129%2C9131%2C9141%2C9148%2C9155%2C9181%2C9185%2C9289%2C9295%2C9408%2C9413%2C9419%2C9484%2C9487%2C9492%2C9545%2C9558%2C9563%2C9627%2C9657%2C9668%2C9718%2C9791%2C9798%2C9953%2C9959%2C10009%2C10084%2C10283%2C10299%2C10334%2C10374%2C10383%2C10398%2C10405%2C10417%2C10459%2C10590%2C10756
r10849
  +dir_prop: branches/qmmp-0.12 svn:mergeinfo /branches/qmmp-0.10:7522%0A/branches/qmmp-1.0:5596%0A/branches/qmmp-1.1:5819%2C5968%2C6043%2C6172%2C6233%2C6442%0A/branches/qmmp-1.2:6799%2C6945%2C6975%2C7173%2C7382%2C7520%0A/branches/qmmp-1.3:8923%2C8932%2C8945%2C8995%2C9009%2C9146%2C9153%2C9158%2C9248%2C9252%2C9300%2C9310%0A/branches/qmmp-1.4:9721%2C9841%0A/branches/qmmp-1.6:10780%0A/branches/qmmp-2.0:9926%0A/trunk/qmmp:7783%2C7785%2C7787-7788%2C7792-7793%2C7798%2C7805%2C7807-7811%2C7813%2C7822%2C7824%2C7830%2C7834%2C7838%2C7840%2C7857-7858%2C7876%2C7905%2C7907%2C8019%2C8021-8023%2C8032%2C8036-8037%2C8039%2C8041%2C8047%2C8053-8055%2C8058-8059%2C8061-8062%2C8070%2C8080%2C8092%2C8099-8102%2C8109%2C8141%2C8145%2C8151%2C8192%2C8207%2C8211%2C8213%2C8218%2C8245%2C8247-8248%2C8252%2C8255%2C8259%2C8263%2C8284%2C8293%2C8295-8296%2C8299%2C8305%2C8324%2C8326%2C8353%2C8355%2C8359%2C8382-8383%2C8388-8389%2C8399%2C8401%2C8403%2C8405%2C8418-8419%2C8427%2C8429%2C8435-8436%2C8446%2C8455%2C8459%2C8470%2C8473%2C8479%2C8481%2C8488%2C8490-8491%2C8493%2C8497%2C8504%2C8510-8537%2C8545-8546%2C8550%2C8552%2C8557%2C8588-8589%2C8604%2C8657%2C8659%2C8664-8665%2C8696%2C8708%2C8711%2C8715-8716%2C8719%2C8747%2C8763%2C8778%2C8788%2C8821%2C8830%2C8837%2C8840%2C8843%2C8860-8861%2C8865%2C8869-8870%2C8872%2C8893%2C8897%2C8900%2C8906%2C8910%2C8918%2C8936-8937%2C8941-8942%2C8964%2C8973%2C8992%2C9001-9002%2C9006%2C9012%2C9015%2C9019%2C9022%2C9025%2C9034%2C9056-9058%2C9073%2C9082%2C9090%2C9106%2C9114-9115%2C9117%2C9129%2C9131%2C9141%2C9148%2C9155%2C9181%2C9185%2C9289%2C9295%2C9408%2C9413%2C9419%2C9484%2C9487%2C9492%2C9545%2C9558%2C9563%2C9627%2C9657%2C9668%2C9718%2C9791%2C9798%2C9953%2C9959%2C10009%2C10084%2C10283%2C10299%2C10334%2C10374%2C10383%2C10398%2C10405%2C10417%2C10459%2C10590%2C10756%2C10846
r10855
r10870
r10880
  +dir_prop: branches/qmmp-0.12 svn:mergeinfo /branches/qmmp-0.10:7522%0A/branches/qmmp-1.0:5596%0A/branches/qmmp-1.1:5819%2C5968%2C6043%2C6172%2C6233%2C6442%0A/branches/qmmp-1.2:6799%2C6945%2C6975%2C7173%2C7382%2C7520%0A/branches/qmmp-1.3:8923%2C8932%2C8945%2C8995%2C9009%2C9146%2C9153%2C9158%2C9248%2C9252%2C9300%2C9310%0A/branches/qmmp-1.4:9721%2C9841%0A/branches/qmmp-1.6:10780%0A/branches/qmmp-2.0:9926%0A/branches/qmmp-2.1:10879%0A/trunk/qmmp:7783%2C7785%2C7787-7788%2C7792-7793%2C7798%2C7805%2C7807-7811%2C7813%2C7822%2C7824%2C7830%2C7834%2C7838%2C7840%2C7857-7858%2C7876%2C7905%2C7907%2C8019%2C8021-8023%2C8032%2C8036-8037%2C8039%2C8041%2C8047%2C8053-8055%2C8058-8059%2C8061-8062%2C8070%2C8080%2C8092%2C8099-8102%2C8109%2C8141%2C8145%2C8151%2C8192%2C8207%2C8211%2C8213%2C8218%2C8245%2C8247-8248%2C8252%2C8255%2C8259%2C8263%2C8284%2C8293%2C8295-8296%2C8299%2C8305%2C8324%2C8326%2C8353%2C8355%2C8359%2C8382-8383%2C8388-8389%2C8399%2C8401%2C8403%2C8405%2C8418-8419%2C8427%2C8429%2C8435-8436%2C8446%2C8455%2C8459%2C8470%2C8473%2C8479%2C8481%2C8488%2C8490-8491%2C8493%2C8497%2C8504%2C8510-8537%2C8545-8546%2C8550%2C8552%2C8557%2C8588-8589%2C8604%2C8657%2C8659%2C8664-8665%2C8696%2C8708%2C8711%2C8715-8716%2C8719%2C8747%2C8763%2C8778%2C8788%2C8821%2C8830%2C8837%2C8840%2C8843%2C8860-8861%2C8865%2C8869-8870%2C8872%2C8893%2C8897%2C8900%2C8906%2C8910%2C8918%2C8936-8937%2C8941-8942%2C8964%2C8973%2C8992%2C9001-9002%2C9006%2C9012%2C9015%2C9019%2C9022%2C9025%2C9034%2C9056-9058%2C9073%2C9082%2C9090%2C9106%2C9114-9115%2C9117%2C9129%2C9131%2C9141%2C9148%2C9155%2C9181%2C9185%2C9289%2C9295%2C9408%2C9413%2C9419%2C9484%2C9487%2C9492%2C9545%2C9558%2C9563%2C9627%2C9657%2C9668%2C9718%2C9791%2C9798%2C9953%2C9959%2C10009%2C10084%2C10283%2C10299%2C10334%2C10374%2C10383%2C10398%2C10405%2C10417%2C10459%2C10590%2C10756%2C10846
r10915
  +dir_prop: branches/qmmp-0.12 svn:mergeinfo /branches/qmmp-0.10:7522%0A/branches/qmmp-1.0:5596%0A/branches/qmmp-1.1:5819%2C5968%2C6043%2C6172%2C6233%2C6442%0A/branches/qmmp-1.2:6799%2C6945%2C6975%2C7173%2C7382%2C7520%0A/branches/qmmp-1.3:8923%2C8932%2C8945%2C8995%2C9009%2C9146%2C9153%2C9158%2C9248%2C9252%2C9300%2C9310%0A/branches/qmmp-1.4:9721%2C9841%0A/branches/qmmp-1.6:10780%0A/branches/qmmp-2.0:9926%0A/branches/qmmp-2.1:10879%0A/trunk/qmmp:7783%2C7785%2C7787-7788%2C7792-7793%2C7798%2C7805%2C7807-7811%2C7813%2C7822%2C7824%2C7830%2C7834%2C7838%2C7840%2C7857-7858%2C7876%2C7905%2C7907%2C8019%2C8021-8023%2C8032%2C8036-8037%2C8039%2C8041%2C8047%2C8053-8055%2C8058-8059%2C8061-8062%2C8070%2C8080%2C8092%2C8099-8102%2C8109%2C8141%2C8145%2C8151%2C8192%2C8207%2C8211%2C8213%2C8218%2C8245%2C8247-8248%2C8252%2C8255%2C8259%2C8263%2C8284%2C8293%2C8295-8296%2C8299%2C8305%2C8324%2C8326%2C8353%2C8355%2C8359%2C8382-8383%2C8388-8389%2C8399%2C8401%2C8403%2C8405%2C8418-8419%2C8427%2C8429%2C8435-8436%2C8446%2C8455%2C8459%2C8470%2C8473%2C8479%2C8481%2C8488%2C8490-8491%2C8493%2C8497%2C8504%2C8510-8537%2C8545-8546%2C8550%2C8552%2C8557%2C8588-8589%2C8604%2C8657%2C8659%2C8664-8665%2C8696%2C8708%2C8711%2C8715-8716%2C8719%2C8747%2C8763%2C8778%2C8788%2C8821%2C8830%2C8837%2C8840%2C8843%2C8860-8861%2C8865%2C8869-8870%2C8872%2C8893%2C8897%2C8900%2C8906%2C8910%2C8918%2C8936-8937%2C8941-8942%2C8964%2C8973%2C8992%2C9001-9002%2C9006%2C9012%2C9015%2C9019%2C9022%2C9025%2C9034%2C9056-9058%2C9073%2C9082%2C9090%2C9106%2C9114-9115%2C9117%2C9129%2C9131%2C9141%2C9148%2C9155%2C9181%2C9185%2C9289%2C9295%2C9408%2C9413%2C9419%2C9484%2C9487%2C9492%2C9545%2C9558%2C9563%2C9627%2C9657%2C9668%2C9718%2C9791%2C9798%2C9953%2C9959%2C10009%2C10084%2C10283%2C10299%2C10334%2C10374%2C10383%2C10398%2C10405%2C10417%2C10459%2C10590%2C10756%2C10846%2C10911
r10932
  +dir_prop: branches/qmmp-0.12 svn:mergeinfo /branches/qmmp-0.10:7522%0A/branches/qmmp-1.0:5596%0A/branches/qmmp-1.1:5819%2C5968%2C6043%2C6172%2C6233%2C6442%0A/branches/qmmp-1.2:6799%2C6945%2C6975%2C7173%2C7382%2C7520%0A/branches/qmmp-1.3:8923%2C8932%2C8945%2C8995%2C9009%2C9146%2C9153%2C9158%2C9248%2C9252%2C9300%2C9310%0A/branches/qmmp-1.4:9721%2C9841%0A/branches/qmmp-1.6:10780%0A/branches/qmmp-2.0:9926%0A/branches/qmmp-2.1:10879%0A/trunk/qmmp:7783%2C7785%2C7787-7788%2C7792-7793%2C7798%2C7805%2C7807-7811%2C7813%2C7822%2C7824%2C7830%2C7834%2C7838%2C7840%2C7857-7858%2C7876%2C7905%2C7907%2C8019%2C8021-8023%2C8032%2C8036-8037%2C8039%2C8041%2C8047%2C8053-8055%2C8058-8059%2C8061-8062%2C8070%2C8080%2C8092%2C8099-8102%2C8109%2C8141%2C8145%2C8151%2C8192%2C8207%2C8211%2C8213%2C8218%2C8245%2C8247-8248%2C8252%2C8255%2C8259%2C8263%2C8284%2C8293%2C8295-8296%2C8299%2C8305%2C8324%2C8326%2C8353%2C8355%2C8359%2C8382-8383%2C8388-8389%2C8399%2C8401%2C8403%2C8405%2C8418-8419%2C8427%2C8429%2C8435-8436%2C8446%2C8455%2C8459%2C8470%2C8473%2C8479%2C8481%2C8488%2C8490-8491%2C8493%2C8497%2C8504%2C8510-8537%2C8545-8546%2C8550%2C8552%2C8557%2C8588-8589%2C8604%2C8657%2C8659%2C8664-8665%2C8696%2C8708%2C8711%2C8715-8716%2C8719%2C8747%2C8763%2C8778%2C8788%2C8821%2C8830%2C8837%2C8840%2C8843%2C8860-8861%2C8865%2C8869-8870%2C8872%2C8893%2C8897%2C8900%2C8906%2C8910%2C8918%2C8936-8937%2C8941-8942%2C8964%2C8973%2C8992%2C9001-9002%2C9006%2C9012%2C9015%2C9019%2C9022%2C9025%2C9034%2C9056-9058%2C9073%2C9082%2C9090%2C9106%2C9114-9115%2C9117%2C9129%2C9131%2C9141%2C9148%2C9155%2C9181%2C9185%2C9289%2C9295%2C9408%2C9413%2C9419%2C9484%2C9487%2C9492%2C9545%2C9558%2C9563%2C9627%2C9657%2C9668%2C9718%2C9791%2C9798%2C9953%2C9959%2C10009%2C10084%2C10283%2C10299%2C10334%2C10374%2C10383%2C10398%2C10405%2C10417%2C10459%2C10590%2C10756%2C10846%2C10911%2C10929
r10949
r10954
  +dir_prop: branches/qmmp-0.12 svn:mergeinfo /branches/qmmp-0.10:7522%0A/branches/qmmp-1.0:5596%0A/branches/qmmp-1.1:5819%2C5968%2C6043%2C6172%2C6233%2C6442%0A/branches/qmmp-1.2:6799%2C6945%2C6975%2C7173%2C7382%2C7520%0A/branches/qmmp-1.3:8923%2C8932%2C8945%2C8995%2C9009%2C9146%2C9153%2C9158%2C9248%2C9252%2C9300%2C9310%0A/branches/qmmp-1.4:9721%2C9841%0A/branches/qmmp-1.6:10780%0A/branches/qmmp-2.0:9926%0A/branches/qmmp-2.1:10879%0A/trunk/qmmp:7783%2C7785%2C7787-7788%2C7792-7793%2C7798%2C7805%2C7807-7811%2C7813%2C7822%2C7824%2C7830%2C7834%2C7838%2C7840%2C7857-7858%2C7876%2C7905%2C7907%2C8019%2C8021-8023%2C8032%2C8036-8037%2C8039%2C8041%2C8047%2C8053-8055%2C8058-8059%2C8061-8062%2C8070%2C8080%2C8092%2C8099-8102%2C8109%2C8141%2C8145%2C8151%2C8192%2C8207%2C8211%2C8213%2C8218%2C8245%2C8247-8248%2C8252%2C8255%2C8259%2C8263%2C8284%2C8293%2C8295-8296%2C8299%2C8305%2C8324%2C8326%2C8353%2C8355%2C8359%2C8382-8383%2C8388-8389%2C8399%2C8401%2C8403%2C8405%2C8418-8419%2C8427%2C8429%2C8435-8436%2C8446%2C8455%2C8459%2C8470%2C8473%2C8479%2C8481%2C8488%2C8490-8491%2C8493%2C8497%2C8504%2C8510-8537%2C8545-8546%2C8550%2C8552%2C8557%2C8588-8589%2C8604%2C8657%2C8659%2C8664-8665%2C8696%2C8708%2C8711%2C8715-8716%2C8719%2C8747%2C8763%2C8778%2C8788%2C8821%2C8830%2C8837%2C8840%2C8843%2C8860-8861%2C8865%2C8869-8870%2C8872%2C8893%2C8897%2C8900%2C8906%2C8910%2C8918%2C8936-8937%2C8941-8942%2C8964%2C8973%2C8992%2C9001-9002%2C9006%2C9012%2C9015%2C9019%2C9022%2C9025%2C9034%2C9056-9058%2C9073%2C9082%2C9090%2C9106%2C9114-9115%2C9117%2C9129%2C9131%2C9141%2C9148%2C9155%2C9181%2C9185%2C9289%2C9295%2C9408%2C9413%2C9419%2C9484%2C9487%2C9492%2C9545%2C9558%2C9563%2C9627%2C9657%2C9668%2C9718%2C9791%2C9798%2C9953%2C9959%2C10009%2C10084%2C10283%2C10299%2C10334%2C10374%2C10383%2C10398%2C10405%2C10417%2C10459%2C10590%2C10756%2C10846%2C10911%2C10929%2C10951
r10956
  -empty_dir: branches/qmmp-0.12/.tx
  -empty_dir: branches/qmmp-0.12/utils/update_tx.sh
r10969
r10975
r11065
  +dir_prop: branches/qmmp-0.12 svn:mergeinfo /branches/qmmp-0.10:7522%0A/branches/qmmp-1.0:5596%0A/branches/qmmp-1.1:5819%2C5968%2C6043%2C6172%2C6233%2C6442%0A/branches/qmmp-1.2:6799%2C6945%2C6975%2C7173%2C7382%2C7520%0A/branches/qmmp-1.3:8923%2C8932%2C8945%2C8995%2C9009%2C9146%2C9153%2C9158%2C9248%2C9252%2C9300%2C9310%0A/branches/qmmp-1.4:9721%2C9841%0A/branches/qmmp-1.6:10780%0A/branches/qmmp-2.0:9926%0A/branches/qmmp-2.1:10879%0A/trunk/qmmp:7783%2C7785%2C7787-7788%2C7792-7793%2C7798%2C7805%2C7807-7811%2C7813%2C7822%2C7824%2C7830%2C7834%2C7838%2C7840%2C7857-7858%2C7876%2C7905%2C7907%2C8019%2C8021-8023%2C8032%2C8036-8037%2C8039%2C8041%2C8047%2C8053-8055%2C8058-8059%2C8061-8062%2C8070%2C8080%2C8092%2C8099-8102%2C8109%2C8141%2C8145%2C8151%2C8192%2C8207%2C8211%2C8213%2C8218%2C8245%2C8247-8248%2C8252%2C8255%2C8259%2C8263%2C8284%2C8293%2C8295-8296%2C8299%2C8305%2C8324%2C8326%2C8353%2C8355%2C8359%2C8382-8383%2C8388-8389%2C8399%2C8401%2C8403%2C8405%2C8418-8419%2C8427%2C8429%2C8435-8436%2C8446%2C8455%2C8459%2C8470%2C8473%2C8479%2C8481%2C8488%2C8490-8491%2C8493%2C8497%2C8504%2C8510-8537%2C8545-8546%2C8550%2C8552%2C8557%2C8588-8589%2C8604%2C8657%2C8659%2C8664-8665%2C8696%2C8708%2C8711%2C8715-8716%2C8719%2C8747%2C8763%2C8778%2C8788%2C8821%2C8830%2C8837%2C8840%2C8843%2C8860-8861%2C8865%2C8869-8870%2C8872%2C8893%2C8897%2C8900%2C8906%2C8910%2C8918%2C8936-8937%2C8941-8942%2C8964%2C8973%2C8992%2C9001-9002%2C9006%2C9012%2C9015%2C9019%2C9022%2C9025%2C9034%2C9056-9058%2C9073%2C9082%2C9090%2C9106%2C9114-9115%2C9117%2C9129%2C9131%2C9141%2C9148%2C9155%2C9181%2C9185%2C9289%2C9295%2C9408%2C9413%2C9419%2C9484%2C9487%2C9492%2C9545%2C9558%2C9563%2C9627%2C9657%2C9668%2C9718%2C9791%2C9798%2C9953%2C9959%2C10009%2C10084%2C10283%2C10299%2C10334%2C10374%2C10383%2C10398%2C10405%2C10417%2C10459%2C10590%2C10756%2C10846%2C10911%2C10929%2C10951%2C11062
r11112
  +dir_prop: branches/qmmp-0.12 svn:mergeinfo /branches/qmmp-0.10:7522%0A/branches/qmmp-1.0:5596%0A/branches/qmmp-1.1:5819%2C5968%2C6043%2C6172%2C6233%2C6442%0A/branches/qmmp-1.2:6799%2C6945%2C6975%2C7173%2C7382%2C7520%0A/branches/qmmp-1.3:8923%2C8932%2C8945%2C8995%2C9009%2C9146%2C9153%2C9158%2C9248%2C9252%2C9300%2C9310%0A/branches/qmmp-1.4:9721%2C9841%0A/branches/qmmp-1.6:10780%0A/branches/qmmp-2.0:9926%0A/branches/qmmp-2.1:10879%0A/trunk/qmmp:7783%2C7785%2C7787-7788%2C7792-7793%2C7798%2C7805%2C7807-7811%2C7813%2C7822%2C7824%2C7830%2C7834%2C7838%2C7840%2C7857-7858%2C7876%2C7905%2C7907%2C8019%2C8021-8023%2C8032%2C8036-8037%2C8039%2C8041%2C8047%2C8053-8055%2C8058-8059%2C8061-8062%2C8070%2C8080%2C8092%2C8099-8102%2C8109%2C8141%2C8145%2C8151%2C8192%2C8207%2C8211%2C8213%2C8218%2C8245%2C8247-8248%2C8252%2C8255%2C8259%2C8263%2C8284%2C8293%2C8295-8296%2C8299%2C8305%2C8324%2C8326%2C8353%2C8355%2C8359%2C8382-8383%2C8388-8389%2C8399%2C8401%2C8403%2C8405%2C8418-8419%2C8427%2C8429%2C8435-8436%2C8446%2C8455%2C8459%2C8470%2C8473%2C8479%2C8481%2C8488%2C8490-8491%2C8493%2C8497%2C8504%2C8510-8537%2C8545-8546%2C8550%2C8552%2C8557%2C8588-8589%2C8604%2C8657%2C8659%2C8664-8665%2C8696%2C8708%2C8711%2C8715-8716%2C8719%2C8747%2C8763%2C8778%2C8788%2C8821%2C8830%2C8837%2C8840%2C8843%2C8860-8861%2C8865%2C8869-8870%2C8872%2C8893%2C8897%2C8900%2C8906%2C8910%2C8918%2C8936-8937%2C8941-8942%2C8964%2C8973%2C8992%2C9001-9002%2C9006%2C9012%2C9015%2C9019%2C9022%2C9025%2C9034%2C9056-9058%2C9073%2C9082%2C9090%2C9106%2C9114-9115%2C9117%2C9129%2C9131%2C9141%2C9148%2C9155%2C9181%2C9185%2C9289%2C9295%2C9408%2C9413%2C9419%2C9484%2C9487%2C9492%2C9545%2C9558%2C9563%2C9627%2C9657%2C9668%2C9718%2C9791%2C9798%2C9953%2C9959%2C10009%2C10084%2C10283%2C10299%2C10334%2C10374%2C10383%2C10398%2C10405%2C10417%2C10459%2C10590%2C10756%2C10846%2C10911%2C10929%2C10951%2C11062%2C11108
r11119
r11120
r11121
r11122
r11123
r11124
r11125
r11155
r11249
  +dir_prop: branches/qmmp-0.12 svn:mergeinfo /branches/qmmp-0.10:7522%0A/branches/qmmp-1.0:5596%0A/branches/qmmp-1.1:5819%2C5968%2C6043%2C6172%2C6233%2C6442%0A/branches/qmmp-1.2:6799%2C6945%2C6975%2C7173%2C7382%2C7520%0A/branches/qmmp-1.3:8923%2C8932%2C8945%2C8995%2C9009%2C9146%2C9153%2C9158%2C9248%2C9252%2C9300%2C9310%0A/branches/qmmp-1.4:9721%2C9841%0A/branches/qmmp-1.6:10780%0A/branches/qmmp-2.0:9926%0A/branches/qmmp-2.1:10879%0A/trunk/qmmp:7783%2C7785%2C7787-7788%2C7792-7793%2C7798%2C7805%2C7807-7811%2C7813%2C7822%2C7824%2C7830%2C7834%2C7838%2C7840%2C7857-7858%2C7876%2C7905%2C7907%2C8019%2C8021-8023%2C8032%2C8036-8037%2C8039%2C8041%2C8047%2C8053-8055%2C8058-8059%2C8061-8062%2C8070%2C8080%2C8092%2C8099-8102%2C8109%2C8141%2C8145%2C8151%2C8192%2C8207%2C8211%2C8213%2C8218%2C8245%2C8247-8248%2C8252%2C8255%2C8259%2C8263%2C8284%2C8293%2C8295-8296%2C8299%2C8305%2C8324%2C8326%2C8353%2C8355%2C8359%2C8382-8383%2C8388-8389%2C8399%2C8401%2C8403%2C8405%2C8418-8419%2C8427%2C8429%2C8435-8436%2C8446%2C8455%2C8459%2C8470%2C8473%2C8479%2C8481%2C8488%2C8490-8491%2C8493%2C8497%2C8504%2C8510-8537%2C8545-8546%2C8550%2C8552%2C8557%2C8588-8589%2C8604%2C8657%2C8659%2C8664-8665%2C8696%2C8708%2C8711%2C8715-8716%2C8719%2C8747%2C8763%2C8778%2C8788%2C8821%2C8830%2C8837%2C8840%2C8843%2C8860-8861%2C8865%2C8869-8870%2C8872%2C8893%2C8897%2C8900%2C8906%2C8910%2C8918%2C8936-8937%2C8941-8942%2C8964%2C8973%2C8992%2C9001-9002%2C9006%2C9012%2C9015%2C9019%2C9022%2C9025%2C9034%2C9056-9058%2C9073%2C9082%2C9090%2C9106%2C9114-9115%2C9117%2C9129%2C9131%2C9141%2C9148%2C9155%2C9181%2C9185%2C9289%2C9295%2C9408%2C9413%2C9419%2C9484%2C9487%2C9492%2C9545%2C9558%2C9563%2C9627%2C9657%2C9668%2C9718%2C9791%2C9798%2C9953%2C9959%2C10009%2C10084%2C10283%2C10299%2C10334%2C10374%2C10383%2C10398%2C10405%2C10417%2C10459%2C10590%2C10756%2C10846%2C10911%2C10929%2C10951%2C11062%2C11108%2C11246
r11280
  +dir_prop: branches/qmmp-0.12 svn:mergeinfo /branches/qmmp-0.10:7522%0A/branches/qmmp-1.0:5596%0A/branches/qmmp-1.1:5819%2C5968%2C6043%2C6172%2C6233%2C6442%0A/branches/qmmp-1.2:6799%2C6945%2C6975%2C7173%2C7382%2C7520%0A/branches/qmmp-1.3:8923%2C8932%2C8945%2C8995%2C9009%2C9146%2C9153%2C9158%2C9248%2C9252%2C9300%2C9310%0A/branches/qmmp-1.4:9721%2C9841%0A/branches/qmmp-1.6:10780%2C11271%0A/branches/qmmp-2.0:9926%0A/branches/qmmp-2.1:10879%2C11269%0A/trunk/qmmp:7783%2C7785%2C7787-7788%2C7792-7793%2C7798%2C7805%2C7807-7811%2C7813%2C7822%2C7824%2C7830%2C7834%2C7838%2C7840%2C7857-7858%2C7876%2C7905%2C7907%2C8019%2C8021-8023%2C8032%2C8036-8037%2C8039%2C8041%2C8047%2C8053-8055%2C8058-8059%2C8061-8062%2C8070%2C8080%2C8092%2C8099-8102%2C8109%2C8141%2C8145%2C8151%2C8192%2C8207%2C8211%2C8213%2C8218%2C8245%2C8247-8248%2C8252%2C8255%2C8259%2C8263%2C8284%2C8293%2C8295-8296%2C8299%2C8305%2C8324%2C8326%2C8353%2C8355%2C8359%2C8382-8383%2C8388-8389%2C8399%2C8401%2C8403%2C8405%2C8418-8419%2C8427%2C8429%2C8435-8436%2C8446%2C8455%2C8459%2C8470%2C8473%2C8479%2C8481%2C8488%2C8490-8491%2C8493%2C8497%2C8504%2C8510-8537%2C8545-8546%2C8550%2C8552%2C8557%2C8588-8589%2C8604%2C8657%2C8659%2C8664-8665%2C8696%2C8708%2C8711%2C8715-8716%2C8719%2C8747%2C8763%2C8778%2C8788%2C8821%2C8830%2C8837%2C8840%2C8843%2C8860-8861%2C8865%2C8869-8870%2C8872%2C8893%2C8897%2C8900%2C8906%2C8910%2C8918%2C8936-8937%2C8941-8942%2C8964%2C8973%2C8992%2C9001-9002%2C9006%2C9012%2C9015%2C9019%2C9022%2C9025%2C9034%2C9056-9058%2C9073%2C9082%2C9090%2C9106%2C9114-9115%2C9117%2C9129%2C9131%2C9141%2C9148%2C9155%2C9181%2C9185%2C9289%2C9295%2C9408%2C9413%2C9419%2C9484%2C9487%2C9492%2C9545%2C9558%2C9563%2C9627%2C9657%2C9668%2C9718%2C9791%2C9798%2C9953%2C9959%2C10009%2C10084%2C10283%2C10299%2C10334%2C10374%2C10383%2C10398%2C10405%2C10417%2C10459%2C10590%2C10756%2C10846%2C10911%2C10929%2C10951%2C11062%2C11108%2C11246%2C11261-11264%2C11268
r11281
r11309
r11310
r11312
r11325
r11326
r11374
  +dir_prop: branches/qmmp-0.12 svn:mergeinfo /branches/qmmp-0.10:7522%0A/branches/qmmp-1.0:5596%0A/branches/qmmp-1.1:5819%2C5968%2C6043%2C6172%2C6233%2C6442%0A/branches/qmmp-1.2:6799%2C6945%2C6975%2C7173%2C7382%2C7520%0A/branches/qmmp-1.3:8923%2C8932%2C8945%2C8995%2C9009%2C9146%2C9153%2C9158%2C9248%2C9252%2C9300%2C9310%0A/branches/qmmp-1.4:9721%2C9841%0A/branches/qmmp-1.6:10780%2C11271%0A/branches/qmmp-2.0:9926%0A/branches/qmmp-2.1:10879%2C11269%0A/trunk/qmmp:7783%2C7785%2C7787-7788%2C7792-7793%2C7798%2C7805%2C7807-7811%2C7813%2C7822%2C7824%2C7830%2C7834%2C7838%2C7840%2C7857-7858%2C7876%2C7905%2C7907%2C8019%2C8021-8023%2C8032%2C8036-8037%2C8039%2C8041%2C8047%2C8053-8055%2C8058-8059%2C8061-8062%2C8070%2C8080%2C8092%2C8099-8102%2C8109%2C8141%2C8145%2C8151%2C8192%2C8207%2C8211%2C8213%2C8218%2C8245%2C8247-8248%2C8252%2C8255%2C8259%2C8263%2C8284%2C8293%2C8295-8296%2C8299%2C8305%2C8324%2C8326%2C8353%2C8355%2C8359%2C8382-8383%2C8388-8389%2C8399%2C8401%2C8403%2C8405%2C8418-8419%2C8427%2C8429%2C8435-8436%2C8446%2C8455%2C8459%2C8470%2C8473%2C8479%2C8481%2C8488%2C8490-8491%2C8493%2C8497%2C8504%2C8510-8537%2C8545-8546%2C8550%2C8552%2C8557%2C8588-8589%2C8604%2C8657%2C8659%2C8664-8665%2C8696%2C8708%2C8711%2C8715-8716%2C8719%2C8747%2C8763%2C8778%2C8788%2C8821%2C8830%2C8837%2C8840%2C8843%2C8860-8861%2C8865%2C8869-8870%2C8872%2C8893%2C8897%2C8900%2C8906%2C8910%2C8918%2C8936-8937%2C8941-8942%2C8964%2C8973%2C8992%2C9001-9002%2C9006%2C9012%2C9015%2C9019%2C9022%2C9025%2C9034%2C9056-9058%2C9073%2C9082%2C9090%2C9106%2C9114-9115%2C9117%2C9129%2C9131%2C9141%2C9148%2C9155%2C9181%2C9185%2C9289%2C9295%2C9408%2C9413%2C9419%2C9484%2C9487%2C9492%2C9545%2C9558%2C9563%2C9627%2C9657%2C9668%2C9718%2C9791%2C9798%2C9953%2C9959%2C10009%2C10084%2C10283%2C10299%2C10334%2C10374%2C10383%2C10398%2C10405%2C10417%2C10459%2C10590%2C10756%2C10846%2C10911%2C10929%2C10951%2C11062%2C11108%2C11246%2C11261-11264%2C11268%2C11368
r11375
  +dir_prop: branches/qmmp-0.12 svn:mergeinfo /branches/qmmp-0.10:7522%0A/branches/qmmp-1.0:5596%0A/branches/qmmp-1.1:5819%2C5968%2C6043%2C6172%2C6233%2C6442%0A/branches/qmmp-1.2:6799%2C6945%2C6975%2C7173%2C7382%2C7520%0A/branches/qmmp-1.3:8923%2C8932%2C8945%2C8995%2C9009%2C9146%2C9153%2C9158%2C9248%2C9252%2C9300%2C9310%0A/branches/qmmp-1.4:9721%2C9841%0A/branches/qmmp-1.6:10780%2C11271%0A/branches/qmmp-2.0:9926%0A/branches/qmmp-2.1:10879%2C11269%0A/trunk/qmmp:7783%2C7785%2C7787-7788%2C7792-7793%2C7798%2C7805%2C7807-7811%2C7813%2C7822%2C7824%2C7830%2C7834%2C7838%2C7840%2C7857-7858%2C7876%2C7905%2C7907%2C8019%2C8021-8023%2C8032%2C8036-8037%2C8039%2C8041%2C8047%2C8053-8055%2C8058-8059%2C8061-8062%2C8070%2C8080%2C8092%2C8099-8102%2C8109%2C8141%2C8145%2C8151%2C8192%2C8207%2C8211%2C8213%2C8218%2C8245%2C8247-8248%2C8252%2C8255%2C8259%2C8263%2C8284%2C8293%2C8295-8296%2C8299%2C8305%2C8324%2C8326%2C8353%2C8355%2C8359%2C8382-8383%2C8388-8389%2C8399%2C8401%2C8403%2C8405%2C8418-8419%2C8427%2C8429%2C8435-8436%2C8446%2C8455%2C8459%2C8470%2C8473%2C8479%2C8481%2C8488%2C8490-8491%2C8493%2C8497%2C8504%2C8510-8537%2C8545-8546%2C8550%2C8552%2C8557%2C8588-8589%2C8604%2C8657%2C8659%2C8664-8665%2C8696%2C8708%2C8711%2C8715-8716%2C8719%2C8747%2C8763%2C8778%2C8788%2C8821%2C8830%2C8837%2C8840%2C8843%2C8860-8861%2C8865%2C8869-8870%2C8872%2C8893%2C8897%2C8900%2C8906%2C8910%2C8918%2C8936-8937%2C8941-8942%2C8964%2C8973%2C8992%2C9001-9002%2C9006%2C9012%2C9015%2C9019%2C9022%2C9025%2C9034%2C9056-9058%2C9073%2C9082%2C9090%2C9106%2C9114-9115%2C9117%2C9129%2C9131%2C9141%2C9148%2C9155%2C9181%2C9185%2C9289%2C9295%2C9408%2C9413%2C9419%2C9484%2C9487%2C9492%2C9545%2C9558%2C9563%2C9627%2C9657%2C9668%2C9718%2C9791%2C9798%2C9953%2C9959%2C10009%2C10084%2C10283%2C10299%2C10334%2C10374%2C10383%2C10398%2C10405%2C10417%2C10459%2C10590%2C10756%2C10846%2C10911%2C10929%2C10951%2C11062%2C11108%2C11246%2C11261-11264%2C11268%2C11368%2C11371
r11378
r11379
r11392
r11396
r11404
r11414
r11456
  +dir_prop: branches/qmmp-0.12 svn:mergeinfo /branches/qmmp-0.10:7522%0A/branches/qmmp-1.0:5596%0A/branches/qmmp-1.1:5819%2C5968%2C6043%2C6172%2C6233%2C6442%0A/branches/qmmp-1.2:6799%2C6945%2C6975%2C7173%2C7382%2C7520%0A/branches/qmmp-1.3:8923%2C8932%2C8945%2C8995%2C9009%2C9146%2C9153%2C9158%2C9248%2C9252%2C9300%2C9310%0A/branches/qmmp-1.4:9721%2C9841%0A/branches/qmmp-1.6:10780%2C11271%0A/branches/qmmp-2.0:9926%0A/branches/qmmp-2.1:10879%2C11269%2C11454%0A/trunk/qmmp:7783%2C7785%2C7787-7788%2C7792-7793%2C7798%2C7805%2C7807-7811%2C7813%2C7822%2C7824%2C7830%2C7834%2C7838%2C7840%2C7857-7858%2C7876%2C7905%2C7907%2C8019%2C8021-8023%2C8032%2C8036-8037%2C8039%2C8041%2C8047%2C8053-8055%2C8058-8059%2C8061-8062%2C8070%2C8080%2C8092%2C8099-8102%2C8109%2C8141%2C8145%2C8151%2C8192%2C8207%2C8211%2C8213%2C8218%2C8245%2C8247-8248%2C8252%2C8255%2C8259%2C8263%2C8284%2C8293%2C8295-8296%2C8299%2C8305%2C8324%2C8326%2C8353%2C8355%2C8359%2C8382-8383%2C8388-8389%2C8399%2C8401%2C8403%2C8405%2C8418-8419%2C8427%2C8429%2C8435-8436%2C8446%2C8455%2C8459%2C8470%2C8473%2C8479%2C8481%2C8488%2C8490-8491%2C8493%2C8497%2C8504%2C8510-8537%2C8545-8546%2C8550%2C8552%2C8557%2C8588-8589%2C8604%2C8657%2C8659%2C8664-8665%2C8696%2C8708%2C8711%2C8715-8716%2C8719%2C8747%2C8763%2C8778%2C8788%2C8821%2C8830%2C8837%2C8840%2C8843%2C8860-8861%2C8865%2C8869-8870%2C8872%2C8893%2C8897%2C8900%2C8906%2C8910%2C8918%2C8936-8937%2C8941-8942%2C8964%2C8973%2C8992%2C9001-9002%2C9006%2C9012%2C9015%2C9019%2C9022%2C9025%2C9034%2C9056-9058%2C9073%2C9082%2C9090%2C9106%2C9114-9115%2C9117%2C9129%2C9131%2C9141%2C9148%2C9155%2C9181%2C9185%2C9289%2C9295%2C9408%2C9413%2C9419%2C9484%2C9487%2C9492%2C9545%2C9558%2C9563%2C9627%2C9657%2C9668%2C9718%2C9791%2C9798%2C9953%2C9959%2C10009%2C10084%2C10283%2C10299%2C10334%2C10374%2C10383%2C10398%2C10405%2C10417%2C10459%2C10590%2C10756%2C10846%2C10911%2C10929%2C10951%2C11062%2C11108%2C11246%2C11261-11264%2C11268%2C11368%2C11371
r11473
  +dir_prop: branches/qmmp-0.12 svn:mergeinfo /branches/qmmp-0.10:7522%0A/branches/qmmp-1.0:5596%0A/branches/qmmp-1.1:5819%2C5968%2C6043%2C6172%2C6233%2C6442%0A/branches/qmmp-1.2:6799%2C6945%2C6975%2C7173%2C7382%2C7520%0A/branches/qmmp-1.3:8923%2C8932%2C8945%2C8995%2C9009%2C9146%2C9153%2C9158%2C9248%2C9252%2C9300%2C9310%0A/branches/qmmp-1.4:9721%2C9841%0A/branches/qmmp-1.6:10780%2C11271%0A/branches/qmmp-2.0:9926%0A/branches/qmmp-2.1:10879%2C11269%2C11454%0A/trunk/qmmp:7783%2C7785%2C7787-7788%2C7792-7793%2C7798%2C7805%2C7807-7811%2C7813%2C7822%2C7824%2C7830%2C7834%2C7838%2C7840%2C7857-7858%2C7876%2C7905%2C7907%2C8019%2C8021-8023%2C8032%2C8036-8037%2C8039%2C8041%2C8047%2C8053-8055%2C8058-8059%2C8061-8062%2C8070%2C8080%2C8092%2C8099-8102%2C8109%2C8141%2C8145%2C8151%2C8192%2C8207%2C8211%2C8213%2C8218%2C8245%2C8247-8248%2C8252%2C8255%2C8259%2C8263%2C8284%2C8293%2C8295-8296%2C8299%2C8305%2C8324%2C8326%2C8353%2C8355%2C8359%2C8382-8383%2C8388-8389%2C8399%2C8401%2C8403%2C8405%2C8418-8419%2C8427%2C8429%2C8435-8436%2C8446%2C8455%2C8459%2C8470%2C8473%2C8479%2C8481%2C8488%2C8490-8491%2C8493%2C8497%2C8504%2C8510-8537%2C8545-8546%2C8550%2C8552%2C8557%2C8588-8589%2C8604%2C8657%2C8659%2C8664-8665%2C8696%2C8708%2C8711%2C8715-8716%2C8719%2C8747%2C8763%2C8778%2C8788%2C8821%2C8830%2C8837%2C8840%2C8843%2C8860-8861%2C8865%2C8869-8870%2C8872%2C8893%2C8897%2C8900%2C8906%2C8910%2C8918%2C8936-8937%2C8941-8942%2C8964%2C8973%2C8992%2C9001-9002%2C9006%2C9012%2C9015%2C9019%2C9022%2C9025%2C9034%2C9056-9058%2C9073%2C9082%2C9090%2C9106%2C9114-9115%2C9117%2C9129%2C9131%2C9141%2C9148%2C9155%2C9181%2C9185%2C9289%2C9295%2C9408%2C9413%2C9419%2C9484%2C9487%2C9492%2C9545%2C9558%2C9563%2C9627%2C9657%2C9668%2C9718%2C9791%2C9798%2C9953%2C9959%2C10009%2C10084%2C10283%2C10299%2C10334%2C10374%2C10383%2C10398%2C10405%2C10417%2C10459%2C10590%2C10756%2C10846%2C10911%2C10929%2C10951%2C11062%2C11108%2C11246%2C11261-11264%2C11268%2C11368%2C11371%2C11470
r11474
r11520
  -empty_dir: branches/qmmp-0.12/src/plugins/Input/opus/opusfile.cpp
  -empty_dir: branches/qmmp-0.12/src/plugins/Input/opus/opusfile.h
  -empty_dir: branches/qmmp-0.12/src/plugins/Input/opus/opusproperties.cpp
  -empty_dir: branches/qmmp-0.12/src/plugins/Input/opus/opusproperties.h
  -empty_dir: branches/qmmp-0.12/src/plugins/Input/opus/tdebug.cpp
  -empty_dir: branches/qmmp-0.12/src/plugins/Input/opus/tdebug.h
r11521
r11523
r11524
r11540
  +dir_prop: branches/qmmp-0.12 svn:mergeinfo /branches/qmmp-0.10:7522%0A/branches/qmmp-1.0:5596%0A/branches/qmmp-1.1:5819%2C5968%2C6043%2C6172%2C6233%2C6442%0A/branches/qmmp-1.2:6799%2C6945%2C6975%2C7173%2C7382%2C7520%0A/branches/qmmp-1.3:8923%2C8932%2C8945%2C8995%2C9009%2C9146%2C9153%2C9158%2C9248%2C9252%2C9300%2C9310%0A/branches/qmmp-1.4:9721%2C9841%0A/branches/qmmp-1.6:10780%2C11271%0A/branches/qmmp-2.0:9926%0A/branches/qmmp-2.1:10879%2C11269%2C11454%2C11538%0A/trunk/qmmp:7783%2C7785%2C7787-7788%2C7792-7793%2C7798%2C7805%2C7807-7811%2C7813%2C7822%2C7824%2C7830%2C7834%2C7838%2C7840%2C7857-7858%2C7876%2C7905%2C7907%2C8019%2C8021-8023%2C8032%2C8036-8037%2C8039%2C8041%2C8047%2C8053-8055%2C8058-8059%2C8061-8062%2C8070%2C8080%2C8092%2C8099-8102%2C8109%2C8141%2C8145%2C8151%2C8192%2C8207%2C8211%2C8213%2C8218%2C8245%2C8247-8248%2C8252%2C8255%2C8259%2C8263%2C8284%2C8293%2C8295-8296%2C8299%2C8305%2C8324%2C8326%2C8353%2C8355%2C8359%2C8382-8383%2C8388-8389%2C8399%2C8401%2C8403%2C8405%2C8418-8419%2C8427%2C8429%2C8435-8436%2C8446%2C8455%2C8459%2C8470%2C8473%2C8479%2C8481%2C8488%2C8490-8491%2C8493%2C8497%2C8504%2C8510-8537%2C8545-8546%2C8550%2C8552%2C8557%2C8588-8589%2C8604%2C8657%2C8659%2C8664-8665%2C8696%2C8708%2C8711%2C8715-8716%2C8719%2C8747%2C8763%2C8778%2C8788%2C8821%2C8830%2C8837%2C8840%2C8843%2C8860-8861%2C8865%2C8869-8870%2C8872%2C8893%2C8897%2C8900%2C8906%2C8910%2C8918%2C8936-8937%2C8941-8942%2C8964%2C8973%2C8992%2C9001-9002%2C9006%2C9012%2C9015%2C9019%2C9022%2C9025%2C9034%2C9056-9058%2C9073%2C9082%2C9090%2C9106%2C9114-9115%2C9117%2C9129%2C9131%2C9141%2C9148%2C9155%2C9181%2C9185%2C9289%2C9295%2C9408%2C9413%2C9419%2C9484%2C9487%2C9492%2C9545%2C9558%2C9563%2C9627%2C9657%2C9668%2C9718%2C9791%2C9798%2C9953%2C9959%2C10009%2C10084%2C10283%2C10299%2C10334%2C10374%2C10383%2C10398%2C10405%2C10417%2C10459%2C10590%2C10756%2C10846%2C10911%2C10929%2C10951%2C11062%2C11108%2C11246%2C11261-11264%2C11268%2C11368%2C11371%2C11470
r11545
r11546
r11548
r11564
r11582
r11583
r11584
r11587
r11680
r11692
r11693
r11756
  +dir_prop: branches/qmmp-0.12 svn:mergeinfo /branches/qmmp-0.10:7522%0A/branches/qmmp-1.0:5596%0A/branches/qmmp-1.1:5819%2C5968%2C6043%2C6172%2C6233%2C6442%0A/branches/qmmp-1.2:6799%2C6945%2C6975%2C7173%2C7382%2C7520%0A/branches/qmmp-1.3:8923%2C8932%2C8945%2C8995%2C9009%2C9146%2C9153%2C9158%2C9248%2C9252%2C9300%2C9310%0A/branches/qmmp-1.4:9721%2C9841%0A/branches/qmmp-1.6:10780%2C11271%0A/branches/qmmp-2.0:9926%0A/branches/qmmp-2.1:10879%2C11269%2C11454%2C11538%0A/trunk/qmmp:7783%2C7785%2C7787-7788%2C7792-7793%2C7798%2C7805%2C7807-7811%2C7813%2C7822%2C7824%2C7830%2C7834%2C7838%2C7840%2C7857-7858%2C7876%2C7905%2C7907%2C8019%2C8021-8023%2C8032%2C8036-8037%2C8039%2C8041%2C8047%2C8053-8055%2C8058-8059%2C8061-8062%2C8070%2C8080%2C8092%2C8099-8102%2C8109%2C8141%2C8145%2C8151%2C8192%2C8207%2C8211%2C8213%2C8218%2C8245%2C8247-8248%2C8252%2C8255%2C8259%2C8263%2C8284%2C8293%2C8295-8296%2C8299%2C8305%2C8324%2C8326%2C8353%2C8355%2C8359%2C8382-8383%2C8388-8389%2C8399%2C8401%2C8403%2C8405%2C8418-8419%2C8427%2C8429%2C8435-8436%2C8446%2C8455%2C8459%2C8470%2C8473%2C8479%2C8481%2C8488%2C8490-8491%2C8493%2C8497%2C8504%2C8510-8537%2C8545-8546%2C8550%2C8552%2C8557%2C8588-8589%2C8604%2C8657%2C8659%2C8664-8665%2C8696%2C8708%2C8711%2C8715-8716%2C8719%2C8747%2C8763%2C8778%2C8788%2C8821%2C8830%2C8837%2C8840%2C8843%2C8860-8861%2C8865%2C8869-8870%2C8872%2C8893%2C8897%2C8900%2C8906%2C8910%2C8918%2C8936-8937%2C8941-8942%2C8964%2C8973%2C8992%2C9001-9002%2C9006%2C9012%2C9015%2C9019%2C9022%2C9025%2C9034%2C9056-9058%2C9073%2C9082%2C9090%2C9106%2C9114-9115%2C9117%2C9129%2C9131%2C9141%2C9148%2C9155%2C9181%2C9185%2C9289%2C9295%2C9408%2C9413%2C9419%2C9484%2C9487%2C9492%2C9545%2C9558%2C9563%2C9627%2C9657%2C9668%2C9718%2C9791%2C9798%2C9953%2C9959%2C10009%2C10084%2C10283%2C10299%2C10334%2C10374%2C10383%2C10398%2C10405%2C10417%2C10459%2C10590%2C10756%2C10846%2C10911%2C10929%2C10951%2C11062%2C11108%2C11246%2C11261-11264%2C11268%2C11368%2C11371%2C11470%2C11754
r11759
r11918
r11920
r12042
r12055
  +dir_prop: branches/qmmp-0.12 svn:mergeinfo /branches/qmmp-0.10:7522%0A/branches/qmmp-1.0:5596%0A/branches/qmmp-1.1:5819%2C5968%2C6043%2C6172%2C6233%2C6442%0A/branches/qmmp-1.2:6799%2C6945%2C6975%2C7173%2C7382%2C7520%0A/branches/qmmp-1.3:8923%2C8932%2C8945%2C8995%2C9009%2C9146%2C9153%2C9158%2C9248%2C9252%2C9300%2C9310%0A/branches/qmmp-1.4:9721%2C9841%0A/branches/qmmp-1.6:10780%2C11271%0A/branches/qmmp-2.0:9926%0A/branches/qmmp-2.1:10879%2C11269%2C11454%2C11538%0A/trunk/qmmp:7783%2C7785%2C7787-7788%2C7792-7793%2C7798%2C7805%2C7807-7811%2C7813%2C7822%2C7824%2C7830%2C7834%2C7838%2C7840%2C7857-7858%2C7876%2C7905%2C7907%2C8019%2C8021-8023%2C8032%2C8036-8037%2C8039%2C8041%2C8047%2C8053-8055%2C8058-8059%2C8061-8062%2C8070%2C8080%2C8092%2C8099-8102%2C8109%2C8141%2C8145%2C8151%2C8192%2C8207%2C8211%2C8213%2C8218%2C8245%2C8247-8248%2C8252%2C8255%2C8259%2C8263%2C8284%2C8293%2C8295-8296%2C8299%2C8305%2C8324%2C8326%2C8353%2C8355%2C8359%2C8382-8383%2C8388-8389%2C8399%2C8401%2C8403%2C8405%2C8418-8419%2C8427%2C8429%2C8435-8436%2C8446%2C8455%2C8459%2C8470%2C8473%2C8479%2C8481%2C8488%2C8490-8491%2C8493%2C8497%2C8504%2C8510-8537%2C8545-8546%2C8550%2C8552%2C8557%2C8588-8589%2C8604%2C8657%2C8659%2C8664-8665%2C8696%2C8708%2C8711%2C8715-8716%2C8719%2C8747%2C8763%2C8778%2C8788%2C8821%2C8830%2C8837%2C8840%2C8843%2C8860-8861%2C8865%2C8869-8870%2C8872%2C8893%2C8897%2C8900%2C8906%2C8910%2C8918%2C8936-8937%2C8941-8942%2C8964%2C8973%2C8992%2C9001-9002%2C9006%2C9012%2C9015%2C9019%2C9022%2C9025%2C9034%2C9056-9058%2C9073%2C9082%2C9090%2C9106%2C9114-9115%2C9117%2C9129%2C9131%2C9141%2C9148%2C9155%2C9181%2C9185%2C9289%2C9295%2C9408%2C9413%2C9419%2C9484%2C9487%2C9492%2C9545%2C9558%2C9563%2C9627%2C9657%2C9668%2C9718%2C9791%2C9798%2C9953%2C9959%2C10009%2C10084%2C10283%2C10299%2C10334%2C10374%2C10383%2C10398%2C10405%2C10417%2C10459%2C10590%2C10756%2C10846%2C10911%2C10929%2C10951%2C11062%2C11108%2C11246%2C11261-11264%2C11268%2C11368%2C11371%2C11470%2C11754%2C12046
r12059
r12075
r12076
r12077
r12092
r12093
r12103
r12112
r12179
  +dir_prop: branches/qmmp-0.12 svn:mergeinfo /branches/qmmp-0.10:7522%0A/branches/qmmp-1.0:5596%0A/branches/qmmp-1.1:5819%2C5968%2C6043%2C6172%2C6233%2C6442%0A/branches/qmmp-1.2:6799%2C6945%2C6975%2C7173%2C7382%2C7520%0A/branches/qmmp-1.3:8923%2C8932%2C8945%2C8995%2C9009%2C9146%2C9153%2C9158%2C9248%2C9252%2C9300%2C9310%0A/branches/qmmp-1.4:9721%2C9841%0A/branches/qmmp-1.6:10780%2C11271%0A/branches/qmmp-2.0:9926%0A/branches/qmmp-2.1:10879%2C11269%2C11454%2C11538%0A/trunk/qmmp:7783%2C7785%2C7787-7788%2C7792-7793%2C7798%2C7805%2C7807-7811%2C7813%2C7822%2C7824%2C7830%2C7834%2C7838%2C7840%2C7857-7858%2C7876%2C7905%2C7907%2C8019%2C8021-8023%2C8032%2C8036-8037%2C8039%2C8041%2C8047%2C8053-8055%2C8058-8059%2C8061-8062%2C8070%2C8080%2C8092%2C8099-8102%2C8109%2C8141%2C8145%2C8151%2C8192%2C8207%2C8211%2C8213%2C8218%2C8245%2C8247-8248%2C8252%2C8255%2C8259%2C8263%2C8284%2C8293%2C8295-8296%2C8299%2C8305%2C8324%2C8326%2C8353%2C8355%2C8359%2C8382-8383%2C8388-8389%2C8399%2C8401%2C8403%2C8405%2C8418-8419%2C8427%2C8429%2C8435-8436%2C8446%2C8455%2C8459%2C8470%2C8473%2C8479%2C8481%2C8488%2C8490-8491%2C8493%2C8497%2C8504%2C8510-8537%2C8545-8546%2C8550%2C8552%2C8557%2C8588-8589%2C8604%2C8657%2C8659%2C8664-8665%2C8696%2C8708%2C8711%2C8715-8716%2C8719%2C8747%2C8763%2C8778%2C8788%2C8821%2C8830%2C8837%2C8840%2C8843%2C8860-8861%2C8865%2C8869-8870%2C8872%2C8893%2C8897%2C8900%2C8906%2C8910%2C8918%2C8936-8937%2C8941-8942%2C8964%2C8973%2C8992%2C9001-9002%2C9006%2C9012%2C9015%2C9019%2C9022%2C9025%2C9034%2C9056-9058%2C9073%2C9082%2C9090%2C9106%2C9114-9115%2C9117%2C9129%2C9131%2C9141%2C9148%2C9155%2C9181%2C9185%2C9289%2C9295%2C9408%2C9413%2C9419%2C9484%2C9487%2C9492%2C9545%2C9558%2C9563%2C9627%2C9657%2C9668%2C9718%2C9791%2C9798%2C9953%2C9959%2C10009%2C10084%2C10283%2C10299%2C10334%2C10374%2C10383%2C10398%2C10405%2C10417%2C10459%2C10590%2C10756%2C10846%2C10911%2C10929%2C10951%2C11062%2C11108%2C11246%2C11261-11264%2C11268%2C11368%2C11371%2C11470%2C11754%2C12046%2C12176
r12209
r12244
r12252
  +dir_prop: branches/qmmp-0.12 svn:mergeinfo /branches/qmmp-0.10:7522%0A/branches/qmmp-1.0:5596%0A/branches/qmmp-1.1:5819%2C5968%2C6043%2C6172%2C6233%2C6442%0A/branches/qmmp-1.2:6799%2C6945%2C6975%2C7173%2C7382%2C7520%0A/branches/qmmp-1.3:8923%2C8932%2C8945%2C8995%2C9009%2C9146%2C9153%2C9158%2C9248%2C9252%2C9300%2C9310%0A/branches/qmmp-1.4:9721%2C9841%0A/branches/qmmp-1.6:10780%2C11271%0A/branches/qmmp-2.0:9926%0A/branches/qmmp-2.1:10879%2C11269%2C11454%2C11538%0A/trunk/qmmp:7783%2C7785%2C7787-7788%2C7792-7793%2C7798%2C7805%2C7807-7811%2C7813%2C7822%2C7824%2C7830%2C7834%2C7838%2C7840%2C7857-7858%2C7876%2C7905%2C7907%2C8019%2C8021-8023%2C8032%2C8036-8037%2C8039%2C8041%2C8047%2C8053-8055%2C8058-8059%2C8061-8062%2C8070%2C8080%2C8092%2C8099-8102%2C8109%2C8141%2C8145%2C8151%2C8192%2C8207%2C8211%2C8213%2C8218%2C8245%2C8247-8248%2C8252%2C8255%2C8259%2C8263%2C8284%2C8293%2C8295-8296%2C8299%2C8305%2C8324%2C8326%2C8353%2C8355%2C8359%2C8382-8383%2C8388-8389%2C8399%2C8401%2C8403%2C8405%2C8418-8419%2C8427%2C8429%2C8435-8436%2C8446%2C8455%2C8459%2C8470%2C8473%2C8479%2C8481%2C8488%2C8490-8491%2C8493%2C8497%2C8504%2C8510-8537%2C8545-8546%2C8550%2C8552%2C8557%2C8588-8589%2C8604%2C8657%2C8659%2C8664-8665%2C8696%2C8708%2C8711%2C8715-8716%2C8719%2C8747%2C8763%2C8778%2C8788%2C8821%2C8830%2C8837%2C8840%2C8843%2C8860-8861%2C8865%2C8869-8870%2C8872%2C8893%2C8897%2C8900%2C8906%2C8910%2C8918%2C8936-8937%2C8941-8942%2C8964%2C8973%2C8992%2C9001-9002%2C9006%2C9012%2C9015%2C9019%2C9022%2C9025%2C9034%2C9056-9058%2C9073%2C9082%2C9090%2C9106%2C9114-9115%2C9117%2C9129%2C9131%2C9141%2C9148%2C9155%2C9181%2C9185%2C9289%2C9295%2C9408%2C9413%2C9419%2C9484%2C9487%2C9492%2C9545%2C9558%2C9563%2C9627%2C9657%2C9668%2C9718%2C9791%2C9798%2C9953%2C9959%2C10009%2C10084%2C10283%2C10299%2C10334%2C10374%2C10383%2C10398%2C10405%2C10417%2C10459%2C10590%2C10756%2C10846%2C10911%2C10929%2C10951%2C11062%2C11108%2C11246%2C11261-11264%2C11268%2C11368%2C11371%2C11470%2C11754%2C12046%2C12176%2C12249
r12255
r12261
r12262
r12265
r12267
r12521
r12522
r12523
r12524
r12525
r12526
r12530
r12531
r12532
r12554
r12560
r12688
r12689
r12698
r12733
r12820
r12832
  +dir_prop: branches/qmmp-0.12 svn:mergeinfo /branches/qmmp-0.10:7522%0A/branches/qmmp-1.0:5596%0A/branches/qmmp-1.1:5819%2C5968%2C6043%2C6172%2C6233%2C6442%0A/branches/qmmp-1.2:6799%2C6945%2C6975%2C7173%2C7382%2C7520%0A/branches/qmmp-1.3:8923%2C8932%2C8945%2C8995%2C9009%2C9146%2C9153%2C9158%2C9248%2C9252%2C9300%2C9310%0A/branches/qmmp-1.4:9721%2C9841%0A/branches/qmmp-1.6:10780%2C11271%0A/branches/qmmp-1.7:12760%0A/branches/qmmp-2.0:9926%0A/branches/qmmp-2.1:10879%2C11269%2C11454%2C11538%0A/trunk/qmmp:7783%2C7785%2C7787-7788%2C7792-7793%2C7798%2C7805%2C7807-7811%2C7813%2C7822%2C7824%2C7830%2C7834%2C7838%2C7840%2C7857-7858%2C7876%2C7905%2C7907%2C8019%2C8021-8023%2C8032%2C8036-8037%2C8039%2C8041%2C8047%2C8053-8055%2C8058-8059%2C8061-8062%2C8070%2C8080%2C8092%2C8099-8102%2C8109%2C8141%2C8145%2C8151%2C8192%2C8207%2C8211%2C8213%2C8218%2C8245%2C8247-8248%2C8252%2C8255%2C8259%2C8263%2C8284%2C8293%2C8295-8296%2C8299%2C8305%2C8324%2C8326%2C8353%2C8355%2C8359%2C8382-8383%2C8388-8389%2C8399%2C8401%2C8403%2C8405%2C8418-8419%2C8427%2C8429%2C8435-8436%2C8446%2C8455%2C8459%2C8470%2C8473%2C8479%2C8481%2C8488%2C8490-8491%2C8493%2C8497%2C8504%2C8510-8537%2C8545-8546%2C8550%2C8552%2C8557%2C8588-8589%2C8604%2C8657%2C8659%2C8664-8665%2C8696%2C8708%2C8711%2C8715-8716%2C8719%2C8747%2C8763%2C8778%2C8788%2C8821%2C8830%2C8837%2C8840%2C8843%2C8860-8861%2C8865%2C8869-8870%2C8872%2C8893%2C8897%2C8900%2C8906%2C8910%2C8918%2C8936-8937%2C8941-8942%2C8964%2C8973%2C8992%2C9001-9002%2C9006%2C9012%2C9015%2C9019%2C9022%2C9025%2C9034%2C9056-9058%2C9073%2C9082%2C9090%2C9106%2C9114-9115%2C9117%2C9129%2C9131%2C9141%2C9148%2C9155%2C9181%2C9185%2C9289%2C9295%2C9408%2C9413%2C9419%2C9484%2C9487%2C9492%2C9545%2C9558%2C9563%2C9627%2C9657%2C9668%2C9718%2C9791%2C9798%2C9953%2C9959%2C10009%2C10084%2C10283%2C10299%2C10334%2C10374%2C10383%2C10398%2C10405%2C10417%2C10459%2C10590%2C10756%2C10846%2C10911%2C10929%2C10951%2C11062%2C11108%2C11246%2C11261-11264%2C11268%2C11368%2C11371%2C11470%2C11754%2C12046%2C12176%2C12249
r12833
r12838
  +dir_prop: branches/qmmp-0.12 svn:mergeinfo /branches/qmmp-0.10:7522%0A/branches/qmmp-1.0:5596%0A/branches/qmmp-1.1:5819%2C5968%2C6043%2C6172%2C6233%2C6442%0A/branches/qmmp-1.2:6799%2C6945%2C6975%2C7173%2C7382%2C7520%0A/branches/qmmp-1.3:8923%2C8932%2C8945%2C8995%2C9009%2C9146%2C9153%2C9158%2C9248%2C9252%2C9300%2C9310%0A/branches/qmmp-1.4:9721%2C9841%0A/branches/qmmp-1.6:10780%2C11271%0A/branches/qmmp-1.7:12760%0A/branches/qmmp-2.0:9926%0A/branches/qmmp-2.1:10879%2C11269%2C11454%2C11538%0A/trunk/qmmp:7783%2C7785%2C7787-7788%2C7792-7793%2C7798%2C7805%2C7807-7811%2C7813%2C7822%2C7824%2C7830%2C7834%2C7838%2C7840%2C7857-7858%2C7876%2C7905%2C7907%2C8019%2C8021-8023%2C8032%2C8036-8037%2C8039%2C8041%2C8047%2C8053-8055%2C8058-8059%2C8061-8062%2C8070%2C8080%2C8092%2C8099-8102%2C8109%2C8141%2C8145%2C8151%2C8192%2C8207%2C8211%2C8213%2C8218%2C8245%2C8247-8248%2C8252%2C8255%2C8259%2C8263%2C8284%2C8293%2C8295-8296%2C8299%2C8305%2C8324%2C8326%2C8353%2C8355%2C8359%2C8382-8383%2C8388-8389%2C8399%2C8401%2C8403%2C8405%2C8418-8419%2C8427%2C8429%2C8435-8436%2C8446%2C8455%2C8459%2C8470%2C8473%2C8479%2C8481%2C8488%2C8490-8491%2C8493%2C8497%2C8504%2C8510-8537%2C8545-8546%2C8550%2C8552%2C8557%2C8588-8589%2C8604%2C8657%2C8659%2C8664-8665%2C8696%2C8708%2C8711%2C8715-8716%2C8719%2C8747%2C8763%2C8778%2C8788%2C8821%2C8830%2C8837%2C8840%2C8843%2C8860-8861%2C8865%2C8869-8870%2C8872%2C8893%2C8897%2C8900%2C8906%2C8910%2C8918%2C8936-8937%2C8941-8942%2C8964%2C8973%2C8992%2C9001-9002%2C9006%2C9012%2C9015%2C9019%2C9022%2C9025%2C9034%2C9056-9058%2C9073%2C9082%2C9090%2C9106%2C9114-9115%2C9117%2C9129%2C9131%2C9141%2C9148%2C9155%2C9181%2C9185%2C9289%2C9295%2C9408%2C9413%2C9419%2C9484%2C9487%2C9492%2C9545%2C9558%2C9563%2C9627%2C9657%2C9668%2C9718%2C9791%2C9798%2C9953%2C9959%2C10009%2C10084%2C10283%2C10299%2C10334%2C10374%2C10383%2C10398%2C10405%2C10417%2C10459%2C10590%2C10756%2C10846%2C10911%2C10929%2C10951%2C11062%2C11108%2C11246%2C11261-11264%2C11268%2C11368%2C11371%2C11470%2C11754%2C12046%2C12176%2C12249%2C12834
r12839
r12840
r12881
  +dir_prop: branches/qmmp-0.12 svn:mergeinfo /branches/qmmp-0.10:7522%0A/branches/qmmp-1.0:5596%0A/branches/qmmp-1.1:5819%2C5968%2C6043%2C6172%2C6233%2C6442%0A/branches/qmmp-1.2:6799%2C6945%2C6975%2C7173%2C7382%2C7520%0A/branches/qmmp-1.3:8923%2C8932%2C8945%2C8995%2C9009%2C9146%2C9153%2C9158%2C9248%2C9252%2C9300%2C9310%0A/branches/qmmp-1.4:9721%2C9841%0A/branches/qmmp-1.6:10780%2C11271%0A/branches/qmmp-1.7:12760%0A/branches/qmmp-2.0:9926%0A/branches/qmmp-2.1:10879%2C11269%2C11454%2C11538%0A/trunk/qmmp:7783%2C7785%2C7787-7788%2C7792-7793%2C7798%2C7805%2C7807-7811%2C7813%2C7822%2C7824%2C7830%2C7834%2C7838%2C7840%2C7857-7858%2C7876%2C7905%2C7907%2C8019%2C8021-8023%2C8032%2C8036-8037%2C8039%2C8041%2C8047%2C8053-8055%2C8058-8059%2C8061-8062%2C8070%2C8080%2C8092%2C8099-8102%2C8109%2C8141%2C8145%2C8151%2C8192%2C8207%2C8211%2C8213%2C8218%2C8245%2C8247-8248%2C8252%2C8255%2C8259%2C8263%2C8284%2C8293%2C8295-8296%2C8299%2C8305%2C8324%2C8326%2C8353%2C8355%2C8359%2C8382-8383%2C8388-8389%2C8399%2C8401%2C8403%2C8405%2C8418-8419%2C8427%2C8429%2C8435-8436%2C8446%2C8455%2C8459%2C8470%2C8473%2C8479%2C8481%2C8488%2C8490-8491%2C8493%2C8497%2C8504%2C8510-8537%2C8545-8546%2C8550%2C8552%2C8557%2C8588-8589%2C8604%2C8657%2C8659%2C8664-8665%2C8696%2C8708%2C8711%2C8715-8716%2C8719%2C8747%2C8763%2C8778%2C8788%2C8821%2C8830%2C8837%2C8840%2C8843%2C8860-8861%2C8865%2C8869-8870%2C8872%2C8893%2C8897%2C8900%2C8906%2C8910%2C8918%2C8936-8937%2C8941-8942%2C8964%2C8973%2C8992%2C9001-9002%2C9006%2C9012%2C9015%2C9019%2C9022%2C9025%2C9034%2C9056-9058%2C9073%2C9082%2C9090%2C9106%2C9114-9115%2C9117%2C9129%2C9131%2C9141%2C9148%2C9155%2C9181%2C9185%2C9289%2C9295%2C9408%2C9413%2C9419%2C9484%2C9487%2C9492%2C9545%2C9558%2C9563%2C9627%2C9657%2C9668%2C9718%2C9791%2C9798%2C9953%2C9959%2C10009%2C10084%2C10283%2C10299%2C10334%2C10374%2C10383%2C10398%2C10405%2C10417%2C10459%2C10590%2C10756%2C10846%2C10911%2C10929%2C10951%2C11062%2C11108%2C11246%2C11261-11264%2C11268%2C11368%2C11371%2C11470%2C11754%2C12046%2C12176%2C12249%2C12834%2C12878
r12914
r12933
r12977
r13013
r13099
  +dir_prop: branches/qmmp-0.12 svn:mergeinfo /branches/qmmp-0.10:7522%0A/branches/qmmp-1.0:5596%0A/branches/qmmp-1.1:5819%2C5968%2C6043%2C6172%2C6233%2C6442%0A/branches/qmmp-1.2:6799%2C6945%2C6975%2C7173%2C7382%2C7520%0A/branches/qmmp-1.3:8923%2C8932%2C8945%2C8995%2C9009%2C9146%2C9153%2C9158%2C9248%2C9252%2C9300%2C9310%0A/branches/qmmp-1.4:9721%2C9841%0A/branches/qmmp-1.6:10780%2C11271%0A/branches/qmmp-1.7:12760%2C13098%0A/branches/qmmp-2.0:9926%0A/branches/qmmp-2.1:10879%2C11269%2C11454%2C11538%0A/branches/qmmp-2.3:13097%0A/trunk/qmmp:7783%2C7785%2C7787-7788%2C7792-7793%2C7798%2C7805%2C7807-7811%2C7813%2C7822%2C7824%2C7830%2C7834%2C7838%2C7840%2C7857-7858%2C7876%2C7905%2C7907%2C8019%2C8021-8023%2C8032%2C8036-8037%2C8039%2C8041%2C8047%2C8053-8055%2C8058-8059%2C8061-8062%2C8070%2C8080%2C8092%2C8099-8102%2C8109%2C8141%2C8145%2C8151%2C8192%2C8207%2C8211%2C8213%2C8218%2C8245%2C8247-8248%2C8252%2C8255%2C8259%2C8263%2C8284%2C8293%2C8295-8296%2C8299%2C8305%2C8324%2C8326%2C8353%2C8355%2C8359%2C8382-8383%2C8388-8389%2C8399%2C8401%2C8403%2C8405%2C8418-8419%2C8427%2C8429%2C8435-8436%2C8446%2C8455%2C8459%2C8470%2C8473%2C8479%2C8481%2C8488%2C8490-8491%2C8493%2C8497%2C8504%2C8510-8537%2C8545-8546%2C8550%2C8552%2C8557%2C8588-8589%2C8604%2C8657%2C8659%2C8664-8665%2C8696%2C8708%2C8711%2C8715-8716%2C8719%2C8747%2C8763%2C8778%2C8788%2C8821%2C8830%2C8837%2C8840%2C8843%2C8860-8861%2C8865%2C8869-8870%2C8872%2C8893%2C8897%2C8900%2C8906%2C8910%2C8918%2C8936-8937%2C8941-8942%2C8964%2C8973%2C8992%2C9001-9002%2C9006%2C9012%2C9015%2C9019%2C9022%2C9025%2C9034%2C9056-9058%2C9073%2C9082%2C9090%2C9106%2C9114-9115%2C9117%2C9129%2C9131%2C9141%2C9148%2C9155%2C9181%2C9185%2C9289%2C9295%2C9408%2C9413%2C9419%2C9484%2C9487%2C9492%2C9545%2C9558%2C9563%2C9627%2C9657%2C9668%2C9718%2C9791%2C9798%2C9953%2C9959%2C10009%2C10084%2C10283%2C10299%2C10334%2C10374%2C10383%2C10398%2C10405%2C10417%2C10459%2C10590%2C10756%2C10846%2C10911%2C10929%2C10951%2C11062%2C11108%2C11246%2C11261-11264%2C11268%2C11368%2C11371%2C11470%2C11754%2C12046%2C12176%2C12249%2C12834%2C12878%2C13090-13091%2C13094
r13100
r13101
r13110
r13148
r13149
r13198
